2023-04-17 23:10:11,573 - logger.py:50 - Namespace(amp=False, batch_size=128, clip_grad=None, compute_stats=False, cooldown_epochs=10, data_path='datasets/mp_py_cut12', decay_epochs=30, decay_rate=0.1, dist_url='env://', distributed=False, drop_path=0.0, epochs=300, feature_type='crystalnet', input_irreps='100x0e', local_rank=0, loss='l1', lr=0.0005, lr_noise=None, lr_noise_pct=0.67, lr_noise_std=1.0, min_lr=1e-06, model_ema=False, model_ema_decay=0.9999, model_ema_force_cpu=False, model_name='graph_attention_transformer_nonlinear_l2_e3', momentum=0.9, num_basis=128, opt='adamw', opt_betas=None, opt_eps=1e-08, output_channels=1, output_dir='models/mp/target_1/', patience_epochs=10, pin_mem=True, print_freq=100, radius=5.0, rank=0, sched='cosine', seed=0, standardize=True, target=1, warmup_epochs=5, warmup_lr=1e-06, weight_decay=0.001, workers=4, world_size=1)
2023-04-17 23:10:22,185 - logger.py:50 - Training set mean: 1.346459150314331, std:1.6228958368301392
2023-04-17 23:10:33,984 - logger.py:50 - GraphAttentionTransformer(
  (atom_embed): NodeEmbeddingNetwork(
    (atom_type_lin): LinearRS(
      (tp): TensorProduct(100x0e x 1x0e -> 128x0e+32x0o+32x1e+32x1o+16x2e+16x2o | 12800 paths | 12800 weights)
      (bias): ParameterList(  (0): Parameter containing: [torch.FloatTensor of size 128])
    )
  )
  (rbf): GaussianRadialBasisLayer(mean_init_max=1.0, mean_init_min=0, std_init_max=1.0, std_init_min=0.0078125)
  (edge_deg_embed): EdgeDegreeEmbeddingNetwork(
    (exp): LinearRS(
      (tp): TensorProduct(1x0e x 1x0e -> 128x0e+32x0o+32x1e+32x1o+16x2e+16x2o | 128 paths | 128 weights)
      (bias): ParameterList(  (0): Parameter containing: [torch.FloatTensor of size 128])
    )
    (dw): TensorProductRescale(
      (tp): TensorProduct(128x0e+32x0o+32x1e+32x1o+16x2e+16x2o x 1x0e+1x1o+1x2e -> 176x0e+80x0o+160x1e+256x1o+240x2e+144x2o | 1056 paths | 1056 weights)
      (bias): ParameterList()
    )
    (rad): RadialProfile(
      (net): Sequential(
        (0): Linear(in_features=128, out_features=64, bias=True)
        (1): LayerNorm((64,), eps=1e-05, elementwise_affine=True)
        (2): SiLU()
        (3): Linear(in_features=64, out_features=64, bias=True)
        (4): LayerNorm((64,), eps=1e-05, elementwise_affine=True)
        (5): SiLU()
        (6): Linear(in_features=64, out_features=1056, bias=False)
      )
    )
    (proj): LinearRS(
      (tp): TensorProduct(176x0e+80x0o+160x1e+256x1o+240x2e+144x2o x 1x0e -> 128x0e+32x0o+32x1e+32x1o+16x2e+16x2o | 44544 paths | 44544 weights)
      (bias): ParameterList(  (0): Parameter containing: [torch.FloatTensor of size 128])
    )
    (scale_scatter): ScaledScatter(avg_aggregate_num=34.29242574467496)
  )
  (blocks): ModuleList(
    (0): TransBlock(
      (norm_1): EquivariantLayerNormV2(128x0e+32x0o+32x1e+32x1o+16x2e+16x2o, eps=1e-05)
      (ga): GraphAttention(
        rescale_degree=False, 
        (merge_src): LinearRS(
          (tp): TensorProduct(128x0e+32x0o+32x1e+32x1o+16x2e+16x2o x 1x0e -> 128x0e+32x0o+32x1e+32x1o+16x2e+16x2o | 19968 paths | 19968 weights)
          (bias): ParameterList(  (0): Parameter containing: [torch.FloatTensor of size 128])
        )
        (merge_dst): LinearRS(
          (tp): TensorProduct(128x0e+32x0o+32x1e+32x1o+16x2e+16x2o x 1x0e -> 128x0e+32x0o+32x1e+32x1o+16x2e+16x2o | 19968 paths | 19968 weights)
          (bias): ParameterList()
        )
        (sep_act): SeparableFCTP(
          (dtp): TensorProductRescale(
            (tp): TensorProduct(128x0e+32x0o+32x1e+32x1o+16x2e+16x2o x 1x0e+1x1o+1x2e -> 176x0e+80x0o+160x1e+256x1o+240x2e+144x2o | 1056 paths | 1056 weights)
            (bias): ParameterList()
          )
          (dtp_rad): RadialProfile(
            (net): Sequential(
              (0): Linear(in_features=128, out_features=64, bias=True)
              (1): LayerNorm((64,), eps=1e-05, elementwise_affine=True)
              (2): SiLU()
              (3): Linear(in_features=64, out_features=64, bias=True)
              (4): LayerNorm((64,), eps=1e-05, elementwise_affine=True)
              (5): SiLU()
              (6): Linear(in_features=64, out_features=1056, bias=False)
            )
          )
          (lin): LinearRS(
            (tp): TensorProduct(176x0e+80x0o+160x1e+256x1o+240x2e+144x2o x 1x0e -> 256x0e+32x0o+32x1e+32x1o+16x2e+16x2o | 67072 paths | 67072 weights)
            (bias): ParameterList(  (0): Parameter containing: [torch.FloatTensor of size 256])
          )
          (gate): Gate (256x0e+32x0o+32x1e+32x1o+16x2e+16x2o -> 128x0e+32x0o+32x1e+32x1o+16x2e+16x2o)
        )
        (sep_alpha): LinearRS(
          (tp): TensorProduct(176x0e+80x0o+160x1e+256x1o+240x2e+144x2o x 1x0e -> 256x0e | 45056 paths | 45056 weights)
          (bias): ParameterList(  (0): Parameter containing: [torch.FloatTensor of size 256])
        )
        (sep_value): SeparableFCTP(
          (dtp): TensorProductRescale(
            (tp): TensorProduct(128x0e+32x0o+32x1e+32x1o+16x2e+16x2o x 1x0e+1x1o+1x2e -> 176x0e+80x0o+160x1e+256x1o+240x2e+144x2o | 1056 paths | 1056 weights)
            (bias): ParameterList()
          )
          (lin): LinearRS(
            (tp): TensorProduct(176x0e+80x0o+160x1e+256x1o+240x2e+144x2o x 1x0e -> 256x0e+64x0o+64x1e+64x1o+32x2e+32x2o | 89088 paths | 89088 weights)
            (bias): ParameterList(  (0): Parameter containing: [torch.FloatTensor of size 256])
          )
        )
        (vec2heads_alpha): Vec2AttnHeads(irreps_head=32x0e, num_heads=8)
        (vec2heads_value): Vec2AttnHeads(irreps_head=32x0e+8x0o+8x1e+8x1o+4x2e+4x2o, num_heads=8)
        (alpha_act): Activation(
          32x0e -> 32x0e, 
          (acts): ModuleList(
            (0): normalize2mom(
              (f): SmoothLeakyReLU(negative_slope=0.2)
            )
          )
        )
        (heads2vec): AttnHeads2Vec(irreps_head=32x0e+8x0o+8x1e+8x1o+4x2e+4x2o)
        (alpha_dropout): Dropout(p=0.2, inplace=False)
        (proj): LinearRS(
          (tp): TensorProduct(256x0e+64x0o+64x1e+64x1o+32x2e+32x2o x 1x0e -> 128x0e+32x0o+32x1e+32x1o+16x2e+16x2o | 39936 paths | 39936 weights)
          (bias): ParameterList(  (0): Parameter containing: [torch.FloatTensor of size 128])
        )
      )
      (norm_2): EquivariantLayerNormV2(128x0e+32x0o+32x1e+32x1o+16x2e+16x2o, eps=1e-05)
      (ffn): FeedForwardNetwork(
        (fctp_1): FullyConnectedTensorProductRescaleSwishGate(
          (tp): TensorProduct(128x0e+32x0o+32x1e+32x1o+16x2e+16x2o x 1x0e -> 768x0e+96x0o+96x1e+96x1o+48x2e+48x2o | 109056 paths | 109056 weights)
          (bias): ParameterList(  (0): Parameter containing: [torch.FloatTensor of size 768])
          (gate): Gate (768x0e+96x0o+96x1e+96x1o+48x2e+48x2o -> 384x0e+96x0o+96x1e+96x1o+48x2e+48x2o)
        )
        (fctp_2): FullyConnectedTensorProductRescale(
          (tp): TensorProduct(384x0e+96x0o+96x1e+96x1o+48x2e+48x2o x 1x0e -> 128x0e+32x0o+32x1e+32x1o+16x2e+16x2o | 59904 paths | 59904 weights)
          (bias): ParameterList(  (0): Parameter containing: [torch.FloatTensor of size 128])
        )
      )
    )
    (1): TransBlock(
      (norm_1): EquivariantLayerNormV2(128x0e+32x0o+32x1e+32x1o+16x2e+16x2o, eps=1e-05)
      (ga): GraphAttention(
        rescale_degree=False, 
        (merge_src): LinearRS(
          (tp): TensorProduct(128x0e+32x0o+32x1e+32x1o+16x2e+16x2o x 1x0e -> 128x0e+32x0o+32x1e+32x1o+16x2e+16x2o | 19968 paths | 19968 weights)
          (bias): ParameterList(  (0): Parameter containing: [torch.FloatTensor of size 128])
        )
        (merge_dst): LinearRS(
          (tp): TensorProduct(128x0e+32x0o+32x1e+32x1o+16x2e+16x2o x 1x0e -> 128x0e+32x0o+32x1e+32x1o+16x2e+16x2o | 19968 paths | 19968 weights)
          (bias): ParameterList()
        )
        (sep_act): SeparableFCTP(
          (dtp): TensorProductRescale(
            (tp): TensorProduct(128x0e+32x0o+32x1e+32x1o+16x2e+16x2o x 1x0e+1x1o+1x2e -> 176x0e+80x0o+160x1e+256x1o+240x2e+144x2o | 1056 paths | 1056 weights)
            (bias): ParameterList()
          )
          (dtp_rad): RadialProfile(
            (net): Sequential(
              (0): Linear(in_features=128, out_features=64, bias=True)
              (1): LayerNorm((64,), eps=1e-05, elementwise_affine=True)
              (2): SiLU()
              (3): Linear(in_features=64, out_features=64, bias=True)
              (4): LayerNorm((64,), eps=1e-05, elementwise_affine=True)
              (5): SiLU()
              (6): Linear(in_features=64, out_features=1056, bias=False)
            )
          )
          (lin): LinearRS(
            (tp): TensorProduct(176x0e+80x0o+160x1e+256x1o+240x2e+144x2o x 1x0e -> 256x0e+32x0o+32x1e+32x1o+16x2e+16x2o | 67072 paths | 67072 weights)
            (bias): ParameterList(  (0): Parameter containing: [torch.FloatTensor of size 256])
          )
          (gate): Gate (256x0e+32x0o+32x1e+32x1o+16x2e+16x2o -> 128x0e+32x0o+32x1e+32x1o+16x2e+16x2o)
        )
        (sep_alpha): LinearRS(
          (tp): TensorProduct(176x0e+80x0o+160x1e+256x1o+240x2e+144x2o x 1x0e -> 256x0e | 45056 paths | 45056 weights)
          (bias): ParameterList(  (0): Parameter containing: [torch.FloatTensor of size 256])
        )
        (sep_value): SeparableFCTP(
          (dtp): TensorProductRescale(
            (tp): TensorProduct(128x0e+32x0o+32x1e+32x1o+16x2e+16x2o x 1x0e+1x1o+1x2e -> 176x0e+80x0o+160x1e+256x1o+240x2e+144x2o | 1056 paths | 1056 weights)
            (bias): ParameterList()
          )
          (lin): LinearRS(
            (tp): TensorProduct(176x0e+80x0o+160x1e+256x1o+240x2e+144x2o x 1x0e -> 256x0e+64x0o+64x1e+64x1o+32x2e+32x2o | 89088 paths | 89088 weights)
            (bias): ParameterList(  (0): Parameter containing: [torch.FloatTensor of size 256])
          )
        )
        (vec2heads_alpha): Vec2AttnHeads(irreps_head=32x0e, num_heads=8)
        (vec2heads_value): Vec2AttnHeads(irreps_head=32x0e+8x0o+8x1e+8x1o+4x2e+4x2o, num_heads=8)
        (alpha_act): Activation(
          32x0e -> 32x0e, 
          (acts): ModuleList(
            (0): normalize2mom(
              (f): SmoothLeakyReLU(negative_slope=0.2)
            )
          )
        )
        (heads2vec): AttnHeads2Vec(irreps_head=32x0e+8x0o+8x1e+8x1o+4x2e+4x2o)
        (alpha_dropout): Dropout(p=0.2, inplace=False)
        (proj): LinearRS(
          (tp): TensorProduct(256x0e+64x0o+64x1e+64x1o+32x2e+32x2o x 1x0e -> 128x0e+32x0o+32x1e+32x1o+16x2e+16x2o | 39936 paths | 39936 weights)
          (bias): ParameterList(  (0): Parameter containing: [torch.FloatTensor of size 128])
        )
      )
      (norm_2): EquivariantLayerNormV2(128x0e+32x0o+32x1e+32x1o+16x2e+16x2o, eps=1e-05)
      (ffn): FeedForwardNetwork(
        (fctp_1): FullyConnectedTensorProductRescaleSwishGate(
          (tp): TensorProduct(128x0e+32x0o+32x1e+32x1o+16x2e+16x2o x 1x0e -> 768x0e+96x0o+96x1e+96x1o+48x2e+48x2o | 109056 paths | 109056 weights)
          (bias): ParameterList(  (0): Parameter containing: [torch.FloatTensor of size 768])
          (gate): Gate (768x0e+96x0o+96x1e+96x1o+48x2e+48x2o -> 384x0e+96x0o+96x1e+96x1o+48x2e+48x2o)
        )
        (fctp_2): FullyConnectedTensorProductRescale(
          (tp): TensorProduct(384x0e+96x0o+96x1e+96x1o+48x2e+48x2o x 1x0e -> 128x0e+32x0o+32x1e+32x1o+16x2e+16x2o | 59904 paths | 59904 weights)
          (bias): ParameterList(  (0): Parameter containing: [torch.FloatTensor of size 128])
        )
      )
    )
    (2): TransBlock(
      (norm_1): EquivariantLayerNormV2(128x0e+32x0o+32x1e+32x1o+16x2e+16x2o, eps=1e-05)
      (ga): GraphAttention(
        rescale_degree=False, 
        (merge_src): LinearRS(
          (tp): TensorProduct(128x0e+32x0o+32x1e+32x1o+16x2e+16x2o x 1x0e -> 128x0e+32x0o+32x1e+32x1o+16x2e+16x2o | 19968 paths | 19968 weights)
          (bias): ParameterList(  (0): Parameter containing: [torch.FloatTensor of size 128])
        )
        (merge_dst): LinearRS(
          (tp): TensorProduct(128x0e+32x0o+32x1e+32x1o+16x2e+16x2o x 1x0e -> 128x0e+32x0o+32x1e+32x1o+16x2e+16x2o | 19968 paths | 19968 weights)
          (bias): ParameterList()
        )
        (sep_act): SeparableFCTP(
          (dtp): TensorProductRescale(
            (tp): TensorProduct(128x0e+32x0o+32x1e+32x1o+16x2e+16x2o x 1x0e+1x1o+1x2e -> 176x0e+80x0o+160x1e+256x1o+240x2e+144x2o | 1056 paths | 1056 weights)
            (bias): ParameterList()
          )
          (dtp_rad): RadialProfile(
            (net): Sequential(
              (0): Linear(in_features=128, out_features=64, bias=True)
              (1): LayerNorm((64,), eps=1e-05, elementwise_affine=True)
              (2): SiLU()
              (3): Linear(in_features=64, out_features=64, bias=True)
              (4): LayerNorm((64,), eps=1e-05, elementwise_affine=True)
              (5): SiLU()
              (6): Linear(in_features=64, out_features=1056, bias=False)
            )
          )
          (lin): LinearRS(
            (tp): TensorProduct(176x0e+80x0o+160x1e+256x1o+240x2e+144x2o x 1x0e -> 256x0e+32x0o+32x1e+32x1o+16x2e+16x2o | 67072 paths | 67072 weights)
            (bias): ParameterList(  (0): Parameter containing: [torch.FloatTensor of size 256])
          )
          (gate): Gate (256x0e+32x0o+32x1e+32x1o+16x2e+16x2o -> 128x0e+32x0o+32x1e+32x1o+16x2e+16x2o)
        )
        (sep_alpha): LinearRS(
          (tp): TensorProduct(176x0e+80x0o+160x1e+256x1o+240x2e+144x2o x 1x0e -> 256x0e | 45056 paths | 45056 weights)
          (bias): ParameterList(  (0): Parameter containing: [torch.FloatTensor of size 256])
        )
        (sep_value): SeparableFCTP(
          (dtp): TensorProductRescale(
            (tp): TensorProduct(128x0e+32x0o+32x1e+32x1o+16x2e+16x2o x 1x0e+1x1o+1x2e -> 176x0e+80x0o+160x1e+256x1o+240x2e+144x2o | 1056 paths | 1056 weights)
            (bias): ParameterList()
          )
          (lin): LinearRS(
            (tp): TensorProduct(176x0e+80x0o+160x1e+256x1o+240x2e+144x2o x 1x0e -> 256x0e+64x0o+64x1e+64x1o+32x2e+32x2o | 89088 paths | 89088 weights)
            (bias): ParameterList(  (0): Parameter containing: [torch.FloatTensor of size 256])
          )
        )
        (vec2heads_alpha): Vec2AttnHeads(irreps_head=32x0e, num_heads=8)
        (vec2heads_value): Vec2AttnHeads(irreps_head=32x0e+8x0o+8x1e+8x1o+4x2e+4x2o, num_heads=8)
        (alpha_act): Activation(
          32x0e -> 32x0e, 
          (acts): ModuleList(
            (0): normalize2mom(
              (f): SmoothLeakyReLU(negative_slope=0.2)
            )
          )
        )
        (heads2vec): AttnHeads2Vec(irreps_head=32x0e+8x0o+8x1e+8x1o+4x2e+4x2o)
        (alpha_dropout): Dropout(p=0.2, inplace=False)
        (proj): LinearRS(
          (tp): TensorProduct(256x0e+64x0o+64x1e+64x1o+32x2e+32x2o x 1x0e -> 128x0e+32x0o+32x1e+32x1o+16x2e+16x2o | 39936 paths | 39936 weights)
          (bias): ParameterList(  (0): Parameter containing: [torch.FloatTensor of size 128])
        )
      )
      (norm_2): EquivariantLayerNormV2(128x0e+32x0o+32x1e+32x1o+16x2e+16x2o, eps=1e-05)
      (ffn): FeedForwardNetwork(
        (fctp_1): FullyConnectedTensorProductRescaleSwishGate(
          (tp): TensorProduct(128x0e+32x0o+32x1e+32x1o+16x2e+16x2o x 1x0e -> 768x0e+96x0o+96x1e+96x1o+48x2e+48x2o | 109056 paths | 109056 weights)
          (bias): ParameterList(  (0): Parameter containing: [torch.FloatTensor of size 768])
          (gate): Gate (768x0e+96x0o+96x1e+96x1o+48x2e+48x2o -> 384x0e+96x0o+96x1e+96x1o+48x2e+48x2o)
        )
        (fctp_2): FullyConnectedTensorProductRescale(
          (tp): TensorProduct(384x0e+96x0o+96x1e+96x1o+48x2e+48x2o x 1x0e -> 128x0e+32x0o+32x1e+32x1o+16x2e+16x2o | 59904 paths | 59904 weights)
          (bias): ParameterList(  (0): Parameter containing: [torch.FloatTensor of size 128])
        )
      )
    )
    (3): TransBlock(
      (norm_1): EquivariantLayerNormV2(128x0e+32x0o+32x1e+32x1o+16x2e+16x2o, eps=1e-05)
      (ga): GraphAttention(
        rescale_degree=False, 
        (merge_src): LinearRS(
          (tp): TensorProduct(128x0e+32x0o+32x1e+32x1o+16x2e+16x2o x 1x0e -> 128x0e+32x0o+32x1e+32x1o+16x2e+16x2o | 19968 paths | 19968 weights)
          (bias): ParameterList(  (0): Parameter containing: [torch.FloatTensor of size 128])
        )
        (merge_dst): LinearRS(
          (tp): TensorProduct(128x0e+32x0o+32x1e+32x1o+16x2e+16x2o x 1x0e -> 128x0e+32x0o+32x1e+32x1o+16x2e+16x2o | 19968 paths | 19968 weights)
          (bias): ParameterList()
        )
        (sep_act): SeparableFCTP(
          (dtp): TensorProductRescale(
            (tp): TensorProduct(128x0e+32x0o+32x1e+32x1o+16x2e+16x2o x 1x0e+1x1o+1x2e -> 176x0e+80x0o+160x1e+256x1o+240x2e+144x2o | 1056 paths | 1056 weights)
            (bias): ParameterList()
          )
          (dtp_rad): RadialProfile(
            (net): Sequential(
              (0): Linear(in_features=128, out_features=64, bias=True)
              (1): LayerNorm((64,), eps=1e-05, elementwise_affine=True)
              (2): SiLU()
              (3): Linear(in_features=64, out_features=64, bias=True)
              (4): LayerNorm((64,), eps=1e-05, elementwise_affine=True)
              (5): SiLU()
              (6): Linear(in_features=64, out_features=1056, bias=False)
            )
          )
          (lin): LinearRS(
            (tp): TensorProduct(176x0e+80x0o+160x1e+256x1o+240x2e+144x2o x 1x0e -> 256x0e+32x0o+32x1e+32x1o+16x2e+16x2o | 67072 paths | 67072 weights)
            (bias): ParameterList(  (0): Parameter containing: [torch.FloatTensor of size 256])
          )
          (gate): Gate (256x0e+32x0o+32x1e+32x1o+16x2e+16x2o -> 128x0e+32x0o+32x1e+32x1o+16x2e+16x2o)
        )
        (sep_alpha): LinearRS(
          (tp): TensorProduct(176x0e+80x0o+160x1e+256x1o+240x2e+144x2o x 1x0e -> 256x0e | 45056 paths | 45056 weights)
          (bias): ParameterList(  (0): Parameter containing: [torch.FloatTensor of size 256])
        )
        (sep_value): SeparableFCTP(
          (dtp): TensorProductRescale(
            (tp): TensorProduct(128x0e+32x0o+32x1e+32x1o+16x2e+16x2o x 1x0e+1x1o+1x2e -> 176x0e+80x0o+160x1e+256x1o+240x2e+144x2o | 1056 paths | 1056 weights)
            (bias): ParameterList()
          )
          (lin): LinearRS(
            (tp): TensorProduct(176x0e+80x0o+160x1e+256x1o+240x2e+144x2o x 1x0e -> 256x0e+64x0o+64x1e+64x1o+32x2e+32x2o | 89088 paths | 89088 weights)
            (bias): ParameterList(  (0): Parameter containing: [torch.FloatTensor of size 256])
          )
        )
        (vec2heads_alpha): Vec2AttnHeads(irreps_head=32x0e, num_heads=8)
        (vec2heads_value): Vec2AttnHeads(irreps_head=32x0e+8x0o+8x1e+8x1o+4x2e+4x2o, num_heads=8)
        (alpha_act): Activation(
          32x0e -> 32x0e, 
          (acts): ModuleList(
            (0): normalize2mom(
              (f): SmoothLeakyReLU(negative_slope=0.2)
            )
          )
        )
        (heads2vec): AttnHeads2Vec(irreps_head=32x0e+8x0o+8x1e+8x1o+4x2e+4x2o)
        (alpha_dropout): Dropout(p=0.2, inplace=False)
        (proj): LinearRS(
          (tp): TensorProduct(256x0e+64x0o+64x1e+64x1o+32x2e+32x2o x 1x0e -> 128x0e+32x0o+32x1e+32x1o+16x2e+16x2o | 39936 paths | 39936 weights)
          (bias): ParameterList(  (0): Parameter containing: [torch.FloatTensor of size 128])
        )
      )
      (norm_2): EquivariantLayerNormV2(128x0e+32x0o+32x1e+32x1o+16x2e+16x2o, eps=1e-05)
      (ffn): FeedForwardNetwork(
        (fctp_1): FullyConnectedTensorProductRescaleSwishGate(
          (tp): TensorProduct(128x0e+32x0o+32x1e+32x1o+16x2e+16x2o x 1x0e -> 768x0e+96x0o+96x1e+96x1o+48x2e+48x2o | 109056 paths | 109056 weights)
          (bias): ParameterList(  (0): Parameter containing: [torch.FloatTensor of size 768])
          (gate): Gate (768x0e+96x0o+96x1e+96x1o+48x2e+48x2o -> 384x0e+96x0o+96x1e+96x1o+48x2e+48x2o)
        )
        (fctp_2): FullyConnectedTensorProductRescale(
          (tp): TensorProduct(384x0e+96x0o+96x1e+96x1o+48x2e+48x2o x 1x0e -> 128x0e+32x0o+32x1e+32x1o+16x2e+16x2o | 59904 paths | 59904 weights)
          (bias): ParameterList(  (0): Parameter containing: [torch.FloatTensor of size 128])
        )
      )
    )
    (4): TransBlock(
      (norm_1): EquivariantLayerNormV2(128x0e+32x0o+32x1e+32x1o+16x2e+16x2o, eps=1e-05)
      (ga): GraphAttention(
        rescale_degree=False, 
        (merge_src): LinearRS(
          (tp): TensorProduct(128x0e+32x0o+32x1e+32x1o+16x2e+16x2o x 1x0e -> 128x0e+32x0o+32x1e+32x1o+16x2e+16x2o | 19968 paths | 19968 weights)
          (bias): ParameterList(  (0): Parameter containing: [torch.FloatTensor of size 128])
        )
        (merge_dst): LinearRS(
          (tp): TensorProduct(128x0e+32x0o+32x1e+32x1o+16x2e+16x2o x 1x0e -> 128x0e+32x0o+32x1e+32x1o+16x2e+16x2o | 19968 paths | 19968 weights)
          (bias): ParameterList()
        )
        (sep_act): SeparableFCTP(
          (dtp): TensorProductRescale(
            (tp): TensorProduct(128x0e+32x0o+32x1e+32x1o+16x2e+16x2o x 1x0e+1x1o+1x2e -> 176x0e+80x0o+160x1e+256x1o+240x2e+144x2o | 1056 paths | 1056 weights)
            (bias): ParameterList()
          )
          (dtp_rad): RadialProfile(
            (net): Sequential(
              (0): Linear(in_features=128, out_features=64, bias=True)
              (1): LayerNorm((64,), eps=1e-05, elementwise_affine=True)
              (2): SiLU()
              (3): Linear(in_features=64, out_features=64, bias=True)
              (4): LayerNorm((64,), eps=1e-05, elementwise_affine=True)
              (5): SiLU()
              (6): Linear(in_features=64, out_features=1056, bias=False)
            )
          )
          (lin): LinearRS(
            (tp): TensorProduct(176x0e+80x0o+160x1e+256x1o+240x2e+144x2o x 1x0e -> 256x0e+32x0o+32x1e+32x1o+16x2e+16x2o | 67072 paths | 67072 weights)
            (bias): ParameterList(  (0): Parameter containing: [torch.FloatTensor of size 256])
          )
          (gate): Gate (256x0e+32x0o+32x1e+32x1o+16x2e+16x2o -> 128x0e+32x0o+32x1e+32x1o+16x2e+16x2o)
        )
        (sep_alpha): LinearRS(
          (tp): TensorProduct(176x0e+80x0o+160x1e+256x1o+240x2e+144x2o x 1x0e -> 256x0e | 45056 paths | 45056 weights)
          (bias): ParameterList(  (0): Parameter containing: [torch.FloatTensor of size 256])
        )
        (sep_value): SeparableFCTP(
          (dtp): TensorProductRescale(
            (tp): TensorProduct(128x0e+32x0o+32x1e+32x1o+16x2e+16x2o x 1x0e+1x1o+1x2e -> 176x0e+80x0o+160x1e+256x1o+240x2e+144x2o | 1056 paths | 1056 weights)
            (bias): ParameterList()
          )
          (lin): LinearRS(
            (tp): TensorProduct(176x0e+80x0o+160x1e+256x1o+240x2e+144x2o x 1x0e -> 256x0e+64x0o+64x1e+64x1o+32x2e+32x2o | 89088 paths | 89088 weights)
            (bias): ParameterList(  (0): Parameter containing: [torch.FloatTensor of size 256])
          )
        )
        (vec2heads_alpha): Vec2AttnHeads(irreps_head=32x0e, num_heads=8)
        (vec2heads_value): Vec2AttnHeads(irreps_head=32x0e+8x0o+8x1e+8x1o+4x2e+4x2o, num_heads=8)
        (alpha_act): Activation(
          32x0e -> 32x0e, 
          (acts): ModuleList(
            (0): normalize2mom(
              (f): SmoothLeakyReLU(negative_slope=0.2)
            )
          )
        )
        (heads2vec): AttnHeads2Vec(irreps_head=32x0e+8x0o+8x1e+8x1o+4x2e+4x2o)
        (alpha_dropout): Dropout(p=0.2, inplace=False)
        (proj): LinearRS(
          (tp): TensorProduct(256x0e+64x0o+64x1e+64x1o+32x2e+32x2o x 1x0e -> 128x0e+32x0o+32x1e+32x1o+16x2e+16x2o | 39936 paths | 39936 weights)
          (bias): ParameterList(  (0): Parameter containing: [torch.FloatTensor of size 128])
        )
      )
      (norm_2): EquivariantLayerNormV2(128x0e+32x0o+32x1e+32x1o+16x2e+16x2o, eps=1e-05)
      (ffn): FeedForwardNetwork(
        (fctp_1): FullyConnectedTensorProductRescaleSwishGate(
          (tp): TensorProduct(128x0e+32x0o+32x1e+32x1o+16x2e+16x2o x 1x0e -> 768x0e+96x0o+96x1e+96x1o+48x2e+48x2o | 109056 paths | 109056 weights)
          (bias): ParameterList(  (0): Parameter containing: [torch.FloatTensor of size 768])
          (gate): Gate (768x0e+96x0o+96x1e+96x1o+48x2e+48x2o -> 384x0e+96x0o+96x1e+96x1o+48x2e+48x2o)
        )
        (fctp_2): FullyConnectedTensorProductRescale(
          (tp): TensorProduct(384x0e+96x0o+96x1e+96x1o+48x2e+48x2o x 1x0e -> 128x0e+32x0o+32x1e+32x1o+16x2e+16x2o | 59904 paths | 59904 weights)
          (bias): ParameterList(  (0): Parameter containing: [torch.FloatTensor of size 128])
        )
      )
    )
    (5): TransBlock(
      (norm_1): EquivariantLayerNormV2(128x0e+32x0o+32x1e+32x1o+16x2e+16x2o, eps=1e-05)
      (ga): GraphAttention(
        rescale_degree=False, 
        (merge_src): LinearRS(
          (tp): TensorProduct(128x0e+32x0o+32x1e+32x1o+16x2e+16x2o x 1x0e -> 128x0e+32x0o+32x1e+32x1o+16x2e+16x2o | 19968 paths | 19968 weights)
          (bias): ParameterList(  (0): Parameter containing: [torch.FloatTensor of size 128])
        )
        (merge_dst): LinearRS(
          (tp): TensorProduct(128x0e+32x0o+32x1e+32x1o+16x2e+16x2o x 1x0e -> 128x0e+32x0o+32x1e+32x1o+16x2e+16x2o | 19968 paths | 19968 weights)
          (bias): ParameterList()
        )
        (sep_act): SeparableFCTP(
          (dtp): TensorProductRescale(
            (tp): TensorProduct(128x0e+32x0o+32x1e+32x1o+16x2e+16x2o x 1x0e+1x1o+1x2e -> 176x0e+80x0o+160x1e+256x1o+240x2e+144x2o | 1056 paths | 1056 weights)
            (bias): ParameterList()
          )
          (dtp_rad): RadialProfile(
            (net): Sequential(
              (0): Linear(in_features=128, out_features=64, bias=True)
              (1): LayerNorm((64,), eps=1e-05, elementwise_affine=True)
              (2): SiLU()
              (3): Linear(in_features=64, out_features=64, bias=True)
              (4): LayerNorm((64,), eps=1e-05, elementwise_affine=True)
              (5): SiLU()
              (6): Linear(in_features=64, out_features=1056, bias=False)
            )
          )
          (lin): LinearRS(
            (tp): TensorProduct(176x0e+80x0o+160x1e+256x1o+240x2e+144x2o x 1x0e -> 256x0e+32x0o+32x1e+32x1o+16x2e+16x2o | 67072 paths | 67072 weights)
            (bias): ParameterList(  (0): Parameter containing: [torch.FloatTensor of size 256])
          )
          (gate): Gate (256x0e+32x0o+32x1e+32x1o+16x2e+16x2o -> 128x0e+32x0o+32x1e+32x1o+16x2e+16x2o)
        )
        (sep_alpha): LinearRS(
          (tp): TensorProduct(176x0e+80x0o+160x1e+256x1o+240x2e+144x2o x 1x0e -> 256x0e | 45056 paths | 45056 weights)
          (bias): ParameterList(  (0): Parameter containing: [torch.FloatTensor of size 256])
        )
        (sep_value): SeparableFCTP(
          (dtp): TensorProductRescale(
            (tp): TensorProduct(128x0e+32x0o+32x1e+32x1o+16x2e+16x2o x 1x0e+1x1o+1x2e -> 176x0e+80x0o+160x1e+256x1o+240x2e+144x2o | 1056 paths | 1056 weights)
            (bias): ParameterList()
          )
          (lin): LinearRS(
            (tp): TensorProduct(176x0e+80x0o+160x1e+256x1o+240x2e+144x2o x 1x0e -> 256x0e+64x0o+64x1e+64x1o+32x2e+32x2o | 89088 paths | 89088 weights)
            (bias): ParameterList(  (0): Parameter containing: [torch.FloatTensor of size 256])
          )
        )
        (vec2heads_alpha): Vec2AttnHeads(irreps_head=32x0e, num_heads=8)
        (vec2heads_value): Vec2AttnHeads(irreps_head=32x0e+8x0o+8x1e+8x1o+4x2e+4x2o, num_heads=8)
        (alpha_act): Activation(
          32x0e -> 32x0e, 
          (acts): ModuleList(
            (0): normalize2mom(
              (f): SmoothLeakyReLU(negative_slope=0.2)
            )
          )
        )
        (heads2vec): AttnHeads2Vec(irreps_head=32x0e+8x0o+8x1e+8x1o+4x2e+4x2o)
        (alpha_dropout): Dropout(p=0.2, inplace=False)
        (proj): LinearRS(
          (tp): TensorProduct(256x0e+64x0o+64x1e+64x1o+32x2e+32x2o x 1x0e -> 128x0e+32x0o+32x1e+32x1o+16x2e+16x2o | 39936 paths | 39936 weights)
          (bias): ParameterList(  (0): Parameter containing: [torch.FloatTensor of size 128])
        )
      )
      (norm_2): EquivariantLayerNormV2(128x0e+32x0o+32x1e+32x1o+16x2e+16x2o, eps=1e-05)
      (ffn): FeedForwardNetwork(
        (fctp_1): FullyConnectedTensorProductRescaleSwishGate(
          (tp): TensorProduct(128x0e+32x0o+32x1e+32x1o+16x2e+16x2o x 1x0e -> 768x0e+96x0o+96x1e+96x1o+48x2e+48x2o | 109056 paths | 109056 weights)
          (bias): ParameterList(  (0): Parameter containing: [torch.FloatTensor of size 768])
          (gate): Gate (768x0e+96x0o+96x1e+96x1o+48x2e+48x2o -> 384x0e+96x0o+96x1e+96x1o+48x2e+48x2o)
        )
        (fctp_2): FullyConnectedTensorProductRescale(
          (tp): TensorProduct(384x0e+96x0o+96x1e+96x1o+48x2e+48x2o x 1x0e -> 512x0e | 196608 paths | 196608 weights)
          (bias): ParameterList(  (0): Parameter containing: [torch.FloatTensor of size 512])
        )
      )
      (ffn_shortcut): FullyConnectedTensorProductRescale(
        (tp): TensorProduct(128x0e+32x0o+32x1e+32x1o+16x2e+16x2o x 1x0e -> 512x0e | 65536 paths | 65536 weights)
        (bias): ParameterList(  (0): Parameter containing: [torch.FloatTensor of size 512])
      )
    )
  )
  (norm): EquivariantLayerNormV2(512x0e, eps=1e-05)
  (head): Sequential(
    (0): LinearRS(
      (tp): TensorProduct(512x0e x 1x0e -> 512x0e | 262144 paths | 262144 weights)
      (bias): ParameterList(  (0): Parameter containing: [torch.FloatTensor of size 512])
    )
    (1): Activation(
      512x0e -> 512x0e, 
      (acts): ModuleList(
        (0): normalize2mom(
          (f): SiLU()
        )
      )
    )
    (2): LinearRS(
      (tp): TensorProduct(512x0e x 1x0e -> 1x0e | 512 paths | 512 weights)
      (bias): ParameterList(  (0): Parameter containing: [torch.FloatTensor of size 1])
    )
  )
  (scale_scatter): ScaledScatter(avg_aggregate_num=29.891087392943284)
)
2023-04-17 23:10:48,939 - logger.py:50 - Number of params: 3818915
2023-04-17 23:10:51,003 - logger.py:50 - Epoch: [0][0/468] 	 loss: 0.83966, MAE: 1.36268, time/step=2054ms, lr=1.00e-06
2023-04-17 23:12:37,559 - logger.py:50 - Epoch: [0][100/468] 	 loss: 0.80076, MAE: 1.29956, time/step=1075ms, lr=1.00e-06
2023-04-17 23:13:56,231 - logger.py:50 - Epoch: [0][200/468] 	 loss: 0.78226, MAE: 1.26952, time/step=932ms, lr=1.00e-06
2023-04-17 23:15:14,954 - logger.py:50 - Epoch: [0][300/468] 	 loss: 0.76969, MAE: 1.24913, time/step=884ms, lr=1.00e-06
2023-04-17 23:16:34,047 - logger.py:50 - Epoch: [0][400/468] 	 loss: 0.75280, MAE: 1.22172, time/step=861ms, lr=1.00e-06
2023-04-17 23:17:26,913 - logger.py:50 - Epoch: [0][467/468] 	 loss: 0.74303, MAE: 1.20586, time/step=850ms, lr=1.00e-06
2023-04-17 23:17:57,369 - logger.py:50 - Epoch: [0] Target: [1] train MAE: 1.20586, val MAE: 1.10409, test MAE: 1.09250, Time: 428.42s
2023-04-17 23:17:57,369 - logger.py:50 - Best -- epoch=0, train MAE: 1.20586, val MAE: 1.10409, test MAE: 1.09250

2023-04-17 23:17:58,530 - logger.py:50 - Epoch: [1][0/468] 	 loss: 0.74567, MAE: 1.21014, time/step=1159ms, lr=1.01e-04
2023-04-17 23:19:17,211 - logger.py:50 - Epoch: [1][100/468] 	 loss: 0.51574, MAE: 0.83699, time/step=790ms, lr=1.01e-04
2023-04-17 23:20:36,401 - logger.py:50 - Epoch: [1][200/468] 	 loss: 0.45833, MAE: 0.74382, time/step=791ms, lr=1.01e-04
2023-04-17 23:21:56,136 - logger.py:50 - Epoch: [1][300/468] 	 loss: 0.42366, MAE: 0.68756, time/step=793ms, lr=1.01e-04
2023-04-17 23:23:14,965 - logger.py:50 - Epoch: [1][400/468] 	 loss: 0.39922, MAE: 0.64789, time/step=792ms, lr=1.01e-04
2023-04-17 23:24:07,898 - logger.py:50 - Epoch: [1][467/468] 	 loss: 0.38634, MAE: 0.62699, time/step=792ms, lr=1.01e-04
2023-04-17 23:24:20,425 - logger.py:50 - Epoch: [1] Target: [1] train MAE: 0.62699, val MAE: 0.48652, test MAE: 0.47209, Time: 383.06s
2023-04-17 23:24:20,425 - logger.py:50 - Best -- epoch=1, train MAE: 0.62699, val MAE: 0.48652, test MAE: 0.47209

2023-04-17 23:24:21,619 - logger.py:50 - Epoch: [2][0/468] 	 loss: 0.30904, MAE: 0.50154, time/step=1192ms, lr=2.01e-04
2023-04-17 23:25:41,214 - logger.py:50 - Epoch: [2][100/468] 	 loss: 0.31529, MAE: 0.51169, time/step=800ms, lr=2.01e-04
2023-04-17 23:26:59,866 - logger.py:50 - Epoch: [2][200/468] 	 loss: 0.31011, MAE: 0.50328, time/step=793ms, lr=2.01e-04
2023-04-17 23:28:18,064 - logger.py:50 - Epoch: [2][300/468] 	 loss: 0.29888, MAE: 0.48505, time/step=789ms, lr=2.01e-04
2023-04-17 23:29:37,188 - logger.py:50 - Epoch: [2][400/468] 	 loss: 0.29459, MAE: 0.47809, time/step=790ms, lr=2.01e-04
2023-04-17 23:30:30,764 - logger.py:50 - Epoch: [2][467/468] 	 loss: 0.29013, MAE: 0.47084, time/step=791ms, lr=2.01e-04
2023-04-17 23:30:43,294 - logger.py:50 - Epoch: [2] Target: [1] train MAE: 0.47084, val MAE: 0.42530, test MAE: 0.41724, Time: 382.87s
2023-04-17 23:30:43,295 - logger.py:50 - Best -- epoch=2, train MAE: 0.47084, val MAE: 0.42530, test MAE: 0.41724

2023-04-17 23:30:44,456 - logger.py:50 - Epoch: [3][0/468] 	 loss: 0.28169, MAE: 0.45716, time/step=1159ms, lr=3.00e-04
2023-04-17 23:32:03,352 - logger.py:50 - Epoch: [3][100/468] 	 loss: 0.26879, MAE: 0.43622, time/step=793ms, lr=3.00e-04
2023-04-17 23:33:21,516 - logger.py:50 - Epoch: [3][200/468] 	 loss: 0.26479, MAE: 0.42972, time/step=787ms, lr=3.00e-04
2023-04-17 23:34:41,456 - logger.py:50 - Epoch: [3][300/468] 	 loss: 0.26421, MAE: 0.42878, time/step=791ms, lr=3.00e-04
2023-04-17 23:36:00,112 - logger.py:50 - Epoch: [3][400/468] 	 loss: 0.26217, MAE: 0.42548, time/step=790ms, lr=3.00e-04
2023-04-17 23:36:52,924 - logger.py:50 - Epoch: [3][467/468] 	 loss: 0.25983, MAE: 0.42167, time/step=790ms, lr=3.00e-04
2023-04-17 23:37:05,426 - logger.py:50 - Epoch: [3] Target: [1] train MAE: 0.42167, val MAE: 0.38613, test MAE: 0.38615, Time: 382.13s
2023-04-17 23:37:05,426 - logger.py:50 - Best -- epoch=3, train MAE: 0.42167, val MAE: 0.38613, test MAE: 0.38615

2023-04-17 23:37:06,566 - logger.py:50 - Epoch: [4][0/468] 	 loss: 0.20297, MAE: 0.32940, time/step=1138ms, lr=4.00e-04
2023-04-17 23:38:24,432 - logger.py:50 - Epoch: [4][100/468] 	 loss: 0.24429, MAE: 0.39646, time/step=782ms, lr=4.00e-04
2023-04-17 23:39:44,173 - logger.py:50 - Epoch: [4][200/468] 	 loss: 0.24770, MAE: 0.40200, time/step=790ms, lr=4.00e-04
2023-04-17 23:41:02,911 - logger.py:50 - Epoch: [4][300/468] 	 loss: 0.24778, MAE: 0.40211, time/step=789ms, lr=4.00e-04
2023-04-17 23:42:21,955 - logger.py:50 - Epoch: [4][400/468] 	 loss: 0.24488, MAE: 0.39741, time/step=789ms, lr=4.00e-04
2023-04-17 23:43:15,035 - logger.py:50 - Epoch: [4][467/468] 	 loss: 0.24465, MAE: 0.39704, time/step=790ms, lr=4.00e-04
2023-04-17 23:43:27,533 - logger.py:50 - Epoch: [4] Target: [1] train MAE: 0.39704, val MAE: 0.37527, test MAE: 0.36796, Time: 382.11s
2023-04-17 23:43:27,533 - logger.py:50 - Best -- epoch=4, train MAE: 0.39704, val MAE: 0.37527, test MAE: 0.36796

2023-04-17 23:43:28,730 - logger.py:50 - Epoch: [5][0/468] 	 loss: 0.18710, MAE: 0.30365, time/step=1195ms, lr=5.00e-04
2023-04-17 23:44:47,324 - logger.py:50 - Epoch: [5][100/468] 	 loss: 0.24056, MAE: 0.39040, time/step=790ms, lr=5.00e-04
2023-04-17 23:46:05,134 - logger.py:50 - Epoch: [5][200/468] 	 loss: 0.23688, MAE: 0.38442, time/step=784ms, lr=5.00e-04
2023-04-17 23:47:24,582 - logger.py:50 - Epoch: [5][300/468] 	 loss: 0.23740, MAE: 0.38527, time/step=788ms, lr=5.00e-04
2023-04-17 23:48:44,163 - logger.py:50 - Epoch: [5][400/468] 	 loss: 0.23540, MAE: 0.38203, time/step=790ms, lr=5.00e-04
2023-04-17 23:49:36,773 - logger.py:50 - Epoch: [5][467/468] 	 loss: 0.23436, MAE: 0.38033, time/step=789ms, lr=5.00e-04
2023-04-17 23:49:49,307 - logger.py:50 - Epoch: [5] Target: [1] train MAE: 0.38033, val MAE: 0.38423, test MAE: 0.37860, Time: 381.77s
2023-04-17 23:49:49,307 - logger.py:50 - Best -- epoch=4, train MAE: 0.39704, val MAE: 0.37527, test MAE: 0.36796

2023-04-17 23:49:50,396 - logger.py:50 - Epoch: [6][0/468] 	 loss: 0.22563, MAE: 0.36617, time/step=1086ms, lr=5.00e-04
2023-04-17 23:51:09,353 - logger.py:50 - Epoch: [6][100/468] 	 loss: 0.21681, MAE: 0.35187, time/step=793ms, lr=5.00e-04
2023-04-17 23:52:28,707 - logger.py:50 - Epoch: [6][200/468] 	 loss: 0.21975, MAE: 0.35663, time/step=793ms, lr=5.00e-04
2023-04-17 23:53:47,490 - logger.py:50 - Epoch: [6][300/468] 	 loss: 0.22194, MAE: 0.36018, time/step=791ms, lr=5.00e-04
2023-04-17 23:55:06,527 - logger.py:50 - Epoch: [6][400/468] 	 loss: 0.22210, MAE: 0.36044, time/step=791ms, lr=5.00e-04
2023-04-17 23:55:59,375 - logger.py:50 - Epoch: [6][467/468] 	 loss: 0.22139, MAE: 0.35929, time/step=791ms, lr=5.00e-04
2023-04-17 23:56:11,901 - logger.py:50 - Epoch: [6] Target: [1] train MAE: 0.35929, val MAE: 0.39506, test MAE: 0.38481, Time: 382.59s
2023-04-17 23:56:11,901 - logger.py:50 - Best -- epoch=4, train MAE: 0.39704, val MAE: 0.37527, test MAE: 0.36796

2023-04-17 23:56:12,929 - logger.py:50 - Epoch: [7][0/468] 	 loss: 0.17550, MAE: 0.28482, time/step=1025ms, lr=4.99e-04
2023-04-17 23:57:31,826 - logger.py:50 - Epoch: [7][100/468] 	 loss: 0.20915, MAE: 0.33943, time/step=791ms, lr=4.99e-04
2023-04-17 23:58:50,154 - logger.py:50 - Epoch: [7][200/468] 	 loss: 0.20782, MAE: 0.33727, time/step=787ms, lr=4.99e-04
2023-04-18 00:00:09,822 - logger.py:50 - Epoch: [7][300/468] 	 loss: 0.20772, MAE: 0.33710, time/step=790ms, lr=4.99e-04
2023-04-18 00:01:29,459 - logger.py:50 - Epoch: [7][400/468] 	 loss: 0.20816, MAE: 0.33783, time/step=792ms, lr=4.99e-04
2023-04-18 00:02:22,793 - logger.py:50 - Epoch: [7][467/468] 	 loss: 0.20802, MAE: 0.33759, time/step=792ms, lr=4.99e-04
2023-04-18 00:02:35,305 - logger.py:50 - Epoch: [7] Target: [1] train MAE: 0.33759, val MAE: 0.34749, test MAE: 0.34349, Time: 383.40s
2023-04-18 00:02:35,305 - logger.py:50 - Best -- epoch=7, train MAE: 0.33759, val MAE: 0.34749, test MAE: 0.34349

2023-04-18 00:02:36,522 - logger.py:50 - Epoch: [8][0/468] 	 loss: 0.16166, MAE: 0.26236, time/step=1214ms, lr=4.99e-04
2023-04-18 00:03:56,500 - logger.py:50 - Epoch: [8][100/468] 	 loss: 0.20316, MAE: 0.32971, time/step=804ms, lr=4.99e-04
2023-04-18 00:05:15,760 - logger.py:50 - Epoch: [8][200/468] 	 loss: 0.19912, MAE: 0.32315, time/step=798ms, lr=4.99e-04
2023-04-18 00:06:34,882 - logger.py:50 - Epoch: [8][300/468] 	 loss: 0.20110, MAE: 0.32637, time/step=796ms, lr=4.99e-04
2023-04-18 00:07:52,516 - logger.py:50 - Epoch: [8][400/468] 	 loss: 0.20131, MAE: 0.32671, time/step=791ms, lr=4.99e-04
2023-04-18 00:08:45,641 - logger.py:50 - Epoch: [8][467/468] 	 loss: 0.20120, MAE: 0.32652, time/step=791ms, lr=4.99e-04
2023-04-18 00:08:58,155 - logger.py:50 - Epoch: [8] Target: [1] train MAE: 0.32652, val MAE: 0.32769, test MAE: 0.32653, Time: 382.85s
2023-04-18 00:08:58,155 - logger.py:50 - Best -- epoch=8, train MAE: 0.32652, val MAE: 0.32769, test MAE: 0.32653

2023-04-18 00:08:59,272 - logger.py:50 - Epoch: [9][0/468] 	 loss: 0.22106, MAE: 0.35876, time/step=1115ms, lr=4.99e-04
2023-04-18 00:10:18,640 - logger.py:50 - Epoch: [9][100/468] 	 loss: 0.19459, MAE: 0.31580, time/step=797ms, lr=4.99e-04
2023-04-18 00:11:38,581 - logger.py:50 - Epoch: [9][200/468] 	 loss: 0.19029, MAE: 0.30883, time/step=798ms, lr=4.99e-04
2023-04-18 00:13:01,393 - logger.py:50 - Epoch: [9][300/468] 	 loss: 0.19342, MAE: 0.31391, time/step=808ms, lr=4.99e-04
2023-04-18 00:14:20,174 - logger.py:50 - Epoch: [9][400/468] 	 loss: 0.19251, MAE: 0.31243, time/step=803ms, lr=4.99e-04
2023-04-18 00:15:12,373 - logger.py:50 - Epoch: [9][467/468] 	 loss: 0.19232, MAE: 0.31211, time/step=800ms, lr=4.99e-04
2023-04-18 00:15:24,872 - logger.py:50 - Epoch: [9] Target: [1] train MAE: 0.31211, val MAE: 0.31698, test MAE: 0.32488, Time: 386.72s
2023-04-18 00:15:24,872 - logger.py:50 - Best -- epoch=9, train MAE: 0.31211, val MAE: 0.31698, test MAE: 0.32488

2023-04-18 00:15:26,005 - logger.py:50 - Epoch: [10][0/468] 	 loss: 0.21243, MAE: 0.34474, time/step=1131ms, lr=4.99e-04
2023-04-18 00:16:46,460 - logger.py:50 - Epoch: [10][100/468] 	 loss: 0.18487, MAE: 0.30003, time/step=808ms, lr=4.99e-04
2023-04-18 00:18:05,060 - logger.py:50 - Epoch: [10][200/468] 	 loss: 0.18966, MAE: 0.30780, time/step=797ms, lr=4.99e-04
2023-04-18 00:19:23,207 - logger.py:50 - Epoch: [10][300/468] 	 loss: 0.18832, MAE: 0.30563, time/step=792ms, lr=4.99e-04
2023-04-18 00:20:42,111 - logger.py:50 - Epoch: [10][400/468] 	 loss: 0.18778, MAE: 0.30474, time/step=791ms, lr=4.99e-04
2023-04-18 00:21:34,461 - logger.py:50 - Epoch: [10][467/468] 	 loss: 0.18878, MAE: 0.30637, time/step=790ms, lr=4.99e-04
2023-04-18 00:21:46,939 - logger.py:50 - Epoch: [10] Target: [1] train MAE: 0.30637, val MAE: 0.31553, test MAE: 0.31409, Time: 382.07s
2023-04-18 00:21:46,939 - logger.py:50 - Best -- epoch=10, train MAE: 0.30637, val MAE: 0.31553, test MAE: 0.31409

2023-04-18 00:21:48,062 - logger.py:50 - Epoch: [11][0/468] 	 loss: 0.21105, MAE: 0.34252, time/step=1121ms, lr=4.98e-04
2023-04-18 00:23:07,488 - logger.py:50 - Epoch: [11][100/468] 	 loss: 0.18160, MAE: 0.29471, time/step=797ms, lr=4.98e-04
2023-04-18 00:24:25,569 - logger.py:50 - Epoch: [11][200/468] 	 loss: 0.17994, MAE: 0.29203, time/step=789ms, lr=4.98e-04
2023-04-18 00:25:44,609 - logger.py:50 - Epoch: [11][300/468] 	 loss: 0.18002, MAE: 0.29215, time/step=790ms, lr=4.98e-04
2023-04-18 00:27:03,651 - logger.py:50 - Epoch: [11][400/468] 	 loss: 0.18074, MAE: 0.29331, time/step=790ms, lr=4.98e-04
2023-04-18 00:27:56,002 - logger.py:50 - Epoch: [11][467/468] 	 loss: 0.18187, MAE: 0.29515, time/step=789ms, lr=4.98e-04
2023-04-18 00:28:08,525 - logger.py:50 - Epoch: [11] Target: [1] train MAE: 0.29515, val MAE: 0.32643, test MAE: 0.31766, Time: 381.59s
2023-04-18 00:28:08,525 - logger.py:50 - Best -- epoch=10, train MAE: 0.30637, val MAE: 0.31553, test MAE: 0.31409

2023-04-18 00:28:09,698 - logger.py:50 - Epoch: [12][0/468] 	 loss: 0.22097, MAE: 0.35862, time/step=1170ms, lr=4.98e-04
2023-04-18 00:29:27,982 - logger.py:50 - Epoch: [12][100/468] 	 loss: 0.17251, MAE: 0.27996, time/step=787ms, lr=4.98e-04
2023-04-18 00:30:47,054 - logger.py:50 - Epoch: [12][200/468] 	 loss: 0.17533, MAE: 0.28454, time/step=789ms, lr=4.98e-04
2023-04-18 00:32:05,829 - logger.py:50 - Epoch: [12][300/468] 	 loss: 0.17580, MAE: 0.28530, time/step=788ms, lr=4.98e-04
2023-04-18 00:33:24,654 - logger.py:50 - Epoch: [12][400/468] 	 loss: 0.17473, MAE: 0.28358, time/step=788ms, lr=4.98e-04
2023-04-18 00:34:17,296 - logger.py:50 - Epoch: [12][467/468] 	 loss: 0.17537, MAE: 0.28461, time/step=788ms, lr=4.98e-04
2023-04-18 00:34:29,776 - logger.py:50 - Epoch: [12] Target: [1] train MAE: 0.28461, val MAE: 0.32322, test MAE: 0.31857, Time: 381.25s
2023-04-18 00:34:29,776 - logger.py:50 - Best -- epoch=10, train MAE: 0.30637, val MAE: 0.31553, test MAE: 0.31409

2023-04-18 00:34:30,899 - logger.py:50 - Epoch: [13][0/468] 	 loss: 0.19855, MAE: 0.32223, time/step=1120ms, lr=4.98e-04
2023-04-18 00:35:49,711 - logger.py:50 - Epoch: [13][100/468] 	 loss: 0.17286, MAE: 0.28053, time/step=791ms, lr=4.98e-04
2023-04-18 00:37:09,292 - logger.py:50 - Epoch: [13][200/468] 	 loss: 0.17266, MAE: 0.28021, time/step=794ms, lr=4.98e-04
2023-04-18 00:38:27,986 - logger.py:50 - Epoch: [13][300/468] 	 loss: 0.17356, MAE: 0.28166, time/step=791ms, lr=4.98e-04
2023-04-18 00:39:46,448 - logger.py:50 - Epoch: [13][400/468] 	 loss: 0.17470, MAE: 0.28351, time/step=790ms, lr=4.98e-04
2023-04-18 00:40:39,289 - logger.py:50 - Epoch: [13][467/468] 	 loss: 0.17542, MAE: 0.28469, time/step=790ms, lr=4.98e-04
2023-04-18 00:40:51,850 - logger.py:50 - Epoch: [13] Target: [1] train MAE: 0.28469, val MAE: 0.31360, test MAE: 0.31533, Time: 382.07s
2023-04-18 00:40:51,850 - logger.py:50 - Best -- epoch=13, train MAE: 0.28469, val MAE: 0.31360, test MAE: 0.31533

2023-04-18 00:40:52,833 - logger.py:50 - Epoch: [14][0/468] 	 loss: 0.17091, MAE: 0.27737, time/step=980ms, lr=4.97e-04
2023-04-18 00:42:12,590 - logger.py:50 - Epoch: [14][100/468] 	 loss: 0.17134, MAE: 0.27807, time/step=799ms, lr=4.97e-04
2023-04-18 00:43:30,114 - logger.py:50 - Epoch: [14][200/468] 	 loss: 0.16990, MAE: 0.27572, time/step=787ms, lr=4.97e-04
2023-04-18 00:44:49,133 - logger.py:50 - Epoch: [14][300/468] 	 loss: 0.16814, MAE: 0.27287, time/step=788ms, lr=4.97e-04
2023-04-18 00:46:08,346 - logger.py:50 - Epoch: [14][400/468] 	 loss: 0.16754, MAE: 0.27190, time/step=789ms, lr=4.97e-04
2023-04-18 00:47:01,605 - logger.py:50 - Epoch: [14][467/468] 	 loss: 0.16784, MAE: 0.27238, time/step=790ms, lr=4.97e-04
2023-04-18 00:47:14,122 - logger.py:50 - Epoch: [14] Target: [1] train MAE: 0.27238, val MAE: 0.29591, test MAE: 0.29834, Time: 382.27s
2023-04-18 00:47:14,122 - logger.py:50 - Best -- epoch=14, train MAE: 0.27238, val MAE: 0.29591, test MAE: 0.29834

2023-04-18 00:47:15,204 - logger.py:50 - Epoch: [15][0/468] 	 loss: 0.13979, MAE: 0.22686, time/step=1079ms, lr=4.97e-04
2023-04-18 00:48:33,814 - logger.py:50 - Epoch: [15][100/468] 	 loss: 0.16099, MAE: 0.26128, time/step=789ms, lr=4.97e-04
2023-04-18 00:49:52,871 - logger.py:50 - Epoch: [15][200/468] 	 loss: 0.16301, MAE: 0.26455, time/step=790ms, lr=4.97e-04
2023-04-18 00:51:11,659 - logger.py:50 - Epoch: [15][300/468] 	 loss: 0.16443, MAE: 0.26686, time/step=789ms, lr=4.97e-04
2023-04-18 00:52:29,815 - logger.py:50 - Epoch: [15][400/468] 	 loss: 0.16405, MAE: 0.26623, time/step=787ms, lr=4.97e-04
2023-04-18 00:53:23,189 - logger.py:50 - Epoch: [15][467/468] 	 loss: 0.16468, MAE: 0.26726, time/step=789ms, lr=4.97e-04
2023-04-18 00:53:35,720 - logger.py:50 - Epoch: [15] Target: [1] train MAE: 0.26726, val MAE: 0.31075, test MAE: 0.31072, Time: 381.60s
2023-04-18 00:53:35,721 - logger.py:50 - Best -- epoch=14, train MAE: 0.27238, val MAE: 0.29591, test MAE: 0.29834

2023-04-18 00:53:36,905 - logger.py:50 - Epoch: [16][0/468] 	 loss: 0.13129, MAE: 0.21307, time/step=1182ms, lr=4.97e-04
2023-04-18 00:54:55,773 - logger.py:50 - Epoch: [16][100/468] 	 loss: 0.15957, MAE: 0.25897, time/step=793ms, lr=4.97e-04
2023-04-18 00:56:15,511 - logger.py:50 - Epoch: [16][200/468] 	 loss: 0.16268, MAE: 0.26401, time/step=795ms, lr=4.97e-04
2023-04-18 00:57:34,907 - logger.py:50 - Epoch: [16][300/468] 	 loss: 0.16137, MAE: 0.26189, time/step=795ms, lr=4.97e-04
2023-04-18 00:58:53,697 - logger.py:50 - Epoch: [16][400/468] 	 loss: 0.16094, MAE: 0.26119, time/step=793ms, lr=4.97e-04
2023-04-18 00:59:46,136 - logger.py:50 - Epoch: [16][467/468] 	 loss: 0.16090, MAE: 0.26112, time/step=791ms, lr=4.97e-04
2023-04-18 00:59:58,609 - logger.py:50 - Epoch: [16] Target: [1] train MAE: 0.26112, val MAE: 0.28854, test MAE: 0.28982, Time: 382.89s
2023-04-18 00:59:58,609 - logger.py:50 - Best -- epoch=16, train MAE: 0.26112, val MAE: 0.28854, test MAE: 0.28982

2023-04-18 00:59:59,799 - logger.py:50 - Epoch: [17][0/468] 	 loss: 0.16463, MAE: 0.26717, time/step=1188ms, lr=4.96e-04
2023-04-18 01:01:18,686 - logger.py:50 - Epoch: [17][100/468] 	 loss: 0.16227, MAE: 0.26334, time/step=793ms, lr=4.96e-04
2023-04-18 01:02:37,981 - logger.py:50 - Epoch: [17][200/468] 	 loss: 0.16053, MAE: 0.26052, time/step=793ms, lr=4.96e-04
2023-04-18 01:03:56,951 - logger.py:50 - Epoch: [17][300/468] 	 loss: 0.15911, MAE: 0.25822, time/step=792ms, lr=4.96e-04
2023-04-18 01:05:17,485 - logger.py:50 - Epoch: [17][400/468] 	 loss: 0.15899, MAE: 0.25802, time/step=795ms, lr=4.96e-04
2023-04-18 01:06:11,118 - logger.py:50 - Epoch: [17][467/468] 	 loss: 0.15765, MAE: 0.25585, time/step=796ms, lr=4.96e-04
2023-04-18 01:06:23,853 - logger.py:50 - Epoch: [17] Target: [1] train MAE: 0.25585, val MAE: 0.28668, test MAE: 0.28749, Time: 385.24s
2023-04-18 01:06:23,853 - logger.py:50 - Best -- epoch=17, train MAE: 0.25585, val MAE: 0.28668, test MAE: 0.28749

2023-04-18 01:06:25,009 - logger.py:50 - Epoch: [18][0/468] 	 loss: 0.11985, MAE: 0.19450, time/step=1153ms, lr=4.96e-04
2023-04-18 01:07:42,922 - logger.py:50 - Epoch: [18][100/468] 	 loss: 0.14812, MAE: 0.24038, time/step=783ms, lr=4.96e-04
2023-04-18 01:09:01,562 - logger.py:50 - Epoch: [18][200/468] 	 loss: 0.14996, MAE: 0.24338, time/step=785ms, lr=4.96e-04
2023-04-18 01:10:20,647 - logger.py:50 - Epoch: [18][300/468] 	 loss: 0.15137, MAE: 0.24566, time/step=787ms, lr=4.96e-04
2023-04-18 01:11:39,462 - logger.py:50 - Epoch: [18][400/468] 	 loss: 0.15233, MAE: 0.24722, time/step=787ms, lr=4.96e-04
2023-04-18 01:12:32,435 - logger.py:50 - Epoch: [18][467/468] 	 loss: 0.15288, MAE: 0.24810, time/step=788ms, lr=4.96e-04
2023-04-18 01:12:44,957 - logger.py:50 - Epoch: [18] Target: [1] train MAE: 0.24810, val MAE: 0.29489, test MAE: 0.30014, Time: 381.10s
2023-04-18 01:12:44,958 - logger.py:50 - Best -- epoch=17, train MAE: 0.25585, val MAE: 0.28668, test MAE: 0.28749

2023-04-18 01:12:46,090 - logger.py:50 - Epoch: [19][0/468] 	 loss: 0.15845, MAE: 0.25714, time/step=1131ms, lr=4.95e-04
2023-04-18 01:14:03,980 - logger.py:50 - Epoch: [19][100/468] 	 loss: 0.14679, MAE: 0.23822, time/step=782ms, lr=4.95e-04
2023-04-18 01:15:23,546 - logger.py:50 - Epoch: [19][200/468] 	 loss: 0.15092, MAE: 0.24492, time/step=789ms, lr=4.95e-04
2023-04-18 01:16:42,364 - logger.py:50 - Epoch: [19][300/468] 	 loss: 0.14955, MAE: 0.24271, time/step=789ms, lr=4.95e-04
2023-04-18 01:18:02,727 - logger.py:50 - Epoch: [19][400/468] 	 loss: 0.14906, MAE: 0.24191, time/step=792ms, lr=4.95e-04
2023-04-18 01:18:55,335 - logger.py:50 - Epoch: [19][467/468] 	 loss: 0.14879, MAE: 0.24147, time/step=791ms, lr=4.95e-04
2023-04-18 01:19:07,861 - logger.py:50 - Epoch: [19] Target: [1] train MAE: 0.24147, val MAE: 0.29992, test MAE: 0.29900, Time: 382.90s
2023-04-18 01:19:07,862 - logger.py:50 - Best -- epoch=17, train MAE: 0.25585, val MAE: 0.28668, test MAE: 0.28749

2023-04-18 01:19:09,048 - logger.py:50 - Epoch: [20][0/468] 	 loss: 0.15079, MAE: 0.24472, time/step=1183ms, lr=4.95e-04
2023-04-18 01:20:27,616 - logger.py:50 - Epoch: [20][100/468] 	 loss: 0.14994, MAE: 0.24334, time/step=790ms, lr=4.95e-04
2023-04-18 01:21:47,004 - logger.py:50 - Epoch: [20][200/468] 	 loss: 0.14842, MAE: 0.24086, time/step=792ms, lr=4.95e-04
2023-04-18 01:23:05,672 - logger.py:50 - Epoch: [20][300/468] 	 loss: 0.14672, MAE: 0.23812, time/step=790ms, lr=4.95e-04
2023-04-18 01:24:24,170 - logger.py:50 - Epoch: [20][400/468] 	 loss: 0.14703, MAE: 0.23861, time/step=789ms, lr=4.95e-04
2023-04-18 01:25:17,480 - logger.py:50 - Epoch: [20][467/468] 	 loss: 0.14997, MAE: 0.24339, time/step=790ms, lr=4.95e-04
2023-04-18 01:25:29,963 - logger.py:50 - Epoch: [20] Target: [1] train MAE: 0.24339, val MAE: 0.34825, test MAE: 0.32902, Time: 382.10s
2023-04-18 01:25:29,963 - logger.py:50 - Best -- epoch=17, train MAE: 0.25585, val MAE: 0.28668, test MAE: 0.28749

2023-04-18 01:25:31,073 - logger.py:50 - Epoch: [21][0/468] 	 loss: 0.14589, MAE: 0.23677, time/step=1108ms, lr=4.94e-04
2023-04-18 01:26:49,865 - logger.py:50 - Epoch: [21][100/468] 	 loss: 0.14748, MAE: 0.23934, time/step=791ms, lr=4.94e-04
2023-04-18 01:28:08,961 - logger.py:50 - Epoch: [21][200/468] 	 loss: 0.14482, MAE: 0.23503, time/step=791ms, lr=4.94e-04
2023-04-18 01:29:27,406 - logger.py:50 - Epoch: [21][300/468] 	 loss: 0.14481, MAE: 0.23501, time/step=789ms, lr=4.94e-04
2023-04-18 01:30:47,800 - logger.py:50 - Epoch: [21][400/468] 	 loss: 0.14518, MAE: 0.23562, time/step=793ms, lr=4.94e-04
2023-04-18 01:31:40,733 - logger.py:50 - Epoch: [21][467/468] 	 loss: 0.14527, MAE: 0.23577, time/step=792ms, lr=4.94e-04
2023-04-18 01:31:53,265 - logger.py:50 - Epoch: [21] Target: [1] train MAE: 0.23577, val MAE: 0.29135, test MAE: 0.27608, Time: 383.30s
2023-04-18 01:31:53,266 - logger.py:50 - Best -- epoch=17, train MAE: 0.25585, val MAE: 0.28668, test MAE: 0.28749

2023-04-18 01:31:54,379 - logger.py:50 - Epoch: [22][0/468] 	 loss: 0.13725, MAE: 0.22274, time/step=1111ms, lr=4.93e-04
2023-04-18 01:33:12,796 - logger.py:50 - Epoch: [22][100/468] 	 loss: 0.13537, MAE: 0.21969, time/step=787ms, lr=4.93e-04
2023-04-18 01:34:31,650 - logger.py:50 - Epoch: [22][200/468] 	 loss: 0.13704, MAE: 0.22241, time/step=788ms, lr=4.93e-04
2023-04-18 01:35:50,916 - logger.py:50 - Epoch: [22][300/468] 	 loss: 0.14066, MAE: 0.22827, time/step=790ms, lr=4.93e-04
2023-04-18 01:37:09,528 - logger.py:50 - Epoch: [22][400/468] 	 loss: 0.13952, MAE: 0.22642, time/step=789ms, lr=4.93e-04
2023-04-18 01:38:02,504 - logger.py:50 - Epoch: [22][467/468] 	 loss: 0.13969, MAE: 0.22670, time/step=789ms, lr=4.93e-04
2023-04-18 01:38:14,984 - logger.py:50 - Epoch: [22] Target: [1] train MAE: 0.22670, val MAE: 0.28033, test MAE: 0.27006, Time: 381.72s
2023-04-18 01:38:14,984 - logger.py:50 - Best -- epoch=22, train MAE: 0.22670, val MAE: 0.28033, test MAE: 0.27006

2023-04-18 01:38:16,105 - logger.py:50 - Epoch: [23][0/468] 	 loss: 0.16287, MAE: 0.26431, time/step=1119ms, lr=4.93e-04
2023-04-18 01:39:34,875 - logger.py:50 - Epoch: [23][100/468] 	 loss: 0.12950, MAE: 0.21017, time/step=791ms, lr=4.93e-04
2023-04-18 01:40:54,037 - logger.py:50 - Epoch: [23][200/468] 	 loss: 0.13241, MAE: 0.21489, time/step=791ms, lr=4.93e-04
2023-04-18 01:42:12,199 - logger.py:50 - Epoch: [23][300/468] 	 loss: 0.13362, MAE: 0.21685, time/step=788ms, lr=4.93e-04
2023-04-18 01:43:30,258 - logger.py:50 - Epoch: [23][400/468] 	 loss: 0.13578, MAE: 0.22035, time/step=786ms, lr=4.93e-04
2023-04-18 01:44:23,360 - logger.py:50 - Epoch: [23][467/468] 	 loss: 0.13697, MAE: 0.22228, time/step=787ms, lr=4.93e-04
2023-04-18 01:44:35,863 - logger.py:50 - Epoch: [23] Target: [1] train MAE: 0.22228, val MAE: 0.29629, test MAE: 0.27846, Time: 380.88s
2023-04-18 01:44:35,863 - logger.py:50 - Best -- epoch=22, train MAE: 0.22670, val MAE: 0.28033, test MAE: 0.27006

2023-04-18 01:44:36,957 - logger.py:50 - Epoch: [24][0/468] 	 loss: 0.17193, MAE: 0.27902, time/step=1092ms, lr=4.92e-04
2023-04-18 01:45:55,676 - logger.py:50 - Epoch: [24][100/468] 	 loss: 0.13382, MAE: 0.21717, time/step=790ms, lr=4.92e-04
2023-04-18 01:47:14,162 - logger.py:50 - Epoch: [24][200/468] 	 loss: 0.13348, MAE: 0.21662, time/step=788ms, lr=4.92e-04
2023-04-18 01:48:33,145 - logger.py:50 - Epoch: [24][300/468] 	 loss: 0.13347, MAE: 0.21660, time/step=788ms, lr=4.92e-04
2023-04-18 01:49:51,825 - logger.py:50 - Epoch: [24][400/468] 	 loss: 0.13474, MAE: 0.21867, time/step=788ms, lr=4.92e-04
2023-04-18 01:50:44,886 - logger.py:50 - Epoch: [24][467/468] 	 loss: 0.13530, MAE: 0.21957, time/step=789ms, lr=4.92e-04
2023-04-18 01:50:57,398 - logger.py:50 - Epoch: [24] Target: [1] train MAE: 0.21957, val MAE: 0.27437, test MAE: 0.26878, Time: 381.54s
2023-04-18 01:50:57,399 - logger.py:50 - Best -- epoch=24, train MAE: 0.21957, val MAE: 0.27437, test MAE: 0.26878

2023-04-18 01:50:58,496 - logger.py:50 - Epoch: [25][0/468] 	 loss: 0.10402, MAE: 0.16882, time/step=1095ms, lr=4.91e-04
2023-04-18 01:52:16,751 - logger.py:50 - Epoch: [25][100/468] 	 loss: 0.12835, MAE: 0.20830, time/step=786ms, lr=4.91e-04
2023-04-18 01:53:35,864 - logger.py:50 - Epoch: [25][200/468] 	 loss: 0.12901, MAE: 0.20936, time/step=788ms, lr=4.91e-04
2023-04-18 01:54:55,691 - logger.py:50 - Epoch: [25][300/468] 	 loss: 0.12931, MAE: 0.20986, time/step=792ms, lr=4.91e-04
2023-04-18 01:56:14,679 - logger.py:50 - Epoch: [25][400/468] 	 loss: 0.13148, MAE: 0.21338, time/step=791ms, lr=4.91e-04
2023-04-18 01:57:07,199 - logger.py:50 - Epoch: [25][467/468] 	 loss: 0.13304, MAE: 0.21591, time/step=790ms, lr=4.91e-04
2023-04-18 01:57:19,683 - logger.py:50 - Epoch: [25] Target: [1] train MAE: 0.21591, val MAE: 0.29269, test MAE: 0.29488, Time: 382.28s
2023-04-18 01:57:19,683 - logger.py:50 - Best -- epoch=24, train MAE: 0.21957, val MAE: 0.27437, test MAE: 0.26878

2023-04-18 01:57:20,888 - logger.py:50 - Epoch: [26][0/468] 	 loss: 0.12569, MAE: 0.20398, time/step=1203ms, lr=4.91e-04
2023-04-18 01:58:39,640 - logger.py:50 - Epoch: [26][100/468] 	 loss: 0.12980, MAE: 0.21065, time/step=792ms, lr=4.91e-04
2023-04-18 01:59:58,615 - logger.py:50 - Epoch: [26][200/468] 	 loss: 0.13265, MAE: 0.21528, time/step=791ms, lr=4.91e-04
2023-04-18 02:01:17,020 - logger.py:50 - Epoch: [26][300/468] 	 loss: 0.13227, MAE: 0.21465, time/step=788ms, lr=4.91e-04
2023-04-18 02:02:35,906 - logger.py:50 - Epoch: [26][400/468] 	 loss: 0.13054, MAE: 0.21185, time/step=789ms, lr=4.91e-04
2023-04-18 02:03:28,563 - logger.py:50 - Epoch: [26][467/468] 	 loss: 0.13168, MAE: 0.21370, time/step=788ms, lr=4.91e-04
2023-04-18 02:03:41,049 - logger.py:50 - Epoch: [26] Target: [1] train MAE: 0.21370, val MAE: 0.28234, test MAE: 0.27700, Time: 381.37s
2023-04-18 02:03:41,049 - logger.py:50 - Best -- epoch=24, train MAE: 0.21957, val MAE: 0.27437, test MAE: 0.26878

2023-04-18 02:03:42,076 - logger.py:50 - Epoch: [27][0/468] 	 loss: 0.12663, MAE: 0.20551, time/step=1024ms, lr=4.90e-04
2023-04-18 02:05:01,402 - logger.py:50 - Epoch: [27][100/468] 	 loss: 0.12705, MAE: 0.20619, time/step=796ms, lr=4.90e-04
2023-04-18 02:06:19,643 - logger.py:50 - Epoch: [27][200/468] 	 loss: 0.12879, MAE: 0.20901, time/step=789ms, lr=4.90e-04
2023-04-18 02:07:38,111 - logger.py:50 - Epoch: [27][300/468] 	 loss: 0.13209, MAE: 0.21437, time/step=788ms, lr=4.90e-04
2023-04-18 02:08:57,052 - logger.py:50 - Epoch: [27][400/468] 	 loss: 0.13342, MAE: 0.21652, time/step=788ms, lr=4.90e-04
2023-04-18 02:09:49,982 - logger.py:50 - Epoch: [27][467/468] 	 loss: 0.13291, MAE: 0.21570, time/step=788ms, lr=4.90e-04
2023-04-18 02:10:02,554 - logger.py:50 - Epoch: [27] Target: [1] train MAE: 0.21570, val MAE: 0.27200, test MAE: 0.27190, Time: 381.50s
2023-04-18 02:10:02,554 - logger.py:50 - Best -- epoch=27, train MAE: 0.21570, val MAE: 0.27200, test MAE: 0.27190

2023-04-18 02:10:03,923 - logger.py:50 - Epoch: [28][0/468] 	 loss: 0.19193, MAE: 0.31148, time/step=1366ms, lr=4.89e-04
2023-04-18 02:11:23,860 - logger.py:50 - Epoch: [28][100/468] 	 loss: 0.12303, MAE: 0.19967, time/step=805ms, lr=4.89e-04
2023-04-18 02:12:42,302 - logger.py:50 - Epoch: [28][200/468] 	 loss: 0.12347, MAE: 0.20037, time/step=795ms, lr=4.89e-04
2023-04-18 02:14:00,912 - logger.py:50 - Epoch: [28][300/468] 	 loss: 0.12465, MAE: 0.20230, time/step=792ms, lr=4.89e-04
2023-04-18 02:15:19,283 - logger.py:50 - Epoch: [28][400/468] 	 loss: 0.12518, MAE: 0.20315, time/step=790ms, lr=4.89e-04
2023-04-18 02:16:12,526 - logger.py:50 - Epoch: [28][467/468] 	 loss: 0.12543, MAE: 0.20356, time/step=791ms, lr=4.89e-04
2023-04-18 02:16:25,173 - logger.py:50 - Epoch: [28] Target: [1] train MAE: 0.20356, val MAE: 0.27194, test MAE: 0.26576, Time: 382.62s
2023-04-18 02:16:25,173 - logger.py:50 - Best -- epoch=28, train MAE: 0.20356, val MAE: 0.27194, test MAE: 0.26576

2023-04-18 02:16:26,251 - logger.py:50 - Epoch: [29][0/468] 	 loss: 0.13218, MAE: 0.21452, time/step=1075ms, lr=4.89e-04
2023-04-18 02:17:44,944 - logger.py:50 - Epoch: [29][100/468] 	 loss: 0.11789, MAE: 0.19132, time/step=790ms, lr=4.89e-04
2023-04-18 02:19:03,965 - logger.py:50 - Epoch: [29][200/468] 	 loss: 0.12493, MAE: 0.20275, time/step=790ms, lr=4.89e-04
2023-04-18 02:20:22,729 - logger.py:50 - Epoch: [29][300/468] 	 loss: 0.12612, MAE: 0.20468, time/step=789ms, lr=4.89e-04
2023-04-18 02:21:41,464 - logger.py:50 - Epoch: [29][400/468] 	 loss: 0.12716, MAE: 0.20637, time/step=789ms, lr=4.89e-04
2023-04-18 02:22:34,857 - logger.py:50 - Epoch: [29][467/468] 	 loss: 0.12723, MAE: 0.20649, time/step=790ms, lr=4.89e-04
2023-04-18 02:22:47,553 - logger.py:50 - Epoch: [29] Target: [1] train MAE: 0.20649, val MAE: 0.26788, test MAE: 0.27343, Time: 382.38s
2023-04-18 02:22:47,554 - logger.py:50 - Best -- epoch=29, train MAE: 0.20649, val MAE: 0.26788, test MAE: 0.27343

2023-04-18 02:22:48,632 - logger.py:50 - Epoch: [30][0/468] 	 loss: 0.11741, MAE: 0.19055, time/step=1076ms, lr=4.88e-04
2023-04-18 02:24:06,740 - logger.py:50 - Epoch: [30][100/468] 	 loss: 0.12111, MAE: 0.19655, time/step=784ms, lr=4.88e-04
2023-04-18 02:25:26,673 - logger.py:50 - Epoch: [30][200/468] 	 loss: 0.11773, MAE: 0.19106, time/step=792ms, lr=4.88e-04
2023-04-18 02:26:44,953 - logger.py:50 - Epoch: [30][300/468] 	 loss: 0.11990, MAE: 0.19459, time/step=789ms, lr=4.88e-04
2023-04-18 02:28:03,823 - logger.py:50 - Epoch: [30][400/468] 	 loss: 0.12156, MAE: 0.19728, time/step=789ms, lr=4.88e-04
2023-04-18 02:28:56,134 - logger.py:50 - Epoch: [30][467/468] 	 loss: 0.12304, MAE: 0.19968, time/step=788ms, lr=4.88e-04
2023-04-18 02:29:08,649 - logger.py:50 - Epoch: [30] Target: [1] train MAE: 0.19968, val MAE: 0.27516, test MAE: 0.27313, Time: 381.10s
2023-04-18 02:29:08,649 - logger.py:50 - Best -- epoch=29, train MAE: 0.20649, val MAE: 0.26788, test MAE: 0.27343

2023-04-18 02:29:09,720 - logger.py:50 - Epoch: [31][0/468] 	 loss: 0.10300, MAE: 0.16715, time/step=1069ms, lr=4.87e-04
2023-04-18 02:30:27,358 - logger.py:50 - Epoch: [31][100/468] 	 loss: 0.11619, MAE: 0.18856, time/step=779ms, lr=4.87e-04
2023-04-18 02:31:45,698 - logger.py:50 - Epoch: [31][200/468] 	 loss: 0.11498, MAE: 0.18659, time/step=781ms, lr=4.87e-04
2023-04-18 02:33:04,919 - logger.py:50 - Epoch: [31][300/468] 	 loss: 0.11562, MAE: 0.18764, time/step=785ms, lr=4.87e-04
2023-04-18 02:34:24,481 - logger.py:50 - Epoch: [31][400/468] 	 loss: 0.11724, MAE: 0.19026, time/step=788ms, lr=4.87e-04
2023-04-18 02:35:17,663 - logger.py:50 - Epoch: [31][467/468] 	 loss: 0.11737, MAE: 0.19048, time/step=788ms, lr=4.87e-04
2023-04-18 02:35:30,134 - logger.py:50 - Epoch: [31] Target: [1] train MAE: 0.19048, val MAE: 0.28434, test MAE: 0.27106, Time: 381.48s
2023-04-18 02:35:30,134 - logger.py:50 - Best -- epoch=29, train MAE: 0.20649, val MAE: 0.26788, test MAE: 0.27343

2023-04-18 02:35:31,271 - logger.py:50 - Epoch: [32][0/468] 	 loss: 0.11093, MAE: 0.18003, time/step=1135ms, lr=4.86e-04
2023-04-18 02:36:50,586 - logger.py:50 - Epoch: [32][100/468] 	 loss: 0.11348, MAE: 0.18416, time/step=797ms, lr=4.86e-04
2023-04-18 02:38:09,926 - logger.py:50 - Epoch: [32][200/468] 	 loss: 0.11813, MAE: 0.19172, time/step=795ms, lr=4.86e-04
2023-04-18 02:39:28,117 - logger.py:50 - Epoch: [32][300/468] 	 loss: 0.11622, MAE: 0.18861, time/step=791ms, lr=4.86e-04
2023-04-18 02:40:46,072 - logger.py:50 - Epoch: [32][400/468] 	 loss: 0.11598, MAE: 0.18823, time/step=788ms, lr=4.86e-04
2023-04-18 02:41:38,658 - logger.py:50 - Epoch: [32][467/468] 	 loss: 0.11597, MAE: 0.18820, time/step=787ms, lr=4.86e-04
2023-04-18 02:41:51,126 - logger.py:50 - Epoch: [32] Target: [1] train MAE: 0.18820, val MAE: 0.26002, test MAE: 0.25751, Time: 380.99s
2023-04-18 02:41:51,126 - logger.py:50 - Best -- epoch=32, train MAE: 0.18820, val MAE: 0.26002, test MAE: 0.25751

2023-04-18 02:41:52,320 - logger.py:50 - Epoch: [33][0/468] 	 loss: 0.10046, MAE: 0.16303, time/step=1191ms, lr=4.85e-04
2023-04-18 02:43:11,043 - logger.py:50 - Epoch: [33][100/468] 	 loss: 0.11054, MAE: 0.17939, time/step=791ms, lr=4.85e-04
2023-04-18 02:44:29,651 - logger.py:50 - Epoch: [33][200/468] 	 loss: 0.10969, MAE: 0.17802, time/step=789ms, lr=4.85e-04
2023-04-18 02:45:48,926 - logger.py:50 - Epoch: [33][300/468] 	 loss: 0.11233, MAE: 0.18230, time/step=790ms, lr=4.85e-04
2023-04-18 02:47:07,835 - logger.py:50 - Epoch: [33][400/468] 	 loss: 0.11359, MAE: 0.18434, time/step=790ms, lr=4.85e-04
2023-04-18 02:48:00,601 - logger.py:50 - Epoch: [33][467/468] 	 loss: 0.11437, MAE: 0.18562, time/step=789ms, lr=4.85e-04
2023-04-18 02:48:13,180 - logger.py:50 - Epoch: [33] Target: [1] train MAE: 0.18562, val MAE: 0.26264, test MAE: 0.26401, Time: 382.05s
2023-04-18 02:48:13,181 - logger.py:50 - Best -- epoch=32, train MAE: 0.18820, val MAE: 0.26002, test MAE: 0.25751

2023-04-18 02:48:14,331 - logger.py:50 - Epoch: [34][0/468] 	 loss: 0.12022, MAE: 0.19510, time/step=1147ms, lr=4.84e-04
2023-04-18 02:49:33,462 - logger.py:50 - Epoch: [34][100/468] 	 loss: 0.10907, MAE: 0.17700, time/step=795ms, lr=4.84e-04
2023-04-18 02:50:52,065 - logger.py:50 - Epoch: [34][200/468] 	 loss: 0.10998, MAE: 0.17849, time/step=790ms, lr=4.84e-04
2023-04-18 02:52:11,252 - logger.py:50 - Epoch: [34][300/468] 	 loss: 0.11124, MAE: 0.18053, time/step=791ms, lr=4.84e-04
2023-04-18 02:53:31,524 - logger.py:50 - Epoch: [34][400/468] 	 loss: 0.11208, MAE: 0.18190, time/step=794ms, lr=4.84e-04
2023-04-18 02:54:23,814 - logger.py:50 - Epoch: [34][467/468] 	 loss: 0.11340, MAE: 0.18404, time/step=792ms, lr=4.84e-04
2023-04-18 02:54:36,722 - logger.py:50 - Epoch: [34] Target: [1] train MAE: 0.18404, val MAE: 0.25882, test MAE: 0.25759, Time: 383.54s
2023-04-18 02:54:36,723 - logger.py:50 - Best -- epoch=34, train MAE: 0.18404, val MAE: 0.25882, test MAE: 0.25759

2023-04-18 02:54:37,819 - logger.py:50 - Epoch: [35][0/468] 	 loss: 0.09631, MAE: 0.15630, time/step=1094ms, lr=4.83e-04
2023-04-18 02:55:56,153 - logger.py:50 - Epoch: [35][100/468] 	 loss: 0.10544, MAE: 0.17111, time/step=786ms, lr=4.83e-04
2023-04-18 02:57:15,285 - logger.py:50 - Epoch: [35][200/468] 	 loss: 0.10733, MAE: 0.17418, time/step=789ms, lr=4.83e-04
2023-04-18 02:58:34,205 - logger.py:50 - Epoch: [35][300/468] 	 loss: 0.10781, MAE: 0.17496, time/step=789ms, lr=4.83e-04
2023-04-18 02:59:53,499 - logger.py:50 - Epoch: [35][400/468] 	 loss: 0.10897, MAE: 0.17685, time/step=790ms, lr=4.83e-04
2023-04-18 03:00:45,951 - logger.py:50 - Epoch: [35][467/468] 	 loss: 0.10958, MAE: 0.17783, time/step=789ms, lr=4.83e-04
2023-04-18 03:00:58,499 - logger.py:50 - Epoch: [35] Target: [1] train MAE: 0.17783, val MAE: 0.26749, test MAE: 0.25888, Time: 381.78s
2023-04-18 03:00:58,499 - logger.py:50 - Best -- epoch=34, train MAE: 0.18404, val MAE: 0.25882, test MAE: 0.25759

2023-04-18 03:00:59,575 - logger.py:50 - Epoch: [36][0/468] 	 loss: 0.11131, MAE: 0.18064, time/step=1073ms, lr=4.82e-04
2023-04-18 03:02:18,093 - logger.py:50 - Epoch: [36][100/468] 	 loss: 0.10205, MAE: 0.16561, time/step=788ms, lr=4.82e-04
2023-04-18 03:03:36,447 - logger.py:50 - Epoch: [36][200/468] 	 loss: 0.10596, MAE: 0.17197, time/step=786ms, lr=4.82e-04
2023-04-18 03:04:55,359 - logger.py:50 - Epoch: [36][300/468] 	 loss: 0.10649, MAE: 0.17282, time/step=787ms, lr=4.82e-04
2023-04-18 03:06:14,011 - logger.py:50 - Epoch: [36][400/468] 	 loss: 0.10794, MAE: 0.17518, time/step=787ms, lr=4.82e-04
2023-04-18 03:07:07,046 - logger.py:50 - Epoch: [36][467/468] 	 loss: 0.10897, MAE: 0.17684, time/step=787ms, lr=4.82e-04
2023-04-18 03:07:19,554 - logger.py:50 - Epoch: [36] Target: [1] train MAE: 0.17684, val MAE: 0.25904, test MAE: 0.25998, Time: 381.05s
2023-04-18 03:07:19,554 - logger.py:50 - Best -- epoch=34, train MAE: 0.18404, val MAE: 0.25882, test MAE: 0.25759

2023-04-18 03:07:20,664 - logger.py:50 - Epoch: [37][0/468] 	 loss: 0.06897, MAE: 0.11193, time/step=1107ms, lr=4.82e-04
2023-04-18 03:08:39,363 - logger.py:50 - Epoch: [37][100/468] 	 loss: 0.10749, MAE: 0.17445, time/step=790ms, lr=4.82e-04
2023-04-18 03:09:59,259 - logger.py:50 - Epoch: [37][200/468] 	 loss: 0.10653, MAE: 0.17289, time/step=795ms, lr=4.82e-04
2023-04-18 03:11:17,083 - logger.py:50 - Epoch: [37][300/468] 	 loss: 0.10582, MAE: 0.17173, time/step=789ms, lr=4.82e-04
2023-04-18 03:12:34,969 - logger.py:50 - Epoch: [37][400/468] 	 loss: 0.10622, MAE: 0.17238, time/step=787ms, lr=4.82e-04
2023-04-18 03:13:28,318 - logger.py:50 - Epoch: [37][467/468] 	 loss: 0.10702, MAE: 0.17368, time/step=788ms, lr=4.82e-04
2023-04-18 03:13:40,794 - logger.py:50 - Epoch: [37] Target: [1] train MAE: 0.17368, val MAE: 0.26288, test MAE: 0.25382, Time: 381.24s
2023-04-18 03:13:40,795 - logger.py:50 - Best -- epoch=34, train MAE: 0.18404, val MAE: 0.25882, test MAE: 0.25759

2023-04-18 03:13:41,853 - logger.py:50 - Epoch: [38][0/468] 	 loss: 0.08536, MAE: 0.13852, time/step=1056ms, lr=4.81e-04
2023-04-18 03:15:00,705 - logger.py:50 - Epoch: [38][100/468] 	 loss: 0.10431, MAE: 0.16928, time/step=791ms, lr=4.81e-04
2023-04-18 03:16:19,646 - logger.py:50 - Epoch: [38][200/468] 	 loss: 0.10445, MAE: 0.16951, time/step=790ms, lr=4.81e-04
2023-04-18 03:17:38,585 - logger.py:50 - Epoch: [38][300/468] 	 loss: 0.10419, MAE: 0.16909, time/step=790ms, lr=4.81e-04
2023-04-18 03:18:56,641 - logger.py:50 - Epoch: [38][400/468] 	 loss: 0.10505, MAE: 0.17048, time/step=788ms, lr=4.81e-04
2023-04-18 03:19:49,349 - logger.py:50 - Epoch: [38][467/468] 	 loss: 0.10463, MAE: 0.16980, time/step=788ms, lr=4.81e-04
2023-04-18 03:20:01,848 - logger.py:50 - Epoch: [38] Target: [1] train MAE: 0.16980, val MAE: 0.27159, test MAE: 0.26056, Time: 381.05s
2023-04-18 03:20:01,848 - logger.py:50 - Best -- epoch=34, train MAE: 0.18404, val MAE: 0.25882, test MAE: 0.25759

2023-04-18 03:20:02,993 - logger.py:50 - Epoch: [39][0/468] 	 loss: 0.12444, MAE: 0.20195, time/step=1143ms, lr=4.79e-04
2023-04-18 03:21:22,855 - logger.py:50 - Epoch: [39][100/468] 	 loss: 0.10351, MAE: 0.16799, time/step=802ms, lr=4.79e-04
2023-04-18 03:22:41,313 - logger.py:50 - Epoch: [39][200/468] 	 loss: 0.10094, MAE: 0.16382, time/step=793ms, lr=4.79e-04
2023-04-18 03:23:59,346 - logger.py:50 - Epoch: [39][300/468] 	 loss: 0.10176, MAE: 0.16515, time/step=789ms, lr=4.79e-04
2023-04-18 03:25:18,123 - logger.py:50 - Epoch: [39][400/468] 	 loss: 0.10258, MAE: 0.16648, time/step=789ms, lr=4.79e-04
2023-04-18 03:26:11,178 - logger.py:50 - Epoch: [39][467/468] 	 loss: 0.10289, MAE: 0.16698, time/step=789ms, lr=4.79e-04
2023-04-18 03:26:23,652 - logger.py:50 - Epoch: [39] Target: [1] train MAE: 0.16698, val MAE: 0.25531, test MAE: 0.25041, Time: 381.80s
2023-04-18 03:26:23,652 - logger.py:50 - Best -- epoch=39, train MAE: 0.16698, val MAE: 0.25531, test MAE: 0.25041

2023-04-18 03:26:24,799 - logger.py:50 - Epoch: [40][0/468] 	 loss: 0.07087, MAE: 0.11501, time/step=1145ms, lr=4.78e-04
2023-04-18 03:27:43,954 - logger.py:50 - Epoch: [40][100/468] 	 loss: 0.09801, MAE: 0.15905, time/step=795ms, lr=4.78e-04
2023-04-18 03:29:03,033 - logger.py:50 - Epoch: [40][200/468] 	 loss: 0.09882, MAE: 0.16037, time/step=793ms, lr=4.78e-04
2023-04-18 03:30:21,491 - logger.py:50 - Epoch: [40][300/468] 	 loss: 0.10008, MAE: 0.16242, time/step=790ms, lr=4.78e-04
2023-04-18 03:31:40,284 - logger.py:50 - Epoch: [40][400/468] 	 loss: 0.10026, MAE: 0.16271, time/step=790ms, lr=4.78e-04
2023-04-18 03:32:33,483 - logger.py:50 - Epoch: [40][467/468] 	 loss: 0.10169, MAE: 0.16504, time/step=790ms, lr=4.78e-04
2023-04-18 03:32:46,060 - logger.py:50 - Epoch: [40] Target: [1] train MAE: 0.16504, val MAE: 0.26732, test MAE: 0.25669, Time: 382.41s
2023-04-18 03:32:46,060 - logger.py:50 - Best -- epoch=39, train MAE: 0.16698, val MAE: 0.25531, test MAE: 0.25041

2023-04-18 03:32:47,352 - logger.py:50 - Epoch: [41][0/468] 	 loss: 0.09543, MAE: 0.15487, time/step=1289ms, lr=4.77e-04
2023-04-18 03:34:06,118 - logger.py:50 - Epoch: [41][100/468] 	 loss: 0.10355, MAE: 0.16805, time/step=793ms, lr=4.77e-04
2023-04-18 03:35:25,587 - logger.py:50 - Epoch: [41][200/468] 	 loss: 0.10200, MAE: 0.16553, time/step=794ms, lr=4.77e-04
2023-04-18 03:36:44,949 - logger.py:50 - Epoch: [41][300/468] 	 loss: 0.10191, MAE: 0.16540, time/step=794ms, lr=4.77e-04
2023-04-18 03:38:03,409 - logger.py:50 - Epoch: [41][400/468] 	 loss: 0.10314, MAE: 0.16739, time/step=791ms, lr=4.77e-04
2023-04-18 03:38:56,248 - logger.py:50 - Epoch: [41][467/468] 	 loss: 0.10306, MAE: 0.16726, time/step=791ms, lr=4.77e-04
2023-04-18 03:39:08,806 - logger.py:50 - Epoch: [41] Target: [1] train MAE: 0.16726, val MAE: 0.27055, test MAE: 0.25992, Time: 382.75s
2023-04-18 03:39:08,807 - logger.py:50 - Best -- epoch=39, train MAE: 0.16698, val MAE: 0.25531, test MAE: 0.25041

2023-04-18 03:39:10,024 - logger.py:50 - Epoch: [42][0/468] 	 loss: 0.11970, MAE: 0.19425, time/step=1215ms, lr=4.76e-04
2023-04-18 03:40:29,208 - logger.py:50 - Epoch: [42][100/468] 	 loss: 0.10261, MAE: 0.16653, time/step=796ms, lr=4.76e-04
2023-04-18 03:41:47,601 - logger.py:50 - Epoch: [42][200/468] 	 loss: 0.10153, MAE: 0.16477, time/step=790ms, lr=4.76e-04
2023-04-18 03:43:06,538 - logger.py:50 - Epoch: [42][300/468] 	 loss: 0.10010, MAE: 0.16246, time/step=790ms, lr=4.76e-04
2023-04-18 03:44:24,362 - logger.py:50 - Epoch: [42][400/468] 	 loss: 0.10101, MAE: 0.16393, time/step=787ms, lr=4.76e-04
2023-04-18 03:45:17,202 - logger.py:50 - Epoch: [42][467/468] 	 loss: 0.10119, MAE: 0.16422, time/step=787ms, lr=4.76e-04
2023-04-18 03:45:29,703 - logger.py:50 - Epoch: [42] Target: [1] train MAE: 0.16422, val MAE: 0.25015, test MAE: 0.24509, Time: 380.90s
2023-04-18 03:45:29,704 - logger.py:50 - Best -- epoch=42, train MAE: 0.16422, val MAE: 0.25015, test MAE: 0.24509

2023-04-18 03:45:30,846 - logger.py:50 - Epoch: [43][0/468] 	 loss: 0.07161, MAE: 0.11622, time/step=1140ms, lr=4.75e-04
2023-04-18 03:46:50,016 - logger.py:50 - Epoch: [43][100/468] 	 loss: 0.09461, MAE: 0.15355, time/step=795ms, lr=4.75e-04
2023-04-18 03:48:07,883 - logger.py:50 - Epoch: [43][200/468] 	 loss: 0.09704, MAE: 0.15749, time/step=787ms, lr=4.75e-04
2023-04-18 03:49:26,286 - logger.py:50 - Epoch: [43][300/468] 	 loss: 0.09775, MAE: 0.15864, time/step=786ms, lr=4.75e-04
2023-04-18 03:50:46,123 - logger.py:50 - Epoch: [43][400/468] 	 loss: 0.09840, MAE: 0.15969, time/step=789ms, lr=4.75e-04
2023-04-18 03:51:38,774 - logger.py:50 - Epoch: [43][467/468] 	 loss: 0.09900, MAE: 0.16066, time/step=789ms, lr=4.75e-04
2023-04-18 03:51:51,287 - logger.py:50 - Epoch: [43] Target: [1] train MAE: 0.16066, val MAE: 0.26392, test MAE: 0.26181, Time: 381.58s
2023-04-18 03:51:51,287 - logger.py:50 - Best -- epoch=42, train MAE: 0.16422, val MAE: 0.25015, test MAE: 0.24509

2023-04-18 03:51:52,439 - logger.py:50 - Epoch: [44][0/468] 	 loss: 0.09528, MAE: 0.15463, time/step=1149ms, lr=4.74e-04
2023-04-18 03:53:11,270 - logger.py:50 - Epoch: [44][100/468] 	 loss: 0.09736, MAE: 0.15800, time/step=792ms, lr=4.74e-04
2023-04-18 03:54:30,679 - logger.py:50 - Epoch: [44][200/468] 	 loss: 0.09617, MAE: 0.15607, time/step=793ms, lr=4.74e-04
2023-04-18 03:55:49,968 - logger.py:50 - Epoch: [44][300/468] 	 loss: 0.09709, MAE: 0.15756, time/step=793ms, lr=4.74e-04
2023-04-18 03:57:08,408 - logger.py:50 - Epoch: [44][400/468] 	 loss: 0.09716, MAE: 0.15769, time/step=791ms, lr=4.74e-04
2023-04-18 03:58:00,829 - logger.py:50 - Epoch: [44][467/468] 	 loss: 0.09784, MAE: 0.15879, time/step=790ms, lr=4.74e-04
2023-04-18 03:58:13,387 - logger.py:50 - Epoch: [44] Target: [1] train MAE: 0.15879, val MAE: 0.25655, test MAE: 0.25462, Time: 382.10s
2023-04-18 03:58:13,387 - logger.py:50 - Best -- epoch=42, train MAE: 0.16422, val MAE: 0.25015, test MAE: 0.24509

2023-04-18 03:58:14,445 - logger.py:50 - Epoch: [45][0/468] 	 loss: 0.10159, MAE: 0.16487, time/step=1055ms, lr=4.73e-04
2023-04-18 03:59:32,224 - logger.py:50 - Epoch: [45][100/468] 	 loss: 0.09558, MAE: 0.15512, time/step=781ms, lr=4.73e-04
2023-04-18 04:00:50,906 - logger.py:50 - Epoch: [45][200/468] 	 loss: 0.09878, MAE: 0.16031, time/step=784ms, lr=4.73e-04
2023-04-18 04:02:09,750 - logger.py:50 - Epoch: [45][300/468] 	 loss: 0.09750, MAE: 0.15824, time/step=785ms, lr=4.73e-04
2023-04-18 04:03:29,296 - logger.py:50 - Epoch: [45][400/468] 	 loss: 0.09748, MAE: 0.15820, time/step=788ms, lr=4.73e-04
2023-04-18 04:04:21,906 - logger.py:50 - Epoch: [45][467/468] 	 loss: 0.09749, MAE: 0.15821, time/step=787ms, lr=4.73e-04
2023-04-18 04:04:34,407 - logger.py:50 - Epoch: [45] Target: [1] train MAE: 0.15821, val MAE: 0.26290, test MAE: 0.25230, Time: 381.02s
2023-04-18 04:04:34,407 - logger.py:50 - Best -- epoch=42, train MAE: 0.16422, val MAE: 0.25015, test MAE: 0.24509

2023-04-18 04:04:35,603 - logger.py:50 - Epoch: [46][0/468] 	 loss: 0.11561, MAE: 0.18762, time/step=1194ms, lr=4.72e-04
2023-04-18 04:05:55,066 - logger.py:50 - Epoch: [46][100/468] 	 loss: 0.09525, MAE: 0.15459, time/step=799ms, lr=4.72e-04
2023-04-18 04:07:13,726 - logger.py:50 - Epoch: [46][200/468] 	 loss: 0.09312, MAE: 0.15112, time/step=793ms, lr=4.72e-04
2023-04-18 04:08:33,415 - logger.py:50 - Epoch: [46][300/468] 	 loss: 0.09406, MAE: 0.15265, time/step=794ms, lr=4.72e-04
2023-04-18 04:09:51,347 - logger.py:50 - Epoch: [46][400/468] 	 loss: 0.09418, MAE: 0.15285, time/step=790ms, lr=4.72e-04
2023-04-18 04:10:44,234 - logger.py:50 - Epoch: [46][467/468] 	 loss: 0.09391, MAE: 0.15240, time/step=790ms, lr=4.72e-04
2023-04-18 04:10:56,766 - logger.py:50 - Epoch: [46] Target: [1] train MAE: 0.15240, val MAE: 0.25295, test MAE: 0.24709, Time: 382.36s
2023-04-18 04:10:56,767 - logger.py:50 - Best -- epoch=42, train MAE: 0.16422, val MAE: 0.25015, test MAE: 0.24509

2023-04-18 04:10:57,832 - logger.py:50 - Epoch: [47][0/468] 	 loss: 0.07885, MAE: 0.12797, time/step=1063ms, lr=4.70e-04
2023-04-18 04:12:16,812 - logger.py:50 - Epoch: [47][100/468] 	 loss: 0.08874, MAE: 0.14402, time/step=793ms, lr=4.70e-04
2023-04-18 04:13:36,047 - logger.py:50 - Epoch: [47][200/468] 	 loss: 0.08988, MAE: 0.14587, time/step=792ms, lr=4.70e-04
2023-04-18 04:14:54,836 - logger.py:50 - Epoch: [47][300/468] 	 loss: 0.09078, MAE: 0.14732, time/step=791ms, lr=4.70e-04
2023-04-18 04:16:14,108 - logger.py:50 - Epoch: [47][400/468] 	 loss: 0.09194, MAE: 0.14921, time/step=791ms, lr=4.70e-04
2023-04-18 04:17:06,459 - logger.py:50 - Epoch: [47][467/468] 	 loss: 0.09225, MAE: 0.14971, time/step=790ms, lr=4.70e-04
2023-04-18 04:17:18,984 - logger.py:50 - Epoch: [47] Target: [1] train MAE: 0.14971, val MAE: 0.24515, test MAE: 0.24796, Time: 382.22s
2023-04-18 04:17:18,984 - logger.py:50 - Best -- epoch=47, train MAE: 0.14971, val MAE: 0.24515, test MAE: 0.24796

2023-04-18 04:17:19,947 - logger.py:50 - Epoch: [48][0/468] 	 loss: 0.07931, MAE: 0.12872, time/step=961ms, lr=4.69e-04
2023-04-18 04:18:38,842 - logger.py:50 - Epoch: [48][100/468] 	 loss: 0.08653, MAE: 0.14044, time/step=791ms, lr=4.69e-04
2023-04-18 04:19:57,984 - logger.py:50 - Epoch: [48][200/468] 	 loss: 0.09143, MAE: 0.14838, time/step=791ms, lr=4.69e-04
2023-04-18 04:21:16,829 - logger.py:50 - Epoch: [48][300/468] 	 loss: 0.09104, MAE: 0.14775, time/step=790ms, lr=4.69e-04
2023-04-18 04:22:36,229 - logger.py:50 - Epoch: [48][400/468] 	 loss: 0.09233, MAE: 0.14985, time/step=791ms, lr=4.69e-04
2023-04-18 04:23:28,803 - logger.py:50 - Epoch: [48][467/468] 	 loss: 0.09251, MAE: 0.15013, time/step=790ms, lr=4.69e-04
2023-04-18 04:23:41,305 - logger.py:50 - Epoch: [48] Target: [1] train MAE: 0.15013, val MAE: 0.25586, test MAE: 0.25614, Time: 382.32s
2023-04-18 04:23:41,305 - logger.py:50 - Best -- epoch=47, train MAE: 0.14971, val MAE: 0.24515, test MAE: 0.24796

2023-04-18 04:23:43,174 - logger.py:50 - Epoch: [49][0/468] 	 loss: 0.11213, MAE: 0.18197, time/step=1867ms, lr=4.68e-04
2023-04-18 04:25:02,305 - logger.py:50 - Epoch: [49][100/468] 	 loss: 0.08846, MAE: 0.14357, time/step=802ms, lr=4.68e-04
2023-04-18 04:26:22,255 - logger.py:50 - Epoch: [49][200/468] 	 loss: 0.08714, MAE: 0.14142, time/step=801ms, lr=4.68e-04
2023-04-18 04:27:40,921 - logger.py:50 - Epoch: [49][300/468] 	 loss: 0.08933, MAE: 0.14497, time/step=796ms, lr=4.68e-04
2023-04-18 04:28:59,519 - logger.py:50 - Epoch: [49][400/468] 	 loss: 0.09017, MAE: 0.14633, time/step=794ms, lr=4.68e-04
2023-04-18 04:29:52,133 - logger.py:50 - Epoch: [49][467/468] 	 loss: 0.09045, MAE: 0.14680, time/step=792ms, lr=4.68e-04
2023-04-18 04:30:04,755 - logger.py:50 - Epoch: [49] Target: [1] train MAE: 0.14680, val MAE: 0.24935, test MAE: 0.25030, Time: 383.45s
2023-04-18 04:30:04,756 - logger.py:50 - Best -- epoch=47, train MAE: 0.14971, val MAE: 0.24515, test MAE: 0.24796

2023-04-18 04:30:05,759 - logger.py:50 - Epoch: [50][0/468] 	 loss: 0.08727, MAE: 0.14162, time/step=1001ms, lr=4.67e-04
2023-04-18 04:31:25,879 - logger.py:50 - Epoch: [50][100/468] 	 loss: 0.08766, MAE: 0.14227, time/step=803ms, lr=4.67e-04
2023-04-18 04:32:45,023 - logger.py:50 - Epoch: [50][200/468] 	 loss: 0.08841, MAE: 0.14348, time/step=797ms, lr=4.67e-04
2023-04-18 04:34:05,418 - logger.py:50 - Epoch: [50][300/468] 	 loss: 0.08917, MAE: 0.14471, time/step=800ms, lr=4.67e-04
2023-04-18 04:35:23,512 - logger.py:50 - Epoch: [50][400/468] 	 loss: 0.08838, MAE: 0.14343, time/step=795ms, lr=4.67e-04
2023-04-18 04:36:16,707 - logger.py:50 - Epoch: [50][467/468] 	 loss: 0.08824, MAE: 0.14321, time/step=795ms, lr=4.67e-04
2023-04-18 04:36:29,226 - logger.py:50 - Epoch: [50] Target: [1] train MAE: 0.14321, val MAE: 0.24688, test MAE: 0.25384, Time: 384.47s
2023-04-18 04:36:29,226 - logger.py:50 - Best -- epoch=47, train MAE: 0.14971, val MAE: 0.24515, test MAE: 0.24796

2023-04-18 04:36:30,310 - logger.py:50 - Epoch: [51][0/468] 	 loss: 0.11510, MAE: 0.18680, time/step=1081ms, lr=4.65e-04
2023-04-18 04:37:49,212 - logger.py:50 - Epoch: [51][100/468] 	 loss: 0.08504, MAE: 0.13801, time/step=792ms, lr=4.65e-04
2023-04-18 04:39:08,126 - logger.py:50 - Epoch: [51][200/468] 	 loss: 0.08771, MAE: 0.14234, time/step=791ms, lr=4.65e-04
2023-04-18 04:40:26,519 - logger.py:50 - Epoch: [51][300/468] 	 loss: 0.08900, MAE: 0.14444, time/step=788ms, lr=4.65e-04
2023-04-18 04:41:44,519 - logger.py:50 - Epoch: [51][400/468] 	 loss: 0.09064, MAE: 0.14710, time/step=786ms, lr=4.65e-04
2023-04-18 04:42:38,209 - logger.py:50 - Epoch: [51][467/468] 	 loss: 0.09106, MAE: 0.14777, time/step=788ms, lr=4.65e-04
2023-04-18 04:42:50,721 - logger.py:50 - Epoch: [51] Target: [1] train MAE: 0.14777, val MAE: 0.26432, test MAE: 0.26495, Time: 381.49s
2023-04-18 04:42:50,721 - logger.py:50 - Best -- epoch=47, train MAE: 0.14971, val MAE: 0.24515, test MAE: 0.24796

2023-04-18 04:42:51,815 - logger.py:50 - Epoch: [52][0/468] 	 loss: 0.10918, MAE: 0.17719, time/step=1092ms, lr=4.64e-04
2023-04-18 04:44:10,692 - logger.py:50 - Epoch: [52][100/468] 	 loss: 0.09025, MAE: 0.14647, time/step=792ms, lr=4.64e-04
2023-04-18 04:45:29,372 - logger.py:50 - Epoch: [52][200/468] 	 loss: 0.08890, MAE: 0.14427, time/step=789ms, lr=4.64e-04
2023-04-18 04:46:47,899 - logger.py:50 - Epoch: [52][300/468] 	 loss: 0.08781, MAE: 0.14251, time/step=788ms, lr=4.64e-04
2023-04-18 04:48:07,396 - logger.py:50 - Epoch: [52][400/468] 	 loss: 0.08826, MAE: 0.14324, time/step=790ms, lr=4.64e-04
2023-04-18 04:49:00,666 - logger.py:50 - Epoch: [52][467/468] 	 loss: 0.08911, MAE: 0.14462, time/step=790ms, lr=4.64e-04
2023-04-18 04:49:13,157 - logger.py:50 - Epoch: [52] Target: [1] train MAE: 0.14462, val MAE: 0.24803, test MAE: 0.25408, Time: 382.44s
2023-04-18 04:49:13,157 - logger.py:50 - Best -- epoch=47, train MAE: 0.14971, val MAE: 0.24515, test MAE: 0.24796

2023-04-18 04:49:14,233 - logger.py:50 - Epoch: [53][0/468] 	 loss: 0.07122, MAE: 0.11558, time/step=1074ms, lr=4.63e-04
2023-04-18 04:50:32,931 - logger.py:50 - Epoch: [53][100/468] 	 loss: 0.08254, MAE: 0.13395, time/step=790ms, lr=4.63e-04
2023-04-18 04:51:52,141 - logger.py:50 - Epoch: [53][200/468] 	 loss: 0.08258, MAE: 0.13402, time/step=791ms, lr=4.63e-04
2023-04-18 04:53:09,850 - logger.py:50 - Epoch: [53][300/468] 	 loss: 0.08346, MAE: 0.13545, time/step=786ms, lr=4.63e-04
2023-04-18 04:54:29,164 - logger.py:50 - Epoch: [53][400/468] 	 loss: 0.08306, MAE: 0.13480, time/step=788ms, lr=4.63e-04
2023-04-18 04:55:21,772 - logger.py:50 - Epoch: [53][467/468] 	 loss: 0.08313, MAE: 0.13492, time/step=788ms, lr=4.63e-04
2023-04-18 04:55:34,270 - logger.py:50 - Epoch: [53] Target: [1] train MAE: 0.13492, val MAE: 0.24715, test MAE: 0.24843, Time: 381.11s
2023-04-18 04:55:34,271 - logger.py:50 - Best -- epoch=47, train MAE: 0.14971, val MAE: 0.24515, test MAE: 0.24796

2023-04-18 04:55:35,263 - logger.py:50 - Epoch: [54][0/468] 	 loss: 0.05732, MAE: 0.09302, time/step=990ms, lr=4.61e-04
2023-04-18 04:56:54,717 - logger.py:50 - Epoch: [54][100/468] 	 loss: 0.07897, MAE: 0.12816, time/step=796ms, lr=4.61e-04
2023-04-18 04:58:13,035 - logger.py:50 - Epoch: [54][200/468] 	 loss: 0.07893, MAE: 0.12810, time/step=790ms, lr=4.61e-04
2023-04-18 04:59:31,949 - logger.py:50 - Epoch: [54][300/468] 	 loss: 0.08048, MAE: 0.13060, time/step=790ms, lr=4.61e-04
2023-04-18 05:00:49,973 - logger.py:50 - Epoch: [54][400/468] 	 loss: 0.08278, MAE: 0.13435, time/step=787ms, lr=4.61e-04
2023-04-18 05:01:45,028 - logger.py:50 - Epoch: [54][467/468] 	 loss: 0.08321, MAE: 0.13503, time/step=792ms, lr=4.61e-04
2023-04-18 05:01:57,515 - logger.py:50 - Epoch: [54] Target: [1] train MAE: 0.13503, val MAE: 0.24201, test MAE: 0.24356, Time: 383.24s
2023-04-18 05:01:57,515 - logger.py:50 - Best -- epoch=54, train MAE: 0.13503, val MAE: 0.24201, test MAE: 0.24356

2023-04-18 05:01:58,531 - logger.py:50 - Epoch: [55][0/468] 	 loss: 0.07860, MAE: 0.12755, time/step=1014ms, lr=4.60e-04
2023-04-18 05:03:16,927 - logger.py:50 - Epoch: [55][100/468] 	 loss: 0.08259, MAE: 0.13403, time/step=786ms, lr=4.60e-04
2023-04-18 05:04:35,869 - logger.py:50 - Epoch: [55][200/468] 	 loss: 0.08128, MAE: 0.13191, time/step=788ms, lr=4.60e-04
2023-04-18 05:05:54,386 - logger.py:50 - Epoch: [55][300/468] 	 loss: 0.08108, MAE: 0.13158, time/step=787ms, lr=4.60e-04
2023-04-18 05:07:13,380 - logger.py:50 - Epoch: [55][400/468] 	 loss: 0.08209, MAE: 0.13322, time/step=788ms, lr=4.60e-04
2023-04-18 05:08:06,574 - logger.py:50 - Epoch: [55][467/468] 	 loss: 0.08310, MAE: 0.13487, time/step=789ms, lr=4.60e-04
2023-04-18 05:08:19,089 - logger.py:50 - Epoch: [55] Target: [1] train MAE: 0.13487, val MAE: 0.25845, test MAE: 0.25472, Time: 381.57s
2023-04-18 05:08:19,089 - logger.py:50 - Best -- epoch=54, train MAE: 0.13503, val MAE: 0.24201, test MAE: 0.24356

2023-04-18 05:08:20,262 - logger.py:50 - Epoch: [56][0/468] 	 loss: 0.08108, MAE: 0.13158, time/step=1170ms, lr=4.58e-04
2023-04-18 05:09:38,920 - logger.py:50 - Epoch: [56][100/468] 	 loss: 0.08135, MAE: 0.13202, time/step=790ms, lr=4.58e-04
2023-04-18 05:10:57,961 - logger.py:50 - Epoch: [56][200/468] 	 loss: 0.07969, MAE: 0.12932, time/step=790ms, lr=4.58e-04
2023-04-18 05:12:17,053 - logger.py:50 - Epoch: [56][300/468] 	 loss: 0.08038, MAE: 0.13044, time/step=791ms, lr=4.58e-04
2023-04-18 05:13:35,746 - logger.py:50 - Epoch: [56][400/468] 	 loss: 0.08019, MAE: 0.13013, time/step=790ms, lr=4.58e-04
2023-04-18 05:14:28,292 - logger.py:50 - Epoch: [56][467/468] 	 loss: 0.08087, MAE: 0.13124, time/step=789ms, lr=4.58e-04
2023-04-18 05:14:40,843 - logger.py:50 - Epoch: [56] Target: [1] train MAE: 0.13124, val MAE: 0.24334, test MAE: 0.24526, Time: 381.75s
2023-04-18 05:14:40,843 - logger.py:50 - Best -- epoch=54, train MAE: 0.13503, val MAE: 0.24201, test MAE: 0.24356

2023-04-18 05:14:41,969 - logger.py:50 - Epoch: [57][0/468] 	 loss: 0.06166, MAE: 0.10007, time/step=1124ms, lr=4.57e-04
2023-04-18 05:16:00,386 - logger.py:50 - Epoch: [57][100/468] 	 loss: 0.08310, MAE: 0.13486, time/step=788ms, lr=4.57e-04
2023-04-18 05:17:18,746 - logger.py:50 - Epoch: [57][200/468] 	 loss: 0.08182, MAE: 0.13279, time/step=786ms, lr=4.57e-04
2023-04-18 05:18:38,425 - logger.py:50 - Epoch: [57][300/468] 	 loss: 0.08178, MAE: 0.13272, time/step=789ms, lr=4.57e-04
2023-04-18 05:19:57,009 - logger.py:50 - Epoch: [57][400/468] 	 loss: 0.08161, MAE: 0.13245, time/step=788ms, lr=4.57e-04
2023-04-18 05:20:49,943 - logger.py:50 - Epoch: [57][467/468] 	 loss: 0.08229, MAE: 0.13354, time/step=789ms, lr=4.57e-04
2023-04-18 05:21:02,465 - logger.py:50 - Epoch: [57] Target: [1] train MAE: 0.13354, val MAE: 0.24734, test MAE: 0.25063, Time: 381.62s
2023-04-18 05:21:02,466 - logger.py:50 - Best -- epoch=54, train MAE: 0.13503, val MAE: 0.24201, test MAE: 0.24356

2023-04-18 05:21:03,648 - logger.py:50 - Epoch: [58][0/468] 	 loss: 0.06850, MAE: 0.11117, time/step=1180ms, lr=4.55e-04
2023-04-18 05:22:22,625 - logger.py:50 - Epoch: [58][100/468] 	 loss: 0.08133, MAE: 0.13199, time/step=794ms, lr=4.55e-04
2023-04-18 05:23:40,950 - logger.py:50 - Epoch: [58][200/468] 	 loss: 0.08175, MAE: 0.13267, time/step=788ms, lr=4.55e-04
2023-04-18 05:25:00,070 - logger.py:50 - Epoch: [58][300/468] 	 loss: 0.08127, MAE: 0.13190, time/step=789ms, lr=4.55e-04
2023-04-18 05:26:18,607 - logger.py:50 - Epoch: [58][400/468] 	 loss: 0.08111, MAE: 0.13163, time/step=788ms, lr=4.55e-04
2023-04-18 05:27:11,350 - logger.py:50 - Epoch: [58][467/468] 	 loss: 0.08059, MAE: 0.13079, time/step=788ms, lr=4.55e-04
2023-04-18 05:27:23,842 - logger.py:50 - Epoch: [58] Target: [1] train MAE: 0.13079, val MAE: 0.24167, test MAE: 0.24191, Time: 381.38s
2023-04-18 05:27:23,842 - logger.py:50 - Best -- epoch=58, train MAE: 0.13079, val MAE: 0.24167, test MAE: 0.24191

2023-04-18 05:27:24,941 - logger.py:50 - Epoch: [59][0/468] 	 loss: 0.07064, MAE: 0.11465, time/step=1097ms, lr=4.54e-04
2023-04-18 05:28:43,367 - logger.py:50 - Epoch: [59][100/468] 	 loss: 0.07642, MAE: 0.12401, time/step=787ms, lr=4.54e-04
2023-04-18 05:30:03,074 - logger.py:50 - Epoch: [59][200/468] 	 loss: 0.07662, MAE: 0.12435, time/step=792ms, lr=4.54e-04
2023-04-18 05:31:21,945 - logger.py:50 - Epoch: [59][300/468] 	 loss: 0.07702, MAE: 0.12500, time/step=791ms, lr=4.54e-04
2023-04-18 05:32:40,329 - logger.py:50 - Epoch: [59][400/468] 	 loss: 0.07782, MAE: 0.12629, time/step=789ms, lr=4.54e-04
2023-04-18 05:33:32,655 - logger.py:50 - Epoch: [59][467/468] 	 loss: 0.07831, MAE: 0.12708, time/step=788ms, lr=4.54e-04
2023-04-18 05:33:45,195 - logger.py:50 - Epoch: [59] Target: [1] train MAE: 0.12708, val MAE: 0.24346, test MAE: 0.24537, Time: 381.35s
2023-04-18 05:33:45,195 - logger.py:50 - Best -- epoch=58, train MAE: 0.13079, val MAE: 0.24167, test MAE: 0.24191

2023-04-18 05:33:46,397 - logger.py:50 - Epoch: [60][0/468] 	 loss: 0.05175, MAE: 0.08398, time/step=1200ms, lr=4.52e-04
2023-04-18 05:35:04,651 - logger.py:50 - Epoch: [60][100/468] 	 loss: 0.07284, MAE: 0.11820, time/step=787ms, lr=4.52e-04
2023-04-18 05:36:23,312 - logger.py:50 - Epoch: [60][200/468] 	 loss: 0.07383, MAE: 0.11982, time/step=787ms, lr=4.52e-04
2023-04-18 05:37:41,907 - logger.py:50 - Epoch: [60][300/468] 	 loss: 0.07596, MAE: 0.12327, time/step=786ms, lr=4.52e-04
2023-04-18 05:39:01,220 - logger.py:50 - Epoch: [60][400/468] 	 loss: 0.07678, MAE: 0.12461, time/step=788ms, lr=4.52e-04
2023-04-18 05:39:54,700 - logger.py:50 - Epoch: [60][467/468] 	 loss: 0.07724, MAE: 0.12535, time/step=790ms, lr=4.52e-04
2023-04-18 05:40:07,224 - logger.py:50 - Epoch: [60] Target: [1] train MAE: 0.12535, val MAE: 0.25079, test MAE: 0.24330, Time: 382.03s
2023-04-18 05:40:07,224 - logger.py:50 - Best -- epoch=58, train MAE: 0.13079, val MAE: 0.24167, test MAE: 0.24191

2023-04-18 05:40:08,308 - logger.py:50 - Epoch: [61][0/468] 	 loss: 0.08129, MAE: 0.13193, time/step=1081ms, lr=4.51e-04
2023-04-18 05:41:26,668 - logger.py:50 - Epoch: [61][100/468] 	 loss: 0.07941, MAE: 0.12887, time/step=787ms, lr=4.51e-04
2023-04-18 05:42:45,567 - logger.py:50 - Epoch: [61][200/468] 	 loss: 0.07895, MAE: 0.12813, time/step=788ms, lr=4.51e-04
2023-04-18 05:44:05,889 - logger.py:50 - Epoch: [61][300/468] 	 loss: 0.07975, MAE: 0.12942, time/step=793ms, lr=4.51e-04
2023-04-18 05:45:25,279 - logger.py:50 - Epoch: [61][400/468] 	 loss: 0.08002, MAE: 0.12987, time/step=793ms, lr=4.51e-04
2023-04-18 05:46:17,365 - logger.py:50 - Epoch: [61][467/468] 	 loss: 0.08050, MAE: 0.13064, time/step=791ms, lr=4.51e-04
2023-04-18 05:46:29,840 - logger.py:50 - Epoch: [61] Target: [1] train MAE: 0.13064, val MAE: 0.24602, test MAE: 0.24232, Time: 382.62s
2023-04-18 05:46:29,841 - logger.py:50 - Best -- epoch=58, train MAE: 0.13079, val MAE: 0.24167, test MAE: 0.24191

2023-04-18 05:46:31,041 - logger.py:50 - Epoch: [62][0/468] 	 loss: 0.08267, MAE: 0.13416, time/step=1198ms, lr=4.49e-04
2023-04-18 05:47:50,744 - logger.py:50 - Epoch: [62][100/468] 	 loss: 0.07878, MAE: 0.12785, time/step=801ms, lr=4.49e-04
2023-04-18 05:49:10,159 - logger.py:50 - Epoch: [62][200/468] 	 loss: 0.07902, MAE: 0.12824, time/step=798ms, lr=4.49e-04
2023-04-18 05:50:27,988 - logger.py:50 - Epoch: [62][300/468] 	 loss: 0.07920, MAE: 0.12854, time/step=791ms, lr=4.49e-04
2023-04-18 05:51:46,104 - logger.py:50 - Epoch: [62][400/468] 	 loss: 0.07821, MAE: 0.12693, time/step=789ms, lr=4.49e-04
2023-04-18 05:52:38,638 - logger.py:50 - Epoch: [62][467/468] 	 loss: 0.07908, MAE: 0.12834, time/step=788ms, lr=4.49e-04
2023-04-18 05:52:51,165 - logger.py:50 - Epoch: [62] Target: [1] train MAE: 0.12834, val MAE: 0.24805, test MAE: 0.24720, Time: 381.32s
2023-04-18 05:52:51,165 - logger.py:50 - Best -- epoch=58, train MAE: 0.13079, val MAE: 0.24167, test MAE: 0.24191

2023-04-18 05:52:52,296 - logger.py:50 - Epoch: [63][0/468] 	 loss: 0.06675, MAE: 0.10833, time/step=1129ms, lr=4.48e-04
2023-04-18 05:54:11,603 - logger.py:50 - Epoch: [63][100/468] 	 loss: 0.07699, MAE: 0.12495, time/step=796ms, lr=4.48e-04
2023-04-18 05:55:30,193 - logger.py:50 - Epoch: [63][200/468] 	 loss: 0.07489, MAE: 0.12154, time/step=791ms, lr=4.48e-04
2023-04-18 05:56:48,138 - logger.py:50 - Epoch: [63][300/468] 	 loss: 0.07511, MAE: 0.12190, time/step=787ms, lr=4.48e-04
2023-04-18 05:58:07,285 - logger.py:50 - Epoch: [63][400/468] 	 loss: 0.07565, MAE: 0.12277, time/step=788ms, lr=4.48e-04
2023-04-18 05:59:00,087 - logger.py:50 - Epoch: [63][467/468] 	 loss: 0.07564, MAE: 0.12275, time/step=788ms, lr=4.48e-04
2023-04-18 05:59:12,601 - logger.py:50 - Epoch: [63] Target: [1] train MAE: 0.12275, val MAE: 0.25220, test MAE: 0.24169, Time: 381.44s
2023-04-18 05:59:12,601 - logger.py:50 - Best -- epoch=58, train MAE: 0.13079, val MAE: 0.24167, test MAE: 0.24191

2023-04-18 05:59:13,807 - logger.py:50 - Epoch: [64][0/468] 	 loss: 0.06392, MAE: 0.10374, time/step=1203ms, lr=4.46e-04
2023-04-18 06:00:32,371 - logger.py:50 - Epoch: [64][100/468] 	 loss: 0.06970, MAE: 0.11312, time/step=790ms, lr=4.46e-04
2023-04-18 06:01:50,866 - logger.py:50 - Epoch: [64][200/468] 	 loss: 0.07113, MAE: 0.11544, time/step=787ms, lr=4.46e-04
2023-04-18 06:03:09,593 - logger.py:50 - Epoch: [64][300/468] 	 loss: 0.07154, MAE: 0.11610, time/step=787ms, lr=4.46e-04
2023-04-18 06:04:28,807 - logger.py:50 - Epoch: [64][400/468] 	 loss: 0.07231, MAE: 0.11734, time/step=789ms, lr=4.46e-04
2023-04-18 06:05:21,183 - logger.py:50 - Epoch: [64][467/468] 	 loss: 0.07287, MAE: 0.11826, time/step=788ms, lr=4.46e-04
2023-04-18 06:05:33,700 - logger.py:50 - Epoch: [64] Target: [1] train MAE: 0.11826, val MAE: 0.24603, test MAE: 0.24527, Time: 381.10s
2023-04-18 06:05:33,700 - logger.py:50 - Best -- epoch=58, train MAE: 0.13079, val MAE: 0.24167, test MAE: 0.24191

2023-04-18 06:05:34,764 - logger.py:50 - Epoch: [65][0/468] 	 loss: 0.05396, MAE: 0.08757, time/step=1062ms, lr=4.44e-04
2023-04-18 06:06:53,781 - logger.py:50 - Epoch: [65][100/468] 	 loss: 0.07299, MAE: 0.11846, time/step=793ms, lr=4.44e-04
2023-04-18 06:08:11,938 - logger.py:50 - Epoch: [65][200/468] 	 loss: 0.07346, MAE: 0.11921, time/step=787ms, lr=4.44e-04
2023-04-18 06:09:31,002 - logger.py:50 - Epoch: [65][300/468] 	 loss: 0.07277, MAE: 0.11810, time/step=788ms, lr=4.44e-04
2023-04-18 06:10:49,443 - logger.py:50 - Epoch: [65][400/468] 	 loss: 0.07337, MAE: 0.11907, time/step=787ms, lr=4.44e-04
2023-04-18 06:11:42,506 - logger.py:50 - Epoch: [65][467/468] 	 loss: 0.07377, MAE: 0.11972, time/step=788ms, lr=4.44e-04
2023-04-18 06:11:54,988 - logger.py:50 - Epoch: [65] Target: [1] train MAE: 0.11972, val MAE: 0.24741, test MAE: 0.23941, Time: 381.29s
2023-04-18 06:11:54,988 - logger.py:50 - Best -- epoch=58, train MAE: 0.13079, val MAE: 0.24167, test MAE: 0.24191

2023-04-18 06:11:56,076 - logger.py:50 - Epoch: [66][0/468] 	 loss: 0.07422, MAE: 0.12045, time/step=1086ms, lr=4.43e-04
2023-04-18 06:13:14,886 - logger.py:50 - Epoch: [66][100/468] 	 loss: 0.07432, MAE: 0.12062, time/step=791ms, lr=4.43e-04
2023-04-18 06:14:33,643 - logger.py:50 - Epoch: [66][200/468] 	 loss: 0.07338, MAE: 0.11909, time/step=789ms, lr=4.43e-04
2023-04-18 06:15:52,724 - logger.py:50 - Epoch: [66][300/468] 	 loss: 0.07288, MAE: 0.11827, time/step=790ms, lr=4.43e-04
2023-04-18 06:17:11,324 - logger.py:50 - Epoch: [66][400/468] 	 loss: 0.07283, MAE: 0.11819, time/step=789ms, lr=4.43e-04
2023-04-18 06:18:04,278 - logger.py:50 - Epoch: [66][467/468] 	 loss: 0.07269, MAE: 0.11797, time/step=789ms, lr=4.43e-04
2023-04-18 06:18:16,798 - logger.py:50 - Epoch: [66] Target: [1] train MAE: 0.11797, val MAE: 0.24159, test MAE: 0.23873, Time: 381.81s
2023-04-18 06:18:16,799 - logger.py:50 - Best -- epoch=66, train MAE: 0.11797, val MAE: 0.24159, test MAE: 0.23873

2023-04-18 06:18:17,900 - logger.py:50 - Epoch: [67][0/468] 	 loss: 0.06593, MAE: 0.10699, time/step=1099ms, lr=4.41e-04
2023-04-18 06:19:36,872 - logger.py:50 - Epoch: [67][100/468] 	 loss: 0.07228, MAE: 0.11730, time/step=793ms, lr=4.41e-04
2023-04-18 06:20:55,207 - logger.py:50 - Epoch: [67][200/468] 	 loss: 0.07279, MAE: 0.11813, time/step=788ms, lr=4.41e-04
2023-04-18 06:22:14,101 - logger.py:50 - Epoch: [67][300/468] 	 loss: 0.07473, MAE: 0.12128, time/step=788ms, lr=4.41e-04
2023-04-18 06:23:33,108 - logger.py:50 - Epoch: [67][400/468] 	 loss: 0.07455, MAE: 0.12098, time/step=789ms, lr=4.41e-04
2023-04-18 06:24:25,439 - logger.py:50 - Epoch: [67][467/468] 	 loss: 0.07457, MAE: 0.12102, time/step=788ms, lr=4.41e-04
2023-04-18 06:24:37,956 - logger.py:50 - Epoch: [67] Target: [1] train MAE: 0.12102, val MAE: 0.24058, test MAE: 0.24244, Time: 381.16s
2023-04-18 06:24:37,956 - logger.py:50 - Best -- epoch=67, train MAE: 0.12102, val MAE: 0.24058, test MAE: 0.24244

2023-04-18 06:24:39,060 - logger.py:50 - Epoch: [68][0/468] 	 loss: 0.08233, MAE: 0.13362, time/step=1101ms, lr=4.39e-04
2023-04-18 06:25:57,884 - logger.py:50 - Epoch: [68][100/468] 	 loss: 0.06807, MAE: 0.11047, time/step=791ms, lr=4.39e-04
2023-04-18 06:27:17,580 - logger.py:50 - Epoch: [68][200/468] 	 loss: 0.06968, MAE: 0.11308, time/step=794ms, lr=4.39e-04
2023-04-18 06:28:36,621 - logger.py:50 - Epoch: [68][300/468] 	 loss: 0.07054, MAE: 0.11449, time/step=793ms, lr=4.39e-04
2023-04-18 06:29:54,772 - logger.py:50 - Epoch: [68][400/468] 	 loss: 0.07021, MAE: 0.11395, time/step=790ms, lr=4.39e-04
2023-04-18 06:30:47,514 - logger.py:50 - Epoch: [68][467/468] 	 loss: 0.07048, MAE: 0.11439, time/step=790ms, lr=4.39e-04
2023-04-18 06:31:00,015 - logger.py:50 - Epoch: [68] Target: [1] train MAE: 0.11439, val MAE: 0.24464, test MAE: 0.24691, Time: 382.06s
2023-04-18 06:31:00,015 - logger.py:50 - Best -- epoch=67, train MAE: 0.12102, val MAE: 0.24058, test MAE: 0.24244

2023-04-18 06:31:01,162 - logger.py:50 - Epoch: [69][0/468] 	 loss: 0.09605, MAE: 0.15588, time/step=1144ms, lr=4.38e-04
2023-04-18 06:32:19,539 - logger.py:50 - Epoch: [69][100/468] 	 loss: 0.07055, MAE: 0.11449, time/step=787ms, lr=4.38e-04
2023-04-18 06:33:38,272 - logger.py:50 - Epoch: [69][200/468] 	 loss: 0.07049, MAE: 0.11439, time/step=787ms, lr=4.38e-04
2023-04-18 06:34:57,750 - logger.py:50 - Epoch: [69][300/468] 	 loss: 0.07038, MAE: 0.11423, time/step=790ms, lr=4.38e-04
2023-04-18 06:36:15,923 - logger.py:50 - Epoch: [69][400/468] 	 loss: 0.06995, MAE: 0.11352, time/step=788ms, lr=4.38e-04
2023-04-18 06:37:08,867 - logger.py:50 - Epoch: [69][467/468] 	 loss: 0.07023, MAE: 0.11397, time/step=788ms, lr=4.38e-04
2023-04-18 06:37:21,380 - logger.py:50 - Epoch: [69] Target: [1] train MAE: 0.11397, val MAE: 0.24177, test MAE: 0.23841, Time: 381.36s
2023-04-18 06:37:21,380 - logger.py:50 - Best -- epoch=67, train MAE: 0.12102, val MAE: 0.24058, test MAE: 0.24244

2023-04-18 06:37:23,181 - logger.py:50 - Epoch: [70][0/468] 	 loss: 0.10421, MAE: 0.16912, time/step=1799ms, lr=4.36e-04
2023-04-18 06:38:41,932 - logger.py:50 - Epoch: [70][100/468] 	 loss: 0.06850, MAE: 0.11117, time/step=798ms, lr=4.36e-04
2023-04-18 06:40:00,493 - logger.py:50 - Epoch: [70][200/468] 	 loss: 0.06855, MAE: 0.11125, time/step=792ms, lr=4.36e-04
2023-04-18 06:41:20,030 - logger.py:50 - Epoch: [70][300/468] 	 loss: 0.06823, MAE: 0.11072, time/step=793ms, lr=4.36e-04
2023-04-18 06:42:39,089 - logger.py:50 - Epoch: [70][400/468] 	 loss: 0.06881, MAE: 0.11167, time/step=792ms, lr=4.36e-04
2023-04-18 06:43:31,997 - logger.py:50 - Epoch: [70][467/468] 	 loss: 0.06868, MAE: 0.11147, time/step=792ms, lr=4.36e-04
2023-04-18 06:43:44,498 - logger.py:50 - Epoch: [70] Target: [1] train MAE: 0.11147, val MAE: 0.25044, test MAE: 0.24889, Time: 383.12s
2023-04-18 06:43:44,498 - logger.py:50 - Best -- epoch=67, train MAE: 0.12102, val MAE: 0.24058, test MAE: 0.24244

2023-04-18 06:43:45,525 - logger.py:50 - Epoch: [71][0/468] 	 loss: 0.05150, MAE: 0.08358, time/step=1025ms, lr=4.34e-04
2023-04-18 06:45:04,027 - logger.py:50 - Epoch: [71][100/468] 	 loss: 0.06846, MAE: 0.11111, time/step=787ms, lr=4.34e-04
2023-04-18 06:46:23,408 - logger.py:50 - Epoch: [71][200/468] 	 loss: 0.06986, MAE: 0.11337, time/step=791ms, lr=4.34e-04
2023-04-18 06:47:41,817 - logger.py:50 - Epoch: [71][300/468] 	 loss: 0.06962, MAE: 0.11298, time/step=788ms, lr=4.34e-04
2023-04-18 06:49:00,257 - logger.py:50 - Epoch: [71][400/468] 	 loss: 0.06954, MAE: 0.11286, time/step=787ms, lr=4.34e-04
2023-04-18 06:49:53,024 - logger.py:50 - Epoch: [71][467/468] 	 loss: 0.06974, MAE: 0.11319, time/step=787ms, lr=4.34e-04
2023-04-18 06:50:05,574 - logger.py:50 - Epoch: [71] Target: [1] train MAE: 0.11319, val MAE: 0.23984, test MAE: 0.23680, Time: 381.08s
2023-04-18 06:50:05,574 - logger.py:50 - Best -- epoch=71, train MAE: 0.11319, val MAE: 0.23984, test MAE: 0.23680

2023-04-18 06:50:06,765 - logger.py:50 - Epoch: [72][0/468] 	 loss: 0.06064, MAE: 0.09841, time/step=1189ms, lr=4.32e-04
2023-04-18 06:51:24,782 - logger.py:50 - Epoch: [72][100/468] 	 loss: 0.06595, MAE: 0.10702, time/step=784ms, lr=4.32e-04
2023-04-18 06:52:44,646 - logger.py:50 - Epoch: [72][200/468] 	 loss: 0.06605, MAE: 0.10718, time/step=791ms, lr=4.32e-04
2023-04-18 06:54:02,730 - logger.py:50 - Epoch: [72][300/468] 	 loss: 0.06662, MAE: 0.10812, time/step=788ms, lr=4.32e-04
2023-04-18 06:55:21,205 - logger.py:50 - Epoch: [72][400/468] 	 loss: 0.06609, MAE: 0.10726, time/step=787ms, lr=4.32e-04
2023-04-18 06:56:14,937 - logger.py:50 - Epoch: [72][467/468] 	 loss: 0.06646, MAE: 0.10786, time/step=789ms, lr=4.32e-04
2023-04-18 06:56:27,545 - logger.py:50 - Epoch: [72] Target: [1] train MAE: 0.10786, val MAE: 0.23851, test MAE: 0.23585, Time: 381.97s
2023-04-18 06:56:27,545 - logger.py:50 - Best -- epoch=72, train MAE: 0.10786, val MAE: 0.23851, test MAE: 0.23585

2023-04-18 06:56:28,708 - logger.py:50 - Epoch: [73][0/468] 	 loss: 0.06671, MAE: 0.10826, time/step=1161ms, lr=4.31e-04
2023-04-18 06:57:48,209 - logger.py:50 - Epoch: [73][100/468] 	 loss: 0.06462, MAE: 0.10487, time/step=799ms, lr=4.31e-04
2023-04-18 06:59:07,283 - logger.py:50 - Epoch: [73][200/468] 	 loss: 0.06358, MAE: 0.10318, time/step=795ms, lr=4.31e-04
2023-04-18 07:00:26,303 - logger.py:50 - Epoch: [73][300/468] 	 loss: 0.06423, MAE: 0.10423, time/step=793ms, lr=4.31e-04
2023-04-18 07:01:45,019 - logger.py:50 - Epoch: [73][400/468] 	 loss: 0.06556, MAE: 0.10640, time/step=792ms, lr=4.31e-04
2023-04-18 07:02:37,840 - logger.py:50 - Epoch: [73][467/468] 	 loss: 0.06601, MAE: 0.10712, time/step=791ms, lr=4.31e-04
2023-04-18 07:02:50,575 - logger.py:50 - Epoch: [73] Target: [1] train MAE: 0.10712, val MAE: 0.23317, test MAE: 0.24072, Time: 383.03s
2023-04-18 07:02:50,575 - logger.py:50 - Best -- epoch=73, train MAE: 0.10712, val MAE: 0.23317, test MAE: 0.24072

2023-04-18 07:02:51,765 - logger.py:50 - Epoch: [74][0/468] 	 loss: 0.05831, MAE: 0.09462, time/step=1187ms, lr=4.29e-04
2023-04-18 07:04:10,274 - logger.py:50 - Epoch: [74][100/468] 	 loss: 0.06647, MAE: 0.10787, time/step=789ms, lr=4.29e-04
2023-04-18 07:05:28,992 - logger.py:50 - Epoch: [74][200/468] 	 loss: 0.06614, MAE: 0.10734, time/step=788ms, lr=4.29e-04
2023-04-18 07:06:47,245 - logger.py:50 - Epoch: [74][300/468] 	 loss: 0.06733, MAE: 0.10927, time/step=786ms, lr=4.29e-04
2023-04-18 07:08:06,023 - logger.py:50 - Epoch: [74][400/468] 	 loss: 0.06785, MAE: 0.11011, time/step=787ms, lr=4.29e-04
2023-04-18 07:08:59,608 - logger.py:50 - Epoch: [74][467/468] 	 loss: 0.06895, MAE: 0.11190, time/step=789ms, lr=4.29e-04
2023-04-18 07:09:12,477 - logger.py:50 - Epoch: [74] Target: [1] train MAE: 0.11190, val MAE: 0.25008, test MAE: 0.25041, Time: 381.90s
2023-04-18 07:09:12,478 - logger.py:50 - Best -- epoch=73, train MAE: 0.10712, val MAE: 0.23317, test MAE: 0.24072

2023-04-18 07:09:13,527 - logger.py:50 - Epoch: [75][0/468] 	 loss: 0.10528, MAE: 0.17087, time/step=1047ms, lr=4.27e-04
2023-04-18 07:10:32,729 - logger.py:50 - Epoch: [75][100/468] 	 loss: 0.06910, MAE: 0.11214, time/step=795ms, lr=4.27e-04
2023-04-18 07:11:51,881 - logger.py:50 - Epoch: [75][200/468] 	 loss: 0.06883, MAE: 0.11171, time/step=793ms, lr=4.27e-04
2023-04-18 07:13:11,585 - logger.py:50 - Epoch: [75][300/468] 	 loss: 0.06874, MAE: 0.11156, time/step=794ms, lr=4.27e-04
2023-04-18 07:14:30,397 - logger.py:50 - Epoch: [75][400/468] 	 loss: 0.06851, MAE: 0.11118, time/step=793ms, lr=4.27e-04
2023-04-18 07:15:22,388 - logger.py:50 - Epoch: [75][467/468] 	 loss: 0.06798, MAE: 0.11032, time/step=790ms, lr=4.27e-04
2023-04-18 07:15:34,937 - logger.py:50 - Epoch: [75] Target: [1] train MAE: 0.11032, val MAE: 0.24077, test MAE: 0.23764, Time: 382.46s
2023-04-18 07:15:34,937 - logger.py:50 - Best -- epoch=73, train MAE: 0.10712, val MAE: 0.23317, test MAE: 0.24072

2023-04-18 07:15:36,021 - logger.py:50 - Epoch: [76][0/468] 	 loss: 0.06731, MAE: 0.10923, time/step=1081ms, lr=4.25e-04
2023-04-18 07:16:54,618 - logger.py:50 - Epoch: [76][100/468] 	 loss: 0.06415, MAE: 0.10411, time/step=789ms, lr=4.25e-04
2023-04-18 07:18:13,555 - logger.py:50 - Epoch: [76][200/468] 	 loss: 0.06474, MAE: 0.10507, time/step=789ms, lr=4.25e-04
2023-04-18 07:19:32,774 - logger.py:50 - Epoch: [76][300/468] 	 loss: 0.06500, MAE: 0.10549, time/step=790ms, lr=4.25e-04
2023-04-18 07:20:50,909 - logger.py:50 - Epoch: [76][400/468] 	 loss: 0.06586, MAE: 0.10689, time/step=788ms, lr=4.25e-04
2023-04-18 07:21:43,498 - logger.py:50 - Epoch: [76][467/468] 	 loss: 0.06597, MAE: 0.10707, time/step=788ms, lr=4.25e-04
2023-04-18 07:21:55,999 - logger.py:50 - Epoch: [76] Target: [1] train MAE: 0.10707, val MAE: 0.23855, test MAE: 0.23693, Time: 381.06s
2023-04-18 07:21:55,999 - logger.py:50 - Best -- epoch=73, train MAE: 0.10712, val MAE: 0.23317, test MAE: 0.24072

2023-04-18 07:21:57,121 - logger.py:50 - Epoch: [77][0/468] 	 loss: 0.04477, MAE: 0.07265, time/step=1120ms, lr=4.23e-04
2023-04-18 07:23:15,661 - logger.py:50 - Epoch: [77][100/468] 	 loss: 0.06209, MAE: 0.10077, time/step=789ms, lr=4.23e-04
2023-04-18 07:24:34,937 - logger.py:50 - Epoch: [77][200/468] 	 loss: 0.06209, MAE: 0.10076, time/step=791ms, lr=4.23e-04
2023-04-18 07:25:53,035 - logger.py:50 - Epoch: [77][300/468] 	 loss: 0.06228, MAE: 0.10108, time/step=787ms, lr=4.23e-04
2023-04-18 07:27:12,493 - logger.py:50 - Epoch: [77][400/468] 	 loss: 0.06267, MAE: 0.10170, time/step=789ms, lr=4.23e-04
2023-04-18 07:28:05,006 - logger.py:50 - Epoch: [77][467/468] 	 loss: 0.06319, MAE: 0.10255, time/step=788ms, lr=4.23e-04
2023-04-18 07:28:17,487 - logger.py:50 - Epoch: [77] Target: [1] train MAE: 0.10255, val MAE: 0.23830, test MAE: 0.23491, Time: 381.49s
2023-04-18 07:28:17,487 - logger.py:50 - Best -- epoch=73, train MAE: 0.10712, val MAE: 0.23317, test MAE: 0.24072

2023-04-18 07:28:18,562 - logger.py:50 - Epoch: [78][0/468] 	 loss: 0.04572, MAE: 0.07420, time/step=1074ms, lr=4.21e-04
2023-04-18 07:29:36,247 - logger.py:50 - Epoch: [78][100/468] 	 loss: 0.06255, MAE: 0.10151, time/step=780ms, lr=4.21e-04
2023-04-18 07:30:55,020 - logger.py:50 - Epoch: [78][200/468] 	 loss: 0.06184, MAE: 0.10036, time/step=784ms, lr=4.21e-04
2023-04-18 07:32:12,891 - logger.py:50 - Epoch: [78][300/468] 	 loss: 0.06193, MAE: 0.10051, time/step=782ms, lr=4.21e-04
2023-04-18 07:33:32,626 - logger.py:50 - Epoch: [78][400/468] 	 loss: 0.06226, MAE: 0.10104, time/step=786ms, lr=4.21e-04
2023-04-18 07:34:26,178 - logger.py:50 - Epoch: [78][467/468] 	 loss: 0.06271, MAE: 0.10178, time/step=788ms, lr=4.21e-04
2023-04-18 07:34:38,701 - logger.py:50 - Epoch: [78] Target: [1] train MAE: 0.10178, val MAE: 0.24010, test MAE: 0.23888, Time: 381.21s
2023-04-18 07:34:38,701 - logger.py:50 - Best -- epoch=73, train MAE: 0.10712, val MAE: 0.23317, test MAE: 0.24072

2023-04-18 07:34:39,732 - logger.py:50 - Epoch: [79][0/468] 	 loss: 0.05429, MAE: 0.08810, time/step=1029ms, lr=4.19e-04
2023-04-18 07:35:58,414 - logger.py:50 - Epoch: [79][100/468] 	 loss: 0.06213, MAE: 0.10083, time/step=789ms, lr=4.19e-04
2023-04-18 07:37:17,583 - logger.py:50 - Epoch: [79][200/468] 	 loss: 0.06211, MAE: 0.10080, time/step=790ms, lr=4.19e-04
2023-04-18 07:38:36,229 - logger.py:50 - Epoch: [79][300/468] 	 loss: 0.06251, MAE: 0.10144, time/step=789ms, lr=4.19e-04
2023-04-18 07:39:54,946 - logger.py:50 - Epoch: [79][400/468] 	 loss: 0.06312, MAE: 0.10243, time/step=789ms, lr=4.19e-04
2023-04-18 07:40:47,922 - logger.py:50 - Epoch: [79][467/468] 	 loss: 0.06324, MAE: 0.10263, time/step=789ms, lr=4.19e-04
2023-04-18 07:41:00,469 - logger.py:50 - Epoch: [79] Target: [1] train MAE: 0.10263, val MAE: 0.23441, test MAE: 0.23266, Time: 381.77s
2023-04-18 07:41:00,469 - logger.py:50 - Best -- epoch=73, train MAE: 0.10712, val MAE: 0.23317, test MAE: 0.24072

2023-04-18 07:41:01,698 - logger.py:50 - Epoch: [80][0/468] 	 loss: 0.09607, MAE: 0.15591, time/step=1227ms, lr=4.17e-04
2023-04-18 07:42:20,278 - logger.py:50 - Epoch: [80][100/468] 	 loss: 0.05936, MAE: 0.09634, time/step=790ms, lr=4.17e-04
2023-04-18 07:43:38,722 - logger.py:50 - Epoch: [80][200/468] 	 loss: 0.06112, MAE: 0.09919, time/step=787ms, lr=4.17e-04
2023-04-18 07:44:57,484 - logger.py:50 - Epoch: [80][300/468] 	 loss: 0.06065, MAE: 0.09843, time/step=787ms, lr=4.17e-04
2023-04-18 07:46:16,831 - logger.py:50 - Epoch: [80][400/468] 	 loss: 0.06101, MAE: 0.09901, time/step=789ms, lr=4.17e-04
2023-04-18 07:47:09,313 - logger.py:50 - Epoch: [80][467/468] 	 loss: 0.06135, MAE: 0.09956, time/step=788ms, lr=4.17e-04
2023-04-18 07:47:21,798 - logger.py:50 - Epoch: [80] Target: [1] train MAE: 0.09956, val MAE: 0.23618, test MAE: 0.23710, Time: 381.33s
2023-04-18 07:47:21,798 - logger.py:50 - Best -- epoch=73, train MAE: 0.10712, val MAE: 0.23317, test MAE: 0.24072

2023-04-18 07:47:22,974 - logger.py:50 - Epoch: [81][0/468] 	 loss: 0.05087, MAE: 0.08256, time/step=1174ms, lr=4.15e-04
2023-04-18 07:48:40,992 - logger.py:50 - Epoch: [81][100/468] 	 loss: 0.06077, MAE: 0.09862, time/step=784ms, lr=4.15e-04
2023-04-18 07:49:59,781 - logger.py:50 - Epoch: [81][200/468] 	 loss: 0.06067, MAE: 0.09845, time/step=786ms, lr=4.15e-04
2023-04-18 07:51:18,892 - logger.py:50 - Epoch: [81][300/468] 	 loss: 0.06094, MAE: 0.09890, time/step=788ms, lr=4.15e-04
2023-04-18 07:52:38,455 - logger.py:50 - Epoch: [81][400/468] 	 loss: 0.06150, MAE: 0.09980, time/step=790ms, lr=4.15e-04
2023-04-18 07:53:31,306 - logger.py:50 - Epoch: [81][467/468] 	 loss: 0.06132, MAE: 0.09952, time/step=790ms, lr=4.15e-04
2023-04-18 07:53:43,923 - logger.py:50 - Epoch: [81] Target: [1] train MAE: 0.09952, val MAE: 0.22975, test MAE: 0.22986, Time: 382.13s
2023-04-18 07:53:43,923 - logger.py:50 - Best -- epoch=81, train MAE: 0.09952, val MAE: 0.22975, test MAE: 0.22986

2023-04-18 07:53:45,013 - logger.py:50 - Epoch: [82][0/468] 	 loss: 0.05746, MAE: 0.09325, time/step=1087ms, lr=4.14e-04
2023-04-18 07:55:03,264 - logger.py:50 - Epoch: [82][100/468] 	 loss: 0.05768, MAE: 0.09360, time/step=786ms, lr=4.14e-04
2023-04-18 07:56:22,546 - logger.py:50 - Epoch: [82][200/468] 	 loss: 0.05810, MAE: 0.09430, time/step=789ms, lr=4.14e-04
2023-04-18 07:57:41,208 - logger.py:50 - Epoch: [82][300/468] 	 loss: 0.05897, MAE: 0.09570, time/step=788ms, lr=4.14e-04
2023-04-18 07:58:59,432 - logger.py:50 - Epoch: [82][400/468] 	 loss: 0.06010, MAE: 0.09753, time/step=787ms, lr=4.14e-04
2023-04-18 07:59:52,941 - logger.py:50 - Epoch: [82][467/468] 	 loss: 0.06025, MAE: 0.09778, time/step=788ms, lr=4.14e-04
2023-04-18 08:00:05,453 - logger.py:50 - Epoch: [82] Target: [1] train MAE: 0.09778, val MAE: 0.23210, test MAE: 0.23641, Time: 381.53s
2023-04-18 08:00:05,454 - logger.py:50 - Best -- epoch=81, train MAE: 0.09952, val MAE: 0.22975, test MAE: 0.22986

2023-04-18 08:00:06,677 - logger.py:50 - Epoch: [83][0/468] 	 loss: 0.05656, MAE: 0.09179, time/step=1221ms, lr=4.12e-04
2023-04-18 08:01:26,360 - logger.py:50 - Epoch: [83][100/468] 	 loss: 0.05925, MAE: 0.09616, time/step=801ms, lr=4.12e-04
2023-04-18 08:02:44,648 - logger.py:50 - Epoch: [83][200/468] 	 loss: 0.06082, MAE: 0.09870, time/step=792ms, lr=4.12e-04
2023-04-18 08:04:03,567 - logger.py:50 - Epoch: [83][300/468] 	 loss: 0.06200, MAE: 0.10061, time/step=791ms, lr=4.12e-04
2023-04-18 08:05:22,145 - logger.py:50 - Epoch: [83][400/468] 	 loss: 0.06167, MAE: 0.10009, time/step=790ms, lr=4.12e-04
2023-04-18 08:06:14,145 - logger.py:50 - Epoch: [83][467/468] 	 loss: 0.06170, MAE: 0.10013, time/step=788ms, lr=4.12e-04
2023-04-18 08:06:26,661 - logger.py:50 - Epoch: [83] Target: [1] train MAE: 0.10013, val MAE: 0.23407, test MAE: 0.23452, Time: 381.21s
2023-04-18 08:06:26,662 - logger.py:50 - Best -- epoch=81, train MAE: 0.09952, val MAE: 0.22975, test MAE: 0.22986

2023-04-18 08:06:27,706 - logger.py:50 - Epoch: [84][0/468] 	 loss: 0.08140, MAE: 0.13210, time/step=1042ms, lr=4.10e-04
2023-04-18 08:07:47,035 - logger.py:50 - Epoch: [84][100/468] 	 loss: 0.06070, MAE: 0.09851, time/step=796ms, lr=4.10e-04
2023-04-18 08:09:06,337 - logger.py:50 - Epoch: [84][200/468] 	 loss: 0.06150, MAE: 0.09981, time/step=794ms, lr=4.10e-04
2023-04-18 08:10:25,093 - logger.py:50 - Epoch: [84][300/468] 	 loss: 0.06040, MAE: 0.09802, time/step=792ms, lr=4.10e-04
2023-04-18 08:11:42,822 - logger.py:50 - Epoch: [84][400/468] 	 loss: 0.06001, MAE: 0.09740, time/step=788ms, lr=4.10e-04
2023-04-18 08:12:36,285 - logger.py:50 - Epoch: [84][467/468] 	 loss: 0.06000, MAE: 0.09737, time/step=790ms, lr=4.10e-04
2023-04-18 08:12:48,842 - logger.py:50 - Epoch: [84] Target: [1] train MAE: 0.09737, val MAE: 0.22901, test MAE: 0.22983, Time: 382.18s
2023-04-18 08:12:48,842 - logger.py:50 - Best -- epoch=84, train MAE: 0.09737, val MAE: 0.22901, test MAE: 0.22983

2023-04-18 08:12:49,957 - logger.py:50 - Epoch: [85][0/468] 	 loss: 0.06298, MAE: 0.10221, time/step=1112ms, lr=4.08e-04
2023-04-18 08:14:09,833 - logger.py:50 - Epoch: [85][100/468] 	 loss: 0.05659, MAE: 0.09184, time/step=802ms, lr=4.08e-04
2023-04-18 08:15:28,149 - logger.py:50 - Epoch: [85][200/468] 	 loss: 0.05891, MAE: 0.09560, time/step=793ms, lr=4.08e-04
2023-04-18 08:16:47,118 - logger.py:50 - Epoch: [85][300/468] 	 loss: 0.06003, MAE: 0.09742, time/step=792ms, lr=4.08e-04
2023-04-18 08:18:06,386 - logger.py:50 - Epoch: [85][400/468] 	 loss: 0.06064, MAE: 0.09841, time/step=792ms, lr=4.08e-04
2023-04-18 08:18:59,245 - logger.py:50 - Epoch: [85][467/468] 	 loss: 0.06077, MAE: 0.09863, time/step=791ms, lr=4.08e-04
2023-04-18 08:19:11,752 - logger.py:50 - Epoch: [85] Target: [1] train MAE: 0.09863, val MAE: 0.23588, test MAE: 0.23160, Time: 382.91s
2023-04-18 08:19:11,752 - logger.py:50 - Best -- epoch=84, train MAE: 0.09737, val MAE: 0.22901, test MAE: 0.22983

2023-04-18 08:19:12,971 - logger.py:50 - Epoch: [86][0/468] 	 loss: 0.10713, MAE: 0.17386, time/step=1217ms, lr=4.05e-04
2023-04-18 08:20:31,638 - logger.py:50 - Epoch: [86][100/468] 	 loss: 0.05813, MAE: 0.09434, time/step=791ms, lr=4.05e-04
2023-04-18 08:21:50,215 - logger.py:50 - Epoch: [86][200/468] 	 loss: 0.05785, MAE: 0.09388, time/step=788ms, lr=4.05e-04
2023-04-18 08:23:09,079 - logger.py:50 - Epoch: [86][300/468] 	 loss: 0.05741, MAE: 0.09317, time/step=788ms, lr=4.05e-04
2023-04-18 08:24:27,484 - logger.py:50 - Epoch: [86][400/468] 	 loss: 0.05850, MAE: 0.09493, time/step=787ms, lr=4.05e-04
2023-04-18 08:25:20,586 - logger.py:50 - Epoch: [86][467/468] 	 loss: 0.05862, MAE: 0.09513, time/step=788ms, lr=4.05e-04
2023-04-18 08:25:33,274 - logger.py:50 - Epoch: [86] Target: [1] train MAE: 0.09513, val MAE: 0.23051, test MAE: 0.23071, Time: 381.52s
2023-04-18 08:25:33,274 - logger.py:50 - Best -- epoch=84, train MAE: 0.09737, val MAE: 0.22901, test MAE: 0.22983

2023-04-18 08:25:34,267 - logger.py:50 - Epoch: [87][0/468] 	 loss: 0.06284, MAE: 0.10198, time/step=990ms, lr=4.03e-04
2023-04-18 08:26:53,515 - logger.py:50 - Epoch: [87][100/468] 	 loss: 0.05787, MAE: 0.09392, time/step=794ms, lr=4.03e-04
2023-04-18 08:28:11,888 - logger.py:50 - Epoch: [87][200/468] 	 loss: 0.05846, MAE: 0.09488, time/step=789ms, lr=4.03e-04
2023-04-18 08:29:30,694 - logger.py:50 - Epoch: [87][300/468] 	 loss: 0.05870, MAE: 0.09526, time/step=789ms, lr=4.03e-04
2023-04-18 08:30:50,264 - logger.py:50 - Epoch: [87][400/468] 	 loss: 0.05926, MAE: 0.09618, time/step=790ms, lr=4.03e-04
2023-04-18 08:31:43,009 - logger.py:50 - Epoch: [87][467/468] 	 loss: 0.05918, MAE: 0.09604, time/step=790ms, lr=4.03e-04
2023-04-18 08:31:55,490 - logger.py:50 - Epoch: [87] Target: [1] train MAE: 0.09604, val MAE: 0.23503, test MAE: 0.23629, Time: 382.22s
2023-04-18 08:31:55,490 - logger.py:50 - Best -- epoch=84, train MAE: 0.09737, val MAE: 0.22901, test MAE: 0.22983

2023-04-18 08:31:56,665 - logger.py:50 - Epoch: [88][0/468] 	 loss: 0.04222, MAE: 0.06851, time/step=1172ms, lr=4.01e-04
2023-04-18 08:33:16,381 - logger.py:50 - Epoch: [88][100/468] 	 loss: 0.05774, MAE: 0.09371, time/step=801ms, lr=4.01e-04
2023-04-18 08:34:35,024 - logger.py:50 - Epoch: [88][200/468] 	 loss: 0.06020, MAE: 0.09770, time/step=794ms, lr=4.01e-04
2023-04-18 08:35:53,848 - logger.py:50 - Epoch: [88][300/468] 	 loss: 0.06096, MAE: 0.09894, time/step=792ms, lr=4.01e-04
2023-04-18 08:37:13,361 - logger.py:50 - Epoch: [88][400/468] 	 loss: 0.06000, MAE: 0.09737, time/step=793ms, lr=4.01e-04
2023-04-18 08:38:05,854 - logger.py:50 - Epoch: [88][467/468] 	 loss: 0.05992, MAE: 0.09724, time/step=791ms, lr=4.01e-04
2023-04-18 08:38:18,351 - logger.py:50 - Epoch: [88] Target: [1] train MAE: 0.09724, val MAE: 0.23806, test MAE: 0.23705, Time: 382.86s
2023-04-18 08:38:18,351 - logger.py:50 - Best -- epoch=84, train MAE: 0.09737, val MAE: 0.22901, test MAE: 0.22983

2023-04-18 08:38:19,595 - logger.py:50 - Epoch: [89][0/468] 	 loss: 0.07255, MAE: 0.11775, time/step=1241ms, lr=3.99e-04
2023-04-18 08:39:39,417 - logger.py:50 - Epoch: [89][100/468] 	 loss: 0.05733, MAE: 0.09303, time/step=803ms, lr=3.99e-04
2023-04-18 08:40:58,074 - logger.py:50 - Epoch: [89][200/468] 	 loss: 0.06061, MAE: 0.09837, time/step=795ms, lr=3.99e-04
2023-04-18 08:42:17,083 - logger.py:50 - Epoch: [89][300/468] 	 loss: 0.06100, MAE: 0.09900, time/step=793ms, lr=3.99e-04
2023-04-18 08:43:35,518 - logger.py:50 - Epoch: [89][400/468] 	 loss: 0.06110, MAE: 0.09915, time/step=791ms, lr=3.99e-04
2023-04-18 08:44:28,229 - logger.py:50 - Epoch: [89][467/468] 	 loss: 0.06113, MAE: 0.09920, time/step=790ms, lr=3.99e-04
2023-04-18 08:44:40,737 - logger.py:50 - Epoch: [89] Target: [1] train MAE: 0.09920, val MAE: 0.23547, test MAE: 0.23731, Time: 382.39s
2023-04-18 08:44:40,737 - logger.py:50 - Best -- epoch=84, train MAE: 0.09737, val MAE: 0.22901, test MAE: 0.22983

2023-04-18 08:44:41,791 - logger.py:50 - Epoch: [90][0/468] 	 loss: 0.05911, MAE: 0.09593, time/step=1052ms, lr=3.97e-04
2023-04-18 08:46:00,822 - logger.py:50 - Epoch: [90][100/468] 	 loss: 0.05675, MAE: 0.09209, time/step=793ms, lr=3.97e-04
2023-04-18 08:47:19,914 - logger.py:50 - Epoch: [90][200/468] 	 loss: 0.05630, MAE: 0.09136, time/step=792ms, lr=3.97e-04
2023-04-18 08:48:37,807 - logger.py:50 - Epoch: [90][300/468] 	 loss: 0.05680, MAE: 0.09219, time/step=788ms, lr=3.97e-04
2023-04-18 08:49:56,564 - logger.py:50 - Epoch: [90][400/468] 	 loss: 0.05699, MAE: 0.09249, time/step=788ms, lr=3.97e-04
2023-04-18 08:50:50,111 - logger.py:50 - Epoch: [90][467/468] 	 loss: 0.05699, MAE: 0.09249, time/step=789ms, lr=3.97e-04
2023-04-18 08:51:02,697 - logger.py:50 - Epoch: [90] Target: [1] train MAE: 0.09249, val MAE: 0.23380, test MAE: 0.23434, Time: 381.96s
2023-04-18 08:51:02,698 - logger.py:50 - Best -- epoch=84, train MAE: 0.09737, val MAE: 0.22901, test MAE: 0.22983

2023-04-18 08:51:03,813 - logger.py:50 - Epoch: [91][0/468] 	 loss: 0.06107, MAE: 0.09911, time/step=1112ms, lr=3.95e-04
2023-04-18 08:52:23,518 - logger.py:50 - Epoch: [91][100/468] 	 loss: 0.05780, MAE: 0.09381, time/step=800ms, lr=3.95e-04
2023-04-18 08:53:41,332 - logger.py:50 - Epoch: [91][200/468] 	 loss: 0.05714, MAE: 0.09273, time/step=789ms, lr=3.95e-04
2023-04-18 08:55:00,855 - logger.py:50 - Epoch: [91][300/468] 	 loss: 0.05689, MAE: 0.09233, time/step=791ms, lr=3.95e-04
2023-04-18 08:56:19,851 - logger.py:50 - Epoch: [91][400/468] 	 loss: 0.05699, MAE: 0.09248, time/step=791ms, lr=3.95e-04
2023-04-18 08:57:12,287 - logger.py:50 - Epoch: [91][467/468] 	 loss: 0.05650, MAE: 0.09170, time/step=790ms, lr=3.95e-04
2023-04-18 08:57:24,855 - logger.py:50 - Epoch: [91] Target: [1] train MAE: 0.09170, val MAE: 0.22769, test MAE: 0.22597, Time: 382.16s
2023-04-18 08:57:24,855 - logger.py:50 - Best -- epoch=91, train MAE: 0.09170, val MAE: 0.22769, test MAE: 0.22597

2023-04-18 08:57:25,872 - logger.py:50 - Epoch: [92][0/468] 	 loss: 0.04629, MAE: 0.07513, time/step=1014ms, lr=3.93e-04
2023-04-18 08:58:44,906 - logger.py:50 - Epoch: [92][100/468] 	 loss: 0.05626, MAE: 0.09130, time/step=793ms, lr=3.93e-04
2023-04-18 09:00:03,074 - logger.py:50 - Epoch: [92][200/468] 	 loss: 0.05526, MAE: 0.08967, time/step=787ms, lr=3.93e-04
2023-04-18 09:01:22,726 - logger.py:50 - Epoch: [92][300/468] 	 loss: 0.05537, MAE: 0.08986, time/step=790ms, lr=3.93e-04
2023-04-18 09:02:42,209 - logger.py:50 - Epoch: [92][400/468] 	 loss: 0.05465, MAE: 0.08869, time/step=791ms, lr=3.93e-04
2023-04-18 09:03:34,511 - logger.py:50 - Epoch: [92][467/468] 	 loss: 0.05464, MAE: 0.08867, time/step=790ms, lr=3.93e-04
2023-04-18 09:03:47,037 - logger.py:50 - Epoch: [92] Target: [1] train MAE: 0.08867, val MAE: 0.22985, test MAE: 0.23321, Time: 382.18s
2023-04-18 09:03:47,037 - logger.py:50 - Best -- epoch=91, train MAE: 0.09170, val MAE: 0.22769, test MAE: 0.22597

2023-04-18 09:03:48,213 - logger.py:50 - Epoch: [93][0/468] 	 loss: 0.04937, MAE: 0.08012, time/step=1173ms, lr=3.91e-04
2023-04-18 09:05:08,549 - logger.py:50 - Epoch: [93][100/468] 	 loss: 0.05166, MAE: 0.08385, time/step=807ms, lr=3.91e-04
2023-04-18 09:06:27,627 - logger.py:50 - Epoch: [93][200/468] 	 loss: 0.05333, MAE: 0.08655, time/step=799ms, lr=3.91e-04
2023-04-18 09:07:46,885 - logger.py:50 - Epoch: [93][300/468] 	 loss: 0.05302, MAE: 0.08605, time/step=797ms, lr=3.91e-04
2023-04-18 09:09:05,204 - logger.py:50 - Epoch: [93][400/468] 	 loss: 0.05416, MAE: 0.08789, time/step=793ms, lr=3.91e-04
2023-04-18 09:09:57,401 - logger.py:50 - Epoch: [93][467/468] 	 loss: 0.05431, MAE: 0.08815, time/step=791ms, lr=3.91e-04
2023-04-18 09:10:09,888 - logger.py:50 - Epoch: [93] Target: [1] train MAE: 0.08815, val MAE: 0.22975, test MAE: 0.22898, Time: 382.85s
2023-04-18 09:10:09,889 - logger.py:50 - Best -- epoch=91, train MAE: 0.09170, val MAE: 0.22769, test MAE: 0.22597

2023-04-18 09:10:11,031 - logger.py:50 - Epoch: [94][0/468] 	 loss: 0.04588, MAE: 0.07446, time/step=1140ms, lr=3.89e-04
2023-04-18 09:11:30,234 - logger.py:50 - Epoch: [94][100/468] 	 loss: 0.05556, MAE: 0.09017, time/step=795ms, lr=3.89e-04
2023-04-18 09:12:49,168 - logger.py:50 - Epoch: [94][200/468] 	 loss: 0.05418, MAE: 0.08792, time/step=792ms, lr=3.89e-04
2023-04-18 09:14:07,561 - logger.py:50 - Epoch: [94][300/468] 	 loss: 0.05404, MAE: 0.08771, time/step=790ms, lr=3.89e-04
2023-04-18 09:15:26,753 - logger.py:50 - Epoch: [94][400/468] 	 loss: 0.05454, MAE: 0.08851, time/step=790ms, lr=3.89e-04
2023-04-18 09:16:20,147 - logger.py:50 - Epoch: [94][467/468] 	 loss: 0.05427, MAE: 0.08808, time/step=791ms, lr=3.89e-04
2023-04-18 09:16:32,646 - logger.py:50 - Epoch: [94] Target: [1] train MAE: 0.08808, val MAE: 0.23260, test MAE: 0.23536, Time: 382.76s
2023-04-18 09:16:32,646 - logger.py:50 - Best -- epoch=91, train MAE: 0.09170, val MAE: 0.22769, test MAE: 0.22597

2023-04-18 09:16:33,847 - logger.py:50 - Epoch: [95][0/468] 	 loss: 0.03743, MAE: 0.06075, time/step=1199ms, lr=3.86e-04
2023-04-18 09:17:52,453 - logger.py:50 - Epoch: [95][100/468] 	 loss: 0.05374, MAE: 0.08722, time/step=790ms, lr=3.86e-04
2023-04-18 09:19:11,996 - logger.py:50 - Epoch: [95][200/468] 	 loss: 0.05347, MAE: 0.08678, time/step=793ms, lr=3.86e-04
2023-04-18 09:20:30,511 - logger.py:50 - Epoch: [95][300/468] 	 loss: 0.05314, MAE: 0.08624, time/step=790ms, lr=3.86e-04
2023-04-18 09:21:48,780 - logger.py:50 - Epoch: [95][400/468] 	 loss: 0.05351, MAE: 0.08684, time/step=788ms, lr=3.86e-04
2023-04-18 09:22:41,770 - logger.py:50 - Epoch: [95][467/468] 	 loss: 0.05340, MAE: 0.08666, time/step=789ms, lr=3.86e-04
2023-04-18 09:22:54,293 - logger.py:50 - Epoch: [95] Target: [1] train MAE: 0.08666, val MAE: 0.23759, test MAE: 0.23322, Time: 381.65s
2023-04-18 09:22:54,294 - logger.py:50 - Best -- epoch=91, train MAE: 0.09170, val MAE: 0.22769, test MAE: 0.22597

2023-04-18 09:22:55,382 - logger.py:50 - Epoch: [96][0/468] 	 loss: 0.04597, MAE: 0.07460, time/step=1086ms, lr=3.84e-04
2023-04-18 09:24:14,702 - logger.py:50 - Epoch: [96][100/468] 	 loss: 0.05455, MAE: 0.08852, time/step=796ms, lr=3.84e-04
2023-04-18 09:25:34,048 - logger.py:50 - Epoch: [96][200/468] 	 loss: 0.05344, MAE: 0.08673, time/step=795ms, lr=3.84e-04
2023-04-18 09:26:52,788 - logger.py:50 - Epoch: [96][300/468] 	 loss: 0.05397, MAE: 0.08759, time/step=792ms, lr=3.84e-04
2023-04-18 09:28:11,736 - logger.py:50 - Epoch: [96][400/468] 	 loss: 0.05456, MAE: 0.08855, time/step=792ms, lr=3.84e-04
2023-04-18 09:29:04,186 - logger.py:50 - Epoch: [96][467/468] 	 loss: 0.05447, MAE: 0.08840, time/step=790ms, lr=3.84e-04
2023-04-18 09:29:16,724 - logger.py:50 - Epoch: [96] Target: [1] train MAE: 0.08840, val MAE: 0.22952, test MAE: 0.22501, Time: 382.43s
2023-04-18 09:29:16,725 - logger.py:50 - Best -- epoch=91, train MAE: 0.09170, val MAE: 0.22769, test MAE: 0.22597

2023-04-18 09:29:17,794 - logger.py:50 - Epoch: [97][0/468] 	 loss: 0.04955, MAE: 0.08041, time/step=1068ms, lr=3.82e-04
2023-04-18 09:30:37,346 - logger.py:50 - Epoch: [97][100/468] 	 loss: 0.05174, MAE: 0.08396, time/step=798ms, lr=3.82e-04
2023-04-18 09:31:56,172 - logger.py:50 - Epoch: [97][200/468] 	 loss: 0.05245, MAE: 0.08512, time/step=793ms, lr=3.82e-04
2023-04-18 09:33:15,251 - logger.py:50 - Epoch: [97][300/468] 	 loss: 0.05217, MAE: 0.08466, time/step=792ms, lr=3.82e-04
2023-04-18 09:34:34,363 - logger.py:50 - Epoch: [97][400/468] 	 loss: 0.05220, MAE: 0.08472, time/step=792ms, lr=3.82e-04
2023-04-18 09:35:27,059 - logger.py:50 - Epoch: [97][467/468] 	 loss: 0.05255, MAE: 0.08528, time/step=791ms, lr=3.82e-04
2023-04-18 09:35:39,576 - logger.py:50 - Epoch: [97] Target: [1] train MAE: 0.08528, val MAE: 0.23343, test MAE: 0.23370, Time: 382.85s
2023-04-18 09:35:39,576 - logger.py:50 - Best -- epoch=91, train MAE: 0.09170, val MAE: 0.22769, test MAE: 0.22597

2023-04-18 09:35:40,694 - logger.py:50 - Epoch: [98][0/468] 	 loss: 0.04375, MAE: 0.07100, time/step=1116ms, lr=3.80e-04
2023-04-18 09:36:59,750 - logger.py:50 - Epoch: [98][100/468] 	 loss: 0.05072, MAE: 0.08231, time/step=794ms, lr=3.80e-04
2023-04-18 09:38:19,104 - logger.py:50 - Epoch: [98][200/468] 	 loss: 0.05257, MAE: 0.08531, time/step=794ms, lr=3.80e-04
2023-04-18 09:39:37,242 - logger.py:50 - Epoch: [98][300/468] 	 loss: 0.05338, MAE: 0.08662, time/step=790ms, lr=3.80e-04
2023-04-18 09:40:56,048 - logger.py:50 - Epoch: [98][400/468] 	 loss: 0.05303, MAE: 0.08606, time/step=789ms, lr=3.80e-04
2023-04-18 09:41:48,662 - logger.py:50 - Epoch: [98][467/468] 	 loss: 0.05294, MAE: 0.08591, time/step=789ms, lr=3.80e-04
2023-04-18 09:42:01,188 - logger.py:50 - Epoch: [98] Target: [1] train MAE: 0.08591, val MAE: 0.22794, test MAE: 0.22760, Time: 381.61s
2023-04-18 09:42:01,188 - logger.py:50 - Best -- epoch=91, train MAE: 0.09170, val MAE: 0.22769, test MAE: 0.22597

2023-04-18 09:42:02,388 - logger.py:50 - Epoch: [99][0/468] 	 loss: 0.04480, MAE: 0.07271, time/step=1198ms, lr=3.78e-04
2023-04-18 09:43:20,288 - logger.py:50 - Epoch: [99][100/468] 	 loss: 0.05207, MAE: 0.08450, time/step=783ms, lr=3.78e-04
2023-04-18 09:44:39,427 - logger.py:50 - Epoch: [99][200/468] 	 loss: 0.05204, MAE: 0.08446, time/step=787ms, lr=3.78e-04
2023-04-18 09:45:58,301 - logger.py:50 - Epoch: [99][300/468] 	 loss: 0.05159, MAE: 0.08373, time/step=788ms, lr=3.78e-04
2023-04-18 09:47:17,544 - logger.py:50 - Epoch: [99][400/468] 	 loss: 0.05152, MAE: 0.08360, time/step=789ms, lr=3.78e-04
2023-04-18 09:48:09,874 - logger.py:50 - Epoch: [99][467/468] 	 loss: 0.05143, MAE: 0.08347, time/step=788ms, lr=3.78e-04
2023-04-18 09:48:22,394 - logger.py:50 - Epoch: [99] Target: [1] train MAE: 0.08347, val MAE: 0.22911, test MAE: 0.23027, Time: 381.21s
2023-04-18 09:48:22,394 - logger.py:50 - Best -- epoch=91, train MAE: 0.09170, val MAE: 0.22769, test MAE: 0.22597

2023-04-18 09:48:23,510 - logger.py:50 - Epoch: [100][0/468] 	 loss: 0.03980, MAE: 0.06459, time/step=1113ms, lr=3.75e-04
2023-04-18 09:49:42,117 - logger.py:50 - Epoch: [100][100/468] 	 loss: 0.04871, MAE: 0.07905, time/step=789ms, lr=3.75e-04
2023-04-18 09:51:00,630 - logger.py:50 - Epoch: [100][200/468] 	 loss: 0.05061, MAE: 0.08214, time/step=787ms, lr=3.75e-04
2023-04-18 09:52:20,299 - logger.py:50 - Epoch: [100][300/468] 	 loss: 0.05112, MAE: 0.08296, time/step=790ms, lr=3.75e-04
2023-04-18 09:53:38,925 - logger.py:50 - Epoch: [100][400/468] 	 loss: 0.05150, MAE: 0.08358, time/step=789ms, lr=3.75e-04
2023-04-18 09:54:32,305 - logger.py:50 - Epoch: [100][467/468] 	 loss: 0.05198, MAE: 0.08435, time/step=790ms, lr=3.75e-04
2023-04-18 09:54:44,806 - logger.py:50 - Epoch: [100] Target: [1] train MAE: 0.08435, val MAE: 0.23254, test MAE: 0.23606, Time: 382.41s
2023-04-18 09:54:44,806 - logger.py:50 - Best -- epoch=91, train MAE: 0.09170, val MAE: 0.22769, test MAE: 0.22597

2023-04-18 09:54:45,944 - logger.py:50 - Epoch: [101][0/468] 	 loss: 0.06041, MAE: 0.09804, time/step=1135ms, lr=3.73e-04
2023-04-18 09:56:04,801 - logger.py:50 - Epoch: [101][100/468] 	 loss: 0.05128, MAE: 0.08322, time/step=792ms, lr=3.73e-04
2023-04-18 09:57:23,294 - logger.py:50 - Epoch: [101][200/468] 	 loss: 0.05050, MAE: 0.08195, time/step=788ms, lr=3.73e-04
2023-04-18 09:58:42,925 - logger.py:50 - Epoch: [101][300/468] 	 loss: 0.05027, MAE: 0.08159, time/step=791ms, lr=3.73e-04
2023-04-18 10:00:02,707 - logger.py:50 - Epoch: [101][400/468] 	 loss: 0.05021, MAE: 0.08149, time/step=793ms, lr=3.73e-04
2023-04-18 10:00:55,238 - logger.py:50 - Epoch: [101][467/468] 	 loss: 0.05033, MAE: 0.08169, time/step=792ms, lr=3.73e-04
2023-04-18 10:01:07,735 - logger.py:50 - Epoch: [101] Target: [1] train MAE: 0.08169, val MAE: 0.23086, test MAE: 0.22852, Time: 382.93s
2023-04-18 10:01:07,735 - logger.py:50 - Best -- epoch=91, train MAE: 0.09170, val MAE: 0.22769, test MAE: 0.22597

2023-04-18 10:01:08,793 - logger.py:50 - Epoch: [102][0/468] 	 loss: 0.03641, MAE: 0.05909, time/step=1056ms, lr=3.71e-04
2023-04-18 10:02:28,166 - logger.py:50 - Epoch: [102][100/468] 	 loss: 0.04843, MAE: 0.07860, time/step=796ms, lr=3.71e-04
2023-04-18 10:03:46,262 - logger.py:50 - Epoch: [102][200/468] 	 loss: 0.04810, MAE: 0.07806, time/step=789ms, lr=3.71e-04
2023-04-18 10:05:06,566 - logger.py:50 - Epoch: [102][300/468] 	 loss: 0.04896, MAE: 0.07945, time/step=793ms, lr=3.71e-04
2023-04-18 10:06:25,255 - logger.py:50 - Epoch: [102][400/468] 	 loss: 0.05004, MAE: 0.08121, time/step=792ms, lr=3.71e-04
2023-04-18 10:07:18,373 - logger.py:50 - Epoch: [102][467/468] 	 loss: 0.05052, MAE: 0.08198, time/step=792ms, lr=3.71e-04
2023-04-18 10:07:30,908 - logger.py:50 - Epoch: [102] Target: [1] train MAE: 0.08198, val MAE: 0.23317, test MAE: 0.23020, Time: 383.17s
2023-04-18 10:07:30,909 - logger.py:50 - Best -- epoch=91, train MAE: 0.09170, val MAE: 0.22769, test MAE: 0.22597

2023-04-18 10:07:32,097 - logger.py:50 - Epoch: [103][0/468] 	 loss: 0.03372, MAE: 0.05472, time/step=1186ms, lr=3.68e-04
2023-04-18 10:08:50,808 - logger.py:50 - Epoch: [103][100/468] 	 loss: 0.05328, MAE: 0.08647, time/step=791ms, lr=3.68e-04
2023-04-18 10:10:10,206 - logger.py:50 - Epoch: [103][200/468] 	 loss: 0.05211, MAE: 0.08456, time/step=793ms, lr=3.68e-04
2023-04-18 10:11:28,916 - logger.py:50 - Epoch: [103][300/468] 	 loss: 0.05176, MAE: 0.08401, time/step=791ms, lr=3.68e-04
2023-04-18 10:12:47,925 - logger.py:50 - Epoch: [103][400/468] 	 loss: 0.05119, MAE: 0.08308, time/step=791ms, lr=3.68e-04
2023-04-18 10:13:39,684 - logger.py:50 - Epoch: [103][467/468] 	 loss: 0.05107, MAE: 0.08288, time/step=788ms, lr=3.68e-04
2023-04-18 10:13:52,200 - logger.py:50 - Epoch: [103] Target: [1] train MAE: 0.08288, val MAE: 0.22994, test MAE: 0.23004, Time: 381.29s
2023-04-18 10:13:52,200 - logger.py:50 - Best -- epoch=91, train MAE: 0.09170, val MAE: 0.22769, test MAE: 0.22597

2023-04-18 10:13:53,279 - logger.py:50 - Epoch: [104][0/468] 	 loss: 0.05385, MAE: 0.08739, time/step=1076ms, lr=3.66e-04
2023-04-18 10:15:12,729 - logger.py:50 - Epoch: [104][100/468] 	 loss: 0.05318, MAE: 0.08631, time/step=797ms, lr=3.66e-04
2023-04-18 10:16:32,198 - logger.py:50 - Epoch: [104][200/468] 	 loss: 0.05067, MAE: 0.08223, time/step=796ms, lr=3.66e-04
2023-04-18 10:17:50,839 - logger.py:50 - Epoch: [104][300/468] 	 loss: 0.05009, MAE: 0.08128, time/step=793ms, lr=3.66e-04
2023-04-18 10:19:09,380 - logger.py:50 - Epoch: [104][400/468] 	 loss: 0.05032, MAE: 0.08166, time/step=791ms, lr=3.66e-04
2023-04-18 10:20:01,845 - logger.py:50 - Epoch: [104][467/468] 	 loss: 0.04980, MAE: 0.08082, time/step=790ms, lr=3.66e-04
2023-04-18 10:20:14,337 - logger.py:50 - Epoch: [104] Target: [1] train MAE: 0.08082, val MAE: 0.23322, test MAE: 0.23360, Time: 382.14s
2023-04-18 10:20:14,337 - logger.py:50 - Best -- epoch=91, train MAE: 0.09170, val MAE: 0.22769, test MAE: 0.22597

2023-04-18 10:20:15,437 - logger.py:50 - Epoch: [105][0/468] 	 loss: 0.05540, MAE: 0.08991, time/step=1098ms, lr=3.64e-04
2023-04-18 10:21:34,472 - logger.py:50 - Epoch: [105][100/468] 	 loss: 0.05001, MAE: 0.08117, time/step=793ms, lr=3.64e-04
2023-04-18 10:22:52,201 - logger.py:50 - Epoch: [105][200/468] 	 loss: 0.04932, MAE: 0.08004, time/step=785ms, lr=3.64e-04
2023-04-18 10:24:10,472 - logger.py:50 - Epoch: [105][300/468] 	 loss: 0.04863, MAE: 0.07892, time/step=784ms, lr=3.64e-04
2023-04-18 10:25:29,919 - logger.py:50 - Epoch: [105][400/468] 	 loss: 0.04865, MAE: 0.07895, time/step=787ms, lr=3.64e-04
2023-04-18 10:26:23,351 - logger.py:50 - Epoch: [105][467/468] 	 loss: 0.04896, MAE: 0.07946, time/step=788ms, lr=3.64e-04
2023-04-18 10:26:35,917 - logger.py:50 - Epoch: [105] Target: [1] train MAE: 0.07946, val MAE: 0.23102, test MAE: 0.22727, Time: 381.58s
2023-04-18 10:26:35,918 - logger.py:50 - Best -- epoch=91, train MAE: 0.09170, val MAE: 0.22769, test MAE: 0.22597

2023-04-18 10:26:36,893 - logger.py:50 - Epoch: [106][0/468] 	 loss: 0.03171, MAE: 0.05146, time/step=973ms, lr=3.61e-04
2023-04-18 10:27:55,860 - logger.py:50 - Epoch: [106][100/468] 	 loss: 0.04969, MAE: 0.08064, time/step=791ms, lr=3.61e-04
2023-04-18 10:29:14,804 - logger.py:50 - Epoch: [106][200/468] 	 loss: 0.04876, MAE: 0.07913, time/step=790ms, lr=3.61e-04
2023-04-18 10:30:34,145 - logger.py:50 - Epoch: [106][300/468] 	 loss: 0.04845, MAE: 0.07863, time/step=791ms, lr=3.61e-04
2023-04-18 10:31:52,789 - logger.py:50 - Epoch: [106][400/468] 	 loss: 0.04813, MAE: 0.07811, time/step=790ms, lr=3.61e-04
2023-04-18 10:32:45,503 - logger.py:50 - Epoch: [106][467/468] 	 loss: 0.04858, MAE: 0.07884, time/step=790ms, lr=3.61e-04
2023-04-18 10:32:57,991 - logger.py:50 - Epoch: [106] Target: [1] train MAE: 0.07884, val MAE: 0.22905, test MAE: 0.23429, Time: 382.07s
2023-04-18 10:32:57,992 - logger.py:50 - Best -- epoch=91, train MAE: 0.09170, val MAE: 0.22769, test MAE: 0.22597

2023-04-18 10:32:59,050 - logger.py:50 - Epoch: [107][0/468] 	 loss: 0.03699, MAE: 0.06003, time/step=1056ms, lr=3.59e-04
2023-04-18 10:34:18,336 - logger.py:50 - Epoch: [107][100/468] 	 loss: 0.04818, MAE: 0.07819, time/step=795ms, lr=3.59e-04
2023-04-18 10:35:36,758 - logger.py:50 - Epoch: [107][200/468] 	 loss: 0.04719, MAE: 0.07658, time/step=790ms, lr=3.59e-04
2023-04-18 10:36:55,562 - logger.py:50 - Epoch: [107][300/468] 	 loss: 0.04783, MAE: 0.07762, time/step=789ms, lr=3.59e-04
2023-04-18 10:38:14,179 - logger.py:50 - Epoch: [107][400/468] 	 loss: 0.04747, MAE: 0.07704, time/step=788ms, lr=3.59e-04
2023-04-18 10:39:06,994 - logger.py:50 - Epoch: [107][467/468] 	 loss: 0.04772, MAE: 0.07745, time/step=788ms, lr=3.59e-04
2023-04-18 10:39:19,483 - logger.py:50 - Epoch: [107] Target: [1] train MAE: 0.07745, val MAE: 0.23072, test MAE: 0.23448, Time: 381.49s
2023-04-18 10:39:19,483 - logger.py:50 - Best -- epoch=91, train MAE: 0.09170, val MAE: 0.22769, test MAE: 0.22597

2023-04-18 10:39:20,523 - logger.py:50 - Epoch: [108][0/468] 	 loss: 0.04373, MAE: 0.07096, time/step=1038ms, lr=3.57e-04
2023-04-18 10:40:40,236 - logger.py:50 - Epoch: [108][100/468] 	 loss: 0.04788, MAE: 0.07770, time/step=800ms, lr=3.57e-04
2023-04-18 10:41:58,962 - logger.py:50 - Epoch: [108][200/468] 	 loss: 0.04795, MAE: 0.07782, time/step=793ms, lr=3.57e-04
2023-04-18 10:43:18,174 - logger.py:50 - Epoch: [108][300/468] 	 loss: 0.04803, MAE: 0.07794, time/step=793ms, lr=3.57e-04
2023-04-18 10:44:37,052 - logger.py:50 - Epoch: [108][400/468] 	 loss: 0.04766, MAE: 0.07734, time/step=792ms, lr=3.57e-04
2023-04-18 10:45:30,115 - logger.py:50 - Epoch: [108][467/468] 	 loss: 0.04753, MAE: 0.07714, time/step=792ms, lr=3.57e-04
2023-04-18 10:45:42,598 - logger.py:50 - Epoch: [108] Target: [1] train MAE: 0.07714, val MAE: 0.23408, test MAE: 0.22863, Time: 383.11s
2023-04-18 10:45:42,599 - logger.py:50 - Best -- epoch=91, train MAE: 0.09170, val MAE: 0.22769, test MAE: 0.22597

2023-04-18 10:45:43,825 - logger.py:50 - Epoch: [109][0/468] 	 loss: 0.03851, MAE: 0.06250, time/step=1224ms, lr=3.54e-04
2023-04-18 10:47:02,493 - logger.py:50 - Epoch: [109][100/468] 	 loss: 0.04839, MAE: 0.07853, time/step=791ms, lr=3.54e-04
2023-04-18 10:48:21,342 - logger.py:50 - Epoch: [109][200/468] 	 loss: 0.04955, MAE: 0.08041, time/step=790ms, lr=3.54e-04
2023-04-18 10:49:40,371 - logger.py:50 - Epoch: [109][300/468] 	 loss: 0.04936, MAE: 0.08011, time/step=790ms, lr=3.54e-04
2023-04-18 10:51:00,442 - logger.py:50 - Epoch: [109][400/468] 	 loss: 0.04874, MAE: 0.07911, time/step=793ms, lr=3.54e-04
2023-04-18 10:51:53,937 - logger.py:50 - Epoch: [109][467/468] 	 loss: 0.04872, MAE: 0.07906, time/step=793ms, lr=3.54e-04
2023-04-18 10:52:06,517 - logger.py:50 - Epoch: [109] Target: [1] train MAE: 0.07906, val MAE: 0.22885, test MAE: 0.22625, Time: 383.92s
2023-04-18 10:52:06,517 - logger.py:50 - Best -- epoch=91, train MAE: 0.09170, val MAE: 0.22769, test MAE: 0.22597

2023-04-18 10:52:07,702 - logger.py:50 - Epoch: [110][0/468] 	 loss: 0.05530, MAE: 0.08975, time/step=1183ms, lr=3.52e-04
2023-04-18 10:53:27,372 - logger.py:50 - Epoch: [110][100/468] 	 loss: 0.05095, MAE: 0.08269, time/step=801ms, lr=3.52e-04
2023-04-18 10:54:46,124 - logger.py:50 - Epoch: [110][200/468] 	 loss: 0.04802, MAE: 0.07794, time/step=794ms, lr=3.52e-04
2023-04-18 10:56:04,166 - logger.py:50 - Epoch: [110][300/468] 	 loss: 0.04743, MAE: 0.07698, time/step=790ms, lr=3.52e-04
2023-04-18 10:57:23,385 - logger.py:50 - Epoch: [110][400/468] 	 loss: 0.04736, MAE: 0.07686, time/step=790ms, lr=3.52e-04
2023-04-18 10:58:15,939 - logger.py:50 - Epoch: [110][467/468] 	 loss: 0.04721, MAE: 0.07662, time/step=789ms, lr=3.52e-04
2023-04-18 10:58:28,414 - logger.py:50 - Epoch: [110] Target: [1] train MAE: 0.07662, val MAE: 0.22671, test MAE: 0.22582, Time: 381.90s
2023-04-18 10:58:28,414 - logger.py:50 - Best -- epoch=110, train MAE: 0.07662, val MAE: 0.22671, test MAE: 0.22582

2023-04-18 10:58:29,469 - logger.py:50 - Epoch: [111][0/468] 	 loss: 0.02634, MAE: 0.04275, time/step=1052ms, lr=3.50e-04
2023-04-18 10:59:48,611 - logger.py:50 - Epoch: [111][100/468] 	 loss: 0.04680, MAE: 0.07595, time/step=794ms, lr=3.50e-04
2023-04-18 11:01:07,154 - logger.py:50 - Epoch: [111][200/468] 	 loss: 0.04676, MAE: 0.07589, time/step=790ms, lr=3.50e-04
2023-04-18 11:02:25,887 - logger.py:50 - Epoch: [111][300/468] 	 loss: 0.04687, MAE: 0.07607, time/step=789ms, lr=3.50e-04
2023-04-18 11:03:44,726 - logger.py:50 - Epoch: [111][400/468] 	 loss: 0.04692, MAE: 0.07615, time/step=789ms, lr=3.50e-04
2023-04-18 11:04:37,361 - logger.py:50 - Epoch: [111][467/468] 	 loss: 0.04663, MAE: 0.07567, time/step=788ms, lr=3.50e-04
2023-04-18 11:04:49,856 - logger.py:50 - Epoch: [111] Target: [1] train MAE: 0.07567, val MAE: 0.22615, test MAE: 0.22892, Time: 381.44s
2023-04-18 11:04:49,856 - logger.py:50 - Best -- epoch=111, train MAE: 0.07567, val MAE: 0.22615, test MAE: 0.22892

2023-04-18 11:04:51,006 - logger.py:50 - Epoch: [112][0/468] 	 loss: 0.07665, MAE: 0.12439, time/step=1147ms, lr=3.47e-04
2023-04-18 11:06:09,735 - logger.py:50 - Epoch: [112][100/468] 	 loss: 0.04749, MAE: 0.07708, time/step=791ms, lr=3.47e-04
2023-04-18 11:07:28,617 - logger.py:50 - Epoch: [112][200/468] 	 loss: 0.04730, MAE: 0.07677, time/step=790ms, lr=3.47e-04
2023-04-18 11:08:46,909 - logger.py:50 - Epoch: [112][300/468] 	 loss: 0.04653, MAE: 0.07551, time/step=788ms, lr=3.47e-04
2023-04-18 11:10:06,951 - logger.py:50 - Epoch: [112][400/468] 	 loss: 0.04664, MAE: 0.07569, time/step=791ms, lr=3.47e-04
2023-04-18 11:10:59,836 - logger.py:50 - Epoch: [112][467/468] 	 loss: 0.04724, MAE: 0.07666, time/step=791ms, lr=3.47e-04
2023-04-18 11:11:12,413 - logger.py:50 - Epoch: [112] Target: [1] train MAE: 0.07666, val MAE: 0.23162, test MAE: 0.22551, Time: 382.56s
2023-04-18 11:11:12,413 - logger.py:50 - Best -- epoch=111, train MAE: 0.07567, val MAE: 0.22615, test MAE: 0.22892

2023-04-18 11:11:13,595 - logger.py:50 - Epoch: [113][0/468] 	 loss: 0.03849, MAE: 0.06246, time/step=1180ms, lr=3.45e-04
2023-04-18 11:12:31,986 - logger.py:50 - Epoch: [113][100/468] 	 loss: 0.04417, MAE: 0.07169, time/step=788ms, lr=3.45e-04
2023-04-18 11:13:50,538 - logger.py:50 - Epoch: [113][200/468] 	 loss: 0.04518, MAE: 0.07333, time/step=787ms, lr=3.45e-04
2023-04-18 11:15:08,958 - logger.py:50 - Epoch: [113][300/468] 	 loss: 0.04584, MAE: 0.07439, time/step=786ms, lr=3.45e-04
2023-04-18 11:16:28,807 - logger.py:50 - Epoch: [113][400/468] 	 loss: 0.04603, MAE: 0.07470, time/step=789ms, lr=3.45e-04
2023-04-18 11:17:22,035 - logger.py:50 - Epoch: [113][467/468] 	 loss: 0.04663, MAE: 0.07568, time/step=790ms, lr=3.45e-04
2023-04-18 11:17:34,576 - logger.py:50 - Epoch: [113] Target: [1] train MAE: 0.07568, val MAE: 0.22828, test MAE: 0.22740, Time: 382.16s
2023-04-18 11:17:34,576 - logger.py:50 - Best -- epoch=111, train MAE: 0.07567, val MAE: 0.22615, test MAE: 0.22892

2023-04-18 11:17:35,659 - logger.py:50 - Epoch: [114][0/468] 	 loss: 0.03450, MAE: 0.05599, time/step=1081ms, lr=3.42e-04
2023-04-18 11:18:54,216 - logger.py:50 - Epoch: [114][100/468] 	 loss: 0.04818, MAE: 0.07818, time/step=788ms, lr=3.42e-04
2023-04-18 11:20:12,404 - logger.py:50 - Epoch: [114][200/468] 	 loss: 0.04839, MAE: 0.07853, time/step=785ms, lr=3.42e-04
2023-04-18 11:21:31,359 - logger.py:50 - Epoch: [114][300/468] 	 loss: 0.04781, MAE: 0.07759, time/step=787ms, lr=3.42e-04
2023-04-18 11:22:49,739 - logger.py:50 - Epoch: [114][400/468] 	 loss: 0.04743, MAE: 0.07697, time/step=786ms, lr=3.42e-04
2023-04-18 11:23:42,875 - logger.py:50 - Epoch: [114][467/468] 	 loss: 0.04726, MAE: 0.07669, time/step=787ms, lr=3.42e-04
2023-04-18 11:23:55,360 - logger.py:50 - Epoch: [114] Target: [1] train MAE: 0.07669, val MAE: 0.22716, test MAE: 0.22920, Time: 380.78s
2023-04-18 11:23:55,361 - logger.py:50 - Best -- epoch=111, train MAE: 0.07567, val MAE: 0.22615, test MAE: 0.22892

2023-04-18 11:23:56,407 - logger.py:50 - Epoch: [115][0/468] 	 loss: 0.03024, MAE: 0.04908, time/step=1044ms, lr=3.40e-04
2023-04-18 11:25:14,548 - logger.py:50 - Epoch: [115][100/468] 	 loss: 0.04507, MAE: 0.07314, time/step=784ms, lr=3.40e-04
2023-04-18 11:26:33,317 - logger.py:50 - Epoch: [115][200/468] 	 loss: 0.04585, MAE: 0.07440, time/step=786ms, lr=3.40e-04
2023-04-18 11:27:52,724 - logger.py:50 - Epoch: [115][300/468] 	 loss: 0.04577, MAE: 0.07428, time/step=789ms, lr=3.40e-04
2023-04-18 11:29:11,965 - logger.py:50 - Epoch: [115][400/468] 	 loss: 0.04583, MAE: 0.07438, time/step=790ms, lr=3.40e-04
2023-04-18 11:30:04,452 - logger.py:50 - Epoch: [115][467/468] 	 loss: 0.04562, MAE: 0.07403, time/step=789ms, lr=3.40e-04
2023-04-18 11:30:16,944 - logger.py:50 - Epoch: [115] Target: [1] train MAE: 0.07403, val MAE: 0.22775, test MAE: 0.22905, Time: 381.58s
2023-04-18 11:30:16,945 - logger.py:50 - Best -- epoch=111, train MAE: 0.07567, val MAE: 0.22615, test MAE: 0.22892

2023-04-18 11:30:18,033 - logger.py:50 - Epoch: [116][0/468] 	 loss: 0.03696, MAE: 0.05999, time/step=1087ms, lr=3.37e-04
2023-04-18 11:31:36,163 - logger.py:50 - Epoch: [116][100/468] 	 loss: 0.04376, MAE: 0.07101, time/step=784ms, lr=3.37e-04
2023-04-18 11:32:55,195 - logger.py:50 - Epoch: [116][200/468] 	 loss: 0.04263, MAE: 0.06918, time/step=787ms, lr=3.37e-04
2023-04-18 11:34:14,207 - logger.py:50 - Epoch: [116][300/468] 	 loss: 0.04312, MAE: 0.06999, time/step=788ms, lr=3.37e-04
2023-04-18 11:35:33,000 - logger.py:50 - Epoch: [116][400/468] 	 loss: 0.04415, MAE: 0.07166, time/step=788ms, lr=3.37e-04
2023-04-18 11:36:26,516 - logger.py:50 - Epoch: [116][467/468] 	 loss: 0.04456, MAE: 0.07232, time/step=790ms, lr=3.37e-04
2023-04-18 11:36:39,030 - logger.py:50 - Epoch: [116] Target: [1] train MAE: 0.07232, val MAE: 0.22896, test MAE: 0.22414, Time: 382.08s
2023-04-18 11:36:39,030 - logger.py:50 - Best -- epoch=111, train MAE: 0.07567, val MAE: 0.22615, test MAE: 0.22892

2023-04-18 11:36:40,121 - logger.py:50 - Epoch: [117][0/468] 	 loss: 0.04319, MAE: 0.07010, time/step=1090ms, lr=3.35e-04
2023-04-18 11:37:59,239 - logger.py:50 - Epoch: [117][100/468] 	 loss: 0.04355, MAE: 0.07068, time/step=794ms, lr=3.35e-04
2023-04-18 11:39:18,749 - logger.py:50 - Epoch: [117][200/468] 	 loss: 0.04292, MAE: 0.06965, time/step=795ms, lr=3.35e-04
2023-04-18 11:40:37,182 - logger.py:50 - Epoch: [117][300/468] 	 loss: 0.04348, MAE: 0.07056, time/step=791ms, lr=3.35e-04
2023-04-18 11:41:55,790 - logger.py:50 - Epoch: [117][400/468] 	 loss: 0.04315, MAE: 0.07003, time/step=790ms, lr=3.35e-04
2023-04-18 11:42:48,575 - logger.py:50 - Epoch: [117][467/468] 	 loss: 0.04332, MAE: 0.07031, time/step=790ms, lr=3.35e-04
2023-04-18 11:43:01,122 - logger.py:50 - Epoch: [117] Target: [1] train MAE: 0.07031, val MAE: 0.22386, test MAE: 0.22149, Time: 382.09s
2023-04-18 11:43:01,122 - logger.py:50 - Best -- epoch=117, train MAE: 0.07031, val MAE: 0.22386, test MAE: 0.22149

2023-04-18 11:43:02,226 - logger.py:50 - Epoch: [118][0/468] 	 loss: 0.03782, MAE: 0.06138, time/step=1101ms, lr=3.33e-04
2023-04-18 11:44:20,959 - logger.py:50 - Epoch: [118][100/468] 	 loss: 0.03967, MAE: 0.06437, time/step=790ms, lr=3.33e-04
2023-04-18 11:45:40,249 - logger.py:50 - Epoch: [118][200/468] 	 loss: 0.04112, MAE: 0.06673, time/step=792ms, lr=3.33e-04
2023-04-18 11:47:00,514 - logger.py:50 - Epoch: [118][300/468] 	 loss: 0.04215, MAE: 0.06841, time/step=795ms, lr=3.33e-04
2023-04-18 11:48:19,218 - logger.py:50 - Epoch: [118][400/468] 	 loss: 0.04252, MAE: 0.06901, time/step=793ms, lr=3.33e-04
2023-04-18 11:49:11,390 - logger.py:50 - Epoch: [118][467/468] 	 loss: 0.04304, MAE: 0.06985, time/step=791ms, lr=3.33e-04
2023-04-18 11:49:23,935 - logger.py:50 - Epoch: [118] Target: [1] train MAE: 0.06985, val MAE: 0.23572, test MAE: 0.23291, Time: 382.81s
2023-04-18 11:49:23,936 - logger.py:50 - Best -- epoch=117, train MAE: 0.07031, val MAE: 0.22386, test MAE: 0.22149

2023-04-18 11:49:25,146 - logger.py:50 - Epoch: [119][0/468] 	 loss: 0.04173, MAE: 0.06772, time/step=1208ms, lr=3.30e-04
2023-04-18 11:50:43,881 - logger.py:50 - Epoch: [119][100/468] 	 loss: 0.04792, MAE: 0.07776, time/step=792ms, lr=3.30e-04
2023-04-18 11:52:02,262 - logger.py:50 - Epoch: [119][200/468] 	 loss: 0.04599, MAE: 0.07464, time/step=788ms, lr=3.30e-04
2023-04-18 11:53:21,511 - logger.py:50 - Epoch: [119][300/468] 	 loss: 0.04568, MAE: 0.07413, time/step=789ms, lr=3.30e-04
2023-04-18 11:54:39,708 - logger.py:50 - Epoch: [119][400/468] 	 loss: 0.04571, MAE: 0.07419, time/step=787ms, lr=3.30e-04
2023-04-18 11:55:32,432 - logger.py:50 - Epoch: [119][467/468] 	 loss: 0.04562, MAE: 0.07404, time/step=787ms, lr=3.30e-04
2023-04-18 11:55:44,951 - logger.py:50 - Epoch: [119] Target: [1] train MAE: 0.07404, val MAE: 0.22374, test MAE: 0.22333, Time: 381.02s
2023-04-18 11:55:44,951 - logger.py:50 - Best -- epoch=119, train MAE: 0.07404, val MAE: 0.22374, test MAE: 0.22333

2023-04-18 11:55:45,964 - logger.py:50 - Epoch: [120][0/468] 	 loss: 0.04745, MAE: 0.07701, time/step=1011ms, lr=3.28e-04
2023-04-18 11:57:04,635 - logger.py:50 - Epoch: [120][100/468] 	 loss: 0.04351, MAE: 0.07062, time/step=789ms, lr=3.28e-04
2023-04-18 11:58:23,230 - logger.py:50 - Epoch: [120][200/468] 	 loss: 0.04294, MAE: 0.06969, time/step=787ms, lr=3.28e-04
2023-04-18 11:59:42,386 - logger.py:50 - Epoch: [120][300/468] 	 loss: 0.04306, MAE: 0.06988, time/step=789ms, lr=3.28e-04
2023-04-18 12:01:00,959 - logger.py:50 - Epoch: [120][400/468] 	 loss: 0.04336, MAE: 0.07037, time/step=788ms, lr=3.28e-04
2023-04-18 12:01:53,925 - logger.py:50 - Epoch: [120][467/468] 	 loss: 0.04341, MAE: 0.07045, time/step=788ms, lr=3.28e-04
2023-04-18 12:02:06,429 - logger.py:50 - Epoch: [120] Target: [1] train MAE: 0.07045, val MAE: 0.22139, test MAE: 0.22072, Time: 381.48s
2023-04-18 12:02:06,429 - logger.py:50 - Best -- epoch=120, train MAE: 0.07045, val MAE: 0.22139, test MAE: 0.22072

2023-04-18 12:02:07,569 - logger.py:50 - Epoch: [121][0/468] 	 loss: 0.03279, MAE: 0.05321, time/step=1137ms, lr=3.25e-04
2023-04-18 12:03:26,435 - logger.py:50 - Epoch: [121][100/468] 	 loss: 0.04223, MAE: 0.06853, time/step=792ms, lr=3.25e-04
2023-04-18 12:04:44,990 - logger.py:50 - Epoch: [121][200/468] 	 loss: 0.04173, MAE: 0.06773, time/step=789ms, lr=3.25e-04
2023-04-18 12:06:05,968 - logger.py:50 - Epoch: [121][300/468] 	 loss: 0.04201, MAE: 0.06817, time/step=796ms, lr=3.25e-04
2023-04-18 12:07:24,534 - logger.py:50 - Epoch: [121][400/468] 	 loss: 0.04219, MAE: 0.06848, time/step=793ms, lr=3.25e-04
2023-04-18 12:08:17,340 - logger.py:50 - Epoch: [121][467/468] 	 loss: 0.04245, MAE: 0.06890, time/step=793ms, lr=3.25e-04
2023-04-18 12:08:29,871 - logger.py:50 - Epoch: [121] Target: [1] train MAE: 0.06890, val MAE: 0.22649, test MAE: 0.22222, Time: 383.44s
2023-04-18 12:08:29,872 - logger.py:50 - Best -- epoch=120, train MAE: 0.07045, val MAE: 0.22139, test MAE: 0.22072

2023-04-18 12:08:30,924 - logger.py:50 - Epoch: [122][0/468] 	 loss: 0.03832, MAE: 0.06220, time/step=1050ms, lr=3.23e-04
2023-04-18 12:09:50,198 - logger.py:50 - Epoch: [122][100/468] 	 loss: 0.04083, MAE: 0.06626, time/step=795ms, lr=3.23e-04
2023-04-18 12:11:09,847 - logger.py:50 - Epoch: [122][200/468] 	 loss: 0.04120, MAE: 0.06687, time/step=796ms, lr=3.23e-04
2023-04-18 12:12:28,831 - logger.py:50 - Epoch: [122][300/468] 	 loss: 0.04152, MAE: 0.06738, time/step=794ms, lr=3.23e-04
2023-04-18 12:13:47,380 - logger.py:50 - Epoch: [122][400/468] 	 loss: 0.04212, MAE: 0.06835, time/step=792ms, lr=3.23e-04
2023-04-18 12:14:40,329 - logger.py:50 - Epoch: [122][467/468] 	 loss: 0.04189, MAE: 0.06799, time/step=792ms, lr=3.23e-04
2023-04-18 12:14:52,822 - logger.py:50 - Epoch: [122] Target: [1] train MAE: 0.06799, val MAE: 0.22786, test MAE: 0.23190, Time: 382.95s
2023-04-18 12:14:52,823 - logger.py:50 - Best -- epoch=120, train MAE: 0.07045, val MAE: 0.22139, test MAE: 0.22072

2023-04-18 12:14:54,029 - logger.py:50 - Epoch: [123][0/468] 	 loss: 0.02970, MAE: 0.04821, time/step=1204ms, lr=3.20e-04
2023-04-18 12:16:12,802 - logger.py:50 - Epoch: [123][100/468] 	 loss: 0.04302, MAE: 0.06982, time/step=792ms, lr=3.20e-04
2023-04-18 12:17:32,684 - logger.py:50 - Epoch: [123][200/468] 	 loss: 0.04271, MAE: 0.06931, time/step=795ms, lr=3.20e-04
2023-04-18 12:18:51,291 - logger.py:50 - Epoch: [123][300/468] 	 loss: 0.04220, MAE: 0.06849, time/step=792ms, lr=3.20e-04
2023-04-18 12:20:09,749 - logger.py:50 - Epoch: [123][400/468] 	 loss: 0.04207, MAE: 0.06827, time/step=790ms, lr=3.20e-04
2023-04-18 12:21:02,060 - logger.py:50 - Epoch: [123][467/468] 	 loss: 0.04207, MAE: 0.06827, time/step=789ms, lr=3.20e-04
2023-04-18 12:21:14,585 - logger.py:50 - Epoch: [123] Target: [1] train MAE: 0.06827, val MAE: 0.22605, test MAE: 0.22184, Time: 381.76s
2023-04-18 12:21:14,585 - logger.py:50 - Best -- epoch=120, train MAE: 0.07045, val MAE: 0.22139, test MAE: 0.22072

2023-04-18 12:21:15,701 - logger.py:50 - Epoch: [124][0/468] 	 loss: 0.04544, MAE: 0.07374, time/step=1114ms, lr=3.18e-04
2023-04-18 12:22:35,076 - logger.py:50 - Epoch: [124][100/468] 	 loss: 0.04042, MAE: 0.06559, time/step=797ms, lr=3.18e-04
2023-04-18 12:23:53,831 - logger.py:50 - Epoch: [124][200/468] 	 loss: 0.04086, MAE: 0.06632, time/step=792ms, lr=3.18e-04
2023-04-18 12:25:13,030 - logger.py:50 - Epoch: [124][300/468] 	 loss: 0.04048, MAE: 0.06569, time/step=792ms, lr=3.18e-04
2023-04-18 12:26:31,706 - logger.py:50 - Epoch: [124][400/468] 	 loss: 0.04066, MAE: 0.06599, time/step=791ms, lr=3.18e-04
2023-04-18 12:27:24,373 - logger.py:50 - Epoch: [124][467/468] 	 loss: 0.04032, MAE: 0.06543, time/step=790ms, lr=3.18e-04
2023-04-18 12:27:36,930 - logger.py:50 - Epoch: [124] Target: [1] train MAE: 0.06543, val MAE: 0.22327, test MAE: 0.22263, Time: 382.34s
2023-04-18 12:27:36,931 - logger.py:50 - Best -- epoch=120, train MAE: 0.07045, val MAE: 0.22139, test MAE: 0.22072

2023-04-18 12:27:38,070 - logger.py:50 - Epoch: [125][0/468] 	 loss: 0.04107, MAE: 0.06666, time/step=1137ms, lr=3.15e-04
2023-04-18 12:28:57,122 - logger.py:50 - Epoch: [125][100/468] 	 loss: 0.03998, MAE: 0.06489, time/step=794ms, lr=3.15e-04
2023-04-18 12:30:15,275 - logger.py:50 - Epoch: [125][200/468] 	 loss: 0.03892, MAE: 0.06317, time/step=788ms, lr=3.15e-04
2023-04-18 12:31:33,874 - logger.py:50 - Epoch: [125][300/468] 	 loss: 0.03977, MAE: 0.06454, time/step=787ms, lr=3.15e-04
2023-04-18 12:32:52,906 - logger.py:50 - Epoch: [125][400/468] 	 loss: 0.04004, MAE: 0.06498, time/step=788ms, lr=3.15e-04
2023-04-18 12:33:45,895 - logger.py:50 - Epoch: [125][467/468] 	 loss: 0.04028, MAE: 0.06538, time/step=788ms, lr=3.15e-04
2023-04-18 12:33:58,457 - logger.py:50 - Epoch: [125] Target: [1] train MAE: 0.06538, val MAE: 0.22036, test MAE: 0.21773, Time: 381.53s
2023-04-18 12:33:58,457 - logger.py:50 - Best -- epoch=125, train MAE: 0.06538, val MAE: 0.22036, test MAE: 0.21773

2023-04-18 12:33:59,615 - logger.py:50 - Epoch: [126][0/468] 	 loss: 0.03564, MAE: 0.05784, time/step=1156ms, lr=3.13e-04
2023-04-18 12:35:18,886 - logger.py:50 - Epoch: [126][100/468] 	 loss: 0.04141, MAE: 0.06721, time/step=796ms, lr=3.13e-04
2023-04-18 12:36:38,128 - logger.py:50 - Epoch: [126][200/468] 	 loss: 0.04035, MAE: 0.06549, time/step=794ms, lr=3.13e-04
2023-04-18 12:37:56,600 - logger.py:50 - Epoch: [126][300/468] 	 loss: 0.04029, MAE: 0.06539, time/step=791ms, lr=3.13e-04
2023-04-18 12:39:15,335 - logger.py:50 - Epoch: [126][400/468] 	 loss: 0.04070, MAE: 0.06605, time/step=790ms, lr=3.13e-04
2023-04-18 12:40:07,544 - logger.py:50 - Epoch: [126][467/468] 	 loss: 0.04058, MAE: 0.06586, time/step=789ms, lr=3.13e-04
2023-04-18 12:40:20,082 - logger.py:50 - Epoch: [126] Target: [1] train MAE: 0.06586, val MAE: 0.22611, test MAE: 0.22540, Time: 381.62s
2023-04-18 12:40:20,082 - logger.py:50 - Best -- epoch=125, train MAE: 0.06538, val MAE: 0.22036, test MAE: 0.21773

2023-04-18 12:40:21,249 - logger.py:50 - Epoch: [127][0/468] 	 loss: 0.03901, MAE: 0.06331, time/step=1164ms, lr=3.10e-04
2023-04-18 12:41:39,866 - logger.py:50 - Epoch: [127][100/468] 	 loss: 0.04209, MAE: 0.06832, time/step=790ms, lr=3.10e-04
2023-04-18 12:42:58,342 - logger.py:50 - Epoch: [127][200/468] 	 loss: 0.04157, MAE: 0.06746, time/step=787ms, lr=3.10e-04
2023-04-18 12:44:17,202 - logger.py:50 - Epoch: [127][300/468] 	 loss: 0.04155, MAE: 0.06742, time/step=788ms, lr=3.10e-04
2023-04-18 12:45:36,245 - logger.py:50 - Epoch: [127][400/468] 	 loss: 0.04102, MAE: 0.06657, time/step=788ms, lr=3.10e-04
2023-04-18 12:46:29,389 - logger.py:50 - Epoch: [127][467/468] 	 loss: 0.04106, MAE: 0.06663, time/step=789ms, lr=3.10e-04
2023-04-18 12:46:41,883 - logger.py:50 - Epoch: [127] Target: [1] train MAE: 0.06663, val MAE: 0.22347, test MAE: 0.22225, Time: 381.80s
2023-04-18 12:46:41,883 - logger.py:50 - Best -- epoch=125, train MAE: 0.06538, val MAE: 0.22036, test MAE: 0.21773

2023-04-18 12:46:42,960 - logger.py:50 - Epoch: [128][0/468] 	 loss: 0.02761, MAE: 0.04481, time/step=1074ms, lr=3.07e-04
2023-04-18 12:48:02,931 - logger.py:50 - Epoch: [128][100/468] 	 loss: 0.04150, MAE: 0.06735, time/step=802ms, lr=3.07e-04
2023-04-18 12:49:21,431 - logger.py:50 - Epoch: [128][200/468] 	 loss: 0.04044, MAE: 0.06563, time/step=794ms, lr=3.07e-04
2023-04-18 12:50:41,089 - logger.py:50 - Epoch: [128][300/468] 	 loss: 0.04192, MAE: 0.06803, time/step=795ms, lr=3.07e-04
2023-04-18 12:51:59,051 - logger.py:50 - Epoch: [128][400/468] 	 loss: 0.04191, MAE: 0.06802, time/step=791ms, lr=3.07e-04
2023-04-18 12:52:52,041 - logger.py:50 - Epoch: [128][467/468] 	 loss: 0.04153, MAE: 0.06740, time/step=791ms, lr=3.07e-04
2023-04-18 12:53:04,610 - logger.py:50 - Epoch: [128] Target: [1] train MAE: 0.06740, val MAE: 0.22345, test MAE: 0.22450, Time: 382.73s
2023-04-18 12:53:04,610 - logger.py:50 - Best -- epoch=125, train MAE: 0.06538, val MAE: 0.22036, test MAE: 0.21773

2023-04-18 12:53:05,790 - logger.py:50 - Epoch: [129][0/468] 	 loss: 0.05349, MAE: 0.08680, time/step=1177ms, lr=3.05e-04
2023-04-18 12:54:24,609 - logger.py:50 - Epoch: [129][100/468] 	 loss: 0.03905, MAE: 0.06337, time/step=792ms, lr=3.05e-04
2023-04-18 12:55:43,264 - logger.py:50 - Epoch: [129][200/468] 	 loss: 0.03946, MAE: 0.06404, time/step=789ms, lr=3.05e-04
2023-04-18 12:57:01,505 - logger.py:50 - Epoch: [129][300/468] 	 loss: 0.03948, MAE: 0.06408, time/step=787ms, lr=3.05e-04
2023-04-18 12:58:20,598 - logger.py:50 - Epoch: [129][400/468] 	 loss: 0.04037, MAE: 0.06551, time/step=788ms, lr=3.05e-04
2023-04-18 12:59:14,011 - logger.py:50 - Epoch: [129][467/468] 	 loss: 0.04086, MAE: 0.06631, time/step=789ms, lr=3.05e-04
2023-04-18 12:59:26,527 - logger.py:50 - Epoch: [129] Target: [1] train MAE: 0.06631, val MAE: 0.22747, test MAE: 0.22827, Time: 381.92s
2023-04-18 12:59:26,527 - logger.py:50 - Best -- epoch=125, train MAE: 0.06538, val MAE: 0.22036, test MAE: 0.21773

2023-04-18 12:59:27,702 - logger.py:50 - Epoch: [130][0/468] 	 loss: 0.02928, MAE: 0.04752, time/step=1173ms, lr=3.02e-04
2023-04-18 13:00:46,003 - logger.py:50 - Epoch: [130][100/468] 	 loss: 0.04173, MAE: 0.06772, time/step=787ms, lr=3.02e-04
2023-04-18 13:02:05,425 - logger.py:50 - Epoch: [130][200/468] 	 loss: 0.04049, MAE: 0.06570, time/step=791ms, lr=3.02e-04
2023-04-18 13:03:23,905 - logger.py:50 - Epoch: [130][300/468] 	 loss: 0.03998, MAE: 0.06488, time/step=789ms, lr=3.02e-04
2023-04-18 13:04:42,299 - logger.py:50 - Epoch: [130][400/468] 	 loss: 0.04037, MAE: 0.06552, time/step=787ms, lr=3.02e-04
2023-04-18 13:05:35,130 - logger.py:50 - Epoch: [130][467/468] 	 loss: 0.04017, MAE: 0.06520, time/step=788ms, lr=3.02e-04
2023-04-18 13:05:47,648 - logger.py:50 - Epoch: [130] Target: [1] train MAE: 0.06520, val MAE: 0.22743, test MAE: 0.22589, Time: 381.12s
2023-04-18 13:05:47,648 - logger.py:50 - Best -- epoch=125, train MAE: 0.06538, val MAE: 0.22036, test MAE: 0.21773

2023-04-18 13:05:48,828 - logger.py:50 - Epoch: [131][0/468] 	 loss: 0.09604, MAE: 0.15587, time/step=1178ms, lr=3.00e-04
2023-04-18 13:07:07,380 - logger.py:50 - Epoch: [131][100/468] 	 loss: 0.03905, MAE: 0.06337, time/step=789ms, lr=3.00e-04
2023-04-18 13:08:26,022 - logger.py:50 - Epoch: [131][200/468] 	 loss: 0.03889, MAE: 0.06311, time/step=788ms, lr=3.00e-04
2023-04-18 13:09:45,437 - logger.py:50 - Epoch: [131][300/468] 	 loss: 0.03856, MAE: 0.06257, time/step=790ms, lr=3.00e-04
2023-04-18 13:11:03,753 - logger.py:50 - Epoch: [131][400/468] 	 loss: 0.03888, MAE: 0.06309, time/step=788ms, lr=3.00e-04
2023-04-18 13:11:56,355 - logger.py:50 - Epoch: [131][467/468] 	 loss: 0.03900, MAE: 0.06329, time/step=788ms, lr=3.00e-04
2023-04-18 13:12:08,831 - logger.py:50 - Epoch: [131] Target: [1] train MAE: 0.06329, val MAE: 0.22081, test MAE: 0.22392, Time: 381.18s
2023-04-18 13:12:08,831 - logger.py:50 - Best -- epoch=125, train MAE: 0.06538, val MAE: 0.22036, test MAE: 0.21773

2023-04-18 13:12:09,886 - logger.py:50 - Epoch: [132][0/468] 	 loss: 0.05177, MAE: 0.08401, time/step=1053ms, lr=2.97e-04
2023-04-18 13:13:29,548 - logger.py:50 - Epoch: [132][100/468] 	 loss: 0.04430, MAE: 0.07189, time/step=799ms, lr=2.97e-04
2023-04-18 13:14:47,305 - logger.py:50 - Epoch: [132][200/468] 	 loss: 0.04465, MAE: 0.07246, time/step=788ms, lr=2.97e-04
2023-04-18 13:16:05,775 - logger.py:50 - Epoch: [132][300/468] 	 loss: 0.04314, MAE: 0.07001, time/step=787ms, lr=2.97e-04
2023-04-18 13:17:24,693 - logger.py:50 - Epoch: [132][400/468] 	 loss: 0.04241, MAE: 0.06883, time/step=788ms, lr=2.97e-04
2023-04-18 13:18:18,010 - logger.py:50 - Epoch: [132][467/468] 	 loss: 0.04217, MAE: 0.06844, time/step=789ms, lr=2.97e-04
2023-04-18 13:18:30,535 - logger.py:50 - Epoch: [132] Target: [1] train MAE: 0.06844, val MAE: 0.22585, test MAE: 0.22373, Time: 381.70s
2023-04-18 13:18:30,535 - logger.py:50 - Best -- epoch=125, train MAE: 0.06538, val MAE: 0.22036, test MAE: 0.21773

2023-04-18 13:18:31,754 - logger.py:50 - Epoch: [133][0/468] 	 loss: 0.03433, MAE: 0.05572, time/step=1216ms, lr=2.95e-04
2023-04-18 13:19:49,793 - logger.py:50 - Epoch: [133][100/468] 	 loss: 0.03846, MAE: 0.06242, time/step=785ms, lr=2.95e-04
2023-04-18 13:21:08,792 - logger.py:50 - Epoch: [133][200/468] 	 loss: 0.03792, MAE: 0.06154, time/step=787ms, lr=2.95e-04
2023-04-18 13:22:28,833 - logger.py:50 - Epoch: [133][300/468] 	 loss: 0.03837, MAE: 0.06227, time/step=792ms, lr=2.95e-04
2023-04-18 13:23:48,930 - logger.py:50 - Epoch: [133][400/468] 	 loss: 0.03861, MAE: 0.06266, time/step=794ms, lr=2.95e-04
2023-04-18 13:24:41,927 - logger.py:50 - Epoch: [133][467/468] 	 loss: 0.03855, MAE: 0.06256, time/step=794ms, lr=2.95e-04
2023-04-18 13:24:54,476 - logger.py:50 - Epoch: [133] Target: [1] train MAE: 0.06256, val MAE: 0.22080, test MAE: 0.22697, Time: 383.94s
2023-04-18 13:24:54,477 - logger.py:50 - Best -- epoch=125, train MAE: 0.06538, val MAE: 0.22036, test MAE: 0.21773

2023-04-18 13:24:55,564 - logger.py:50 - Epoch: [134][0/468] 	 loss: 0.04330, MAE: 0.07027, time/step=1085ms, lr=2.92e-04
2023-04-18 13:26:15,641 - logger.py:50 - Epoch: [134][100/468] 	 loss: 0.03956, MAE: 0.06420, time/step=804ms, lr=2.92e-04
2023-04-18 13:27:34,708 - logger.py:50 - Epoch: [134][200/468] 	 loss: 0.03941, MAE: 0.06397, time/step=797ms, lr=2.92e-04
2023-04-18 13:28:53,143 - logger.py:50 - Epoch: [134][300/468] 	 loss: 0.03915, MAE: 0.06353, time/step=793ms, lr=2.92e-04
2023-04-18 13:30:12,202 - logger.py:50 - Epoch: [134][400/468] 	 loss: 0.03906, MAE: 0.06338, time/step=792ms, lr=2.92e-04
2023-04-18 13:31:04,106 - logger.py:50 - Epoch: [134][467/468] 	 loss: 0.03911, MAE: 0.06347, time/step=790ms, lr=2.92e-04
2023-04-18 13:31:16,630 - logger.py:50 - Epoch: [134] Target: [1] train MAE: 0.06347, val MAE: 0.22519, test MAE: 0.22570, Time: 382.15s
2023-04-18 13:31:16,630 - logger.py:50 - Best -- epoch=125, train MAE: 0.06538, val MAE: 0.22036, test MAE: 0.21773

2023-04-18 13:31:17,847 - logger.py:50 - Epoch: [135][0/468] 	 loss: 0.03853, MAE: 0.06254, time/step=1215ms, lr=2.90e-04
2023-04-18 13:32:36,911 - logger.py:50 - Epoch: [135][100/468] 	 loss: 0.03789, MAE: 0.06149, time/step=795ms, lr=2.90e-04
2023-04-18 13:33:55,323 - logger.py:50 - Epoch: [135][200/468] 	 loss: 0.03807, MAE: 0.06179, time/step=790ms, lr=2.90e-04
2023-04-18 13:35:14,813 - logger.py:50 - Epoch: [135][300/468] 	 loss: 0.03828, MAE: 0.06213, time/step=791ms, lr=2.90e-04
2023-04-18 13:36:33,313 - logger.py:50 - Epoch: [135][400/468] 	 loss: 0.03791, MAE: 0.06152, time/step=790ms, lr=2.90e-04
2023-04-18 13:37:25,978 - logger.py:50 - Epoch: [135][467/468] 	 loss: 0.03761, MAE: 0.06103, time/step=789ms, lr=2.90e-04
2023-04-18 13:37:38,467 - logger.py:50 - Epoch: [135] Target: [1] train MAE: 0.06103, val MAE: 0.22467, test MAE: 0.22369, Time: 381.84s
2023-04-18 13:37:38,467 - logger.py:50 - Best -- epoch=125, train MAE: 0.06538, val MAE: 0.22036, test MAE: 0.21773

2023-04-18 13:37:39,487 - logger.py:50 - Epoch: [136][0/468] 	 loss: 0.03741, MAE: 0.06071, time/step=1018ms, lr=2.87e-04
2023-04-18 13:38:59,077 - logger.py:50 - Epoch: [136][100/468] 	 loss: 0.03663, MAE: 0.05945, time/step=798ms, lr=2.87e-04
2023-04-18 13:40:17,427 - logger.py:50 - Epoch: [136][200/468] 	 loss: 0.03719, MAE: 0.06036, time/step=791ms, lr=2.87e-04
2023-04-18 13:41:36,175 - logger.py:50 - Epoch: [136][300/468] 	 loss: 0.03719, MAE: 0.06035, time/step=790ms, lr=2.87e-04
2023-04-18 13:42:54,302 - logger.py:50 - Epoch: [136][400/468] 	 loss: 0.03715, MAE: 0.06029, time/step=788ms, lr=2.87e-04
2023-04-18 13:43:47,446 - logger.py:50 - Epoch: [136][467/468] 	 loss: 0.03722, MAE: 0.06040, time/step=788ms, lr=2.87e-04
2023-04-18 13:43:59,948 - logger.py:50 - Epoch: [136] Target: [1] train MAE: 0.06040, val MAE: 0.22176, test MAE: 0.22032, Time: 381.48s
2023-04-18 13:43:59,948 - logger.py:50 - Best -- epoch=125, train MAE: 0.06538, val MAE: 0.22036, test MAE: 0.21773

2023-04-18 13:44:01,007 - logger.py:50 - Epoch: [137][0/468] 	 loss: 0.04328, MAE: 0.07023, time/step=1057ms, lr=2.84e-04
2023-04-18 13:45:20,213 - logger.py:50 - Epoch: [137][100/468] 	 loss: 0.03753, MAE: 0.06091, time/step=795ms, lr=2.84e-04
2023-04-18 13:46:39,064 - logger.py:50 - Epoch: [137][200/468] 	 loss: 0.03578, MAE: 0.05806, time/step=792ms, lr=2.84e-04
2023-04-18 13:47:57,083 - logger.py:50 - Epoch: [137][300/468] 	 loss: 0.03601, MAE: 0.05844, time/step=788ms, lr=2.84e-04
2023-04-18 13:49:15,764 - logger.py:50 - Epoch: [137][400/468] 	 loss: 0.03651, MAE: 0.05925, time/step=788ms, lr=2.84e-04
2023-04-18 13:50:08,445 - logger.py:50 - Epoch: [137][467/468] 	 loss: 0.03641, MAE: 0.05909, time/step=787ms, lr=2.84e-04
2023-04-18 13:50:20,950 - logger.py:50 - Epoch: [137] Target: [1] train MAE: 0.05909, val MAE: 0.21979, test MAE: 0.22196, Time: 381.00s
2023-04-18 13:50:20,951 - logger.py:50 - Best -- epoch=137, train MAE: 0.05909, val MAE: 0.21979, test MAE: 0.22196

2023-04-18 13:50:22,072 - logger.py:50 - Epoch: [138][0/468] 	 loss: 0.03243, MAE: 0.05263, time/step=1119ms, lr=2.82e-04
2023-04-18 13:51:41,043 - logger.py:50 - Epoch: [138][100/468] 	 loss: 0.03498, MAE: 0.05677, time/step=793ms, lr=2.82e-04
2023-04-18 13:53:00,336 - logger.py:50 - Epoch: [138][200/468] 	 loss: 0.03497, MAE: 0.05675, time/step=793ms, lr=2.82e-04
2023-04-18 13:54:18,948 - logger.py:50 - Epoch: [138][300/468] 	 loss: 0.03618, MAE: 0.05871, time/step=791ms, lr=2.82e-04
2023-04-18 13:55:36,900 - logger.py:50 - Epoch: [138][400/468] 	 loss: 0.03618, MAE: 0.05872, time/step=788ms, lr=2.82e-04
2023-04-18 13:56:29,901 - logger.py:50 - Epoch: [138][467/468] 	 loss: 0.03636, MAE: 0.05901, time/step=788ms, lr=2.82e-04
2023-04-18 13:56:42,452 - logger.py:50 - Epoch: [138] Target: [1] train MAE: 0.05901, val MAE: 0.22498, test MAE: 0.22315, Time: 381.50s
2023-04-18 13:56:42,452 - logger.py:50 - Best -- epoch=137, train MAE: 0.05909, val MAE: 0.21979, test MAE: 0.22196

2023-04-18 13:56:43,647 - logger.py:50 - Epoch: [139][0/468] 	 loss: 0.03877, MAE: 0.06292, time/step=1192ms, lr=2.79e-04
2023-04-18 13:58:01,692 - logger.py:50 - Epoch: [139][100/468] 	 loss: 0.03616, MAE: 0.05868, time/step=785ms, lr=2.79e-04
2023-04-18 13:59:20,522 - logger.py:50 - Epoch: [139][200/468] 	 loss: 0.03628, MAE: 0.05888, time/step=786ms, lr=2.79e-04
2023-04-18 14:00:39,787 - logger.py:50 - Epoch: [139][300/468] 	 loss: 0.03611, MAE: 0.05860, time/step=788ms, lr=2.79e-04
2023-04-18 14:01:58,019 - logger.py:50 - Epoch: [139][400/468] 	 loss: 0.03595, MAE: 0.05835, time/step=787ms, lr=2.79e-04
2023-04-18 14:02:50,966 - logger.py:50 - Epoch: [139][467/468] 	 loss: 0.03610, MAE: 0.05858, time/step=787ms, lr=2.79e-04
2023-04-18 14:03:03,463 - logger.py:50 - Epoch: [139] Target: [1] train MAE: 0.05858, val MAE: 0.22635, test MAE: 0.22607, Time: 381.01s
2023-04-18 14:03:03,463 - logger.py:50 - Best -- epoch=137, train MAE: 0.05909, val MAE: 0.21979, test MAE: 0.22196

2023-04-18 14:03:04,535 - logger.py:50 - Epoch: [140][0/468] 	 loss: 0.02454, MAE: 0.03983, time/step=1070ms, lr=2.77e-04
2023-04-18 14:04:23,410 - logger.py:50 - Epoch: [140][100/468] 	 loss: 0.03727, MAE: 0.06049, time/step=792ms, lr=2.77e-04
2023-04-18 14:05:43,026 - logger.py:50 - Epoch: [140][200/468] 	 loss: 0.03779, MAE: 0.06134, time/step=794ms, lr=2.77e-04
2023-04-18 14:07:01,566 - logger.py:50 - Epoch: [140][300/468] 	 loss: 0.03699, MAE: 0.06003, time/step=791ms, lr=2.77e-04
2023-04-18 14:08:19,172 - logger.py:50 - Epoch: [140][400/468] 	 loss: 0.03683, MAE: 0.05977, time/step=787ms, lr=2.77e-04
2023-04-18 14:09:12,542 - logger.py:50 - Epoch: [140][467/468] 	 loss: 0.03646, MAE: 0.05918, time/step=789ms, lr=2.77e-04
2023-04-18 14:09:25,070 - logger.py:50 - Epoch: [140] Target: [1] train MAE: 0.05918, val MAE: 0.22420, test MAE: 0.22287, Time: 381.61s
2023-04-18 14:09:25,070 - logger.py:50 - Best -- epoch=137, train MAE: 0.05909, val MAE: 0.21979, test MAE: 0.22196

2023-04-18 14:09:26,216 - logger.py:50 - Epoch: [141][0/468] 	 loss: 0.05292, MAE: 0.08588, time/step=1144ms, lr=2.74e-04
2023-04-18 14:10:44,954 - logger.py:50 - Epoch: [141][100/468] 	 loss: 0.03584, MAE: 0.05817, time/step=791ms, lr=2.74e-04
2023-04-18 14:12:03,963 - logger.py:50 - Epoch: [141][200/468] 	 loss: 0.03696, MAE: 0.05998, time/step=791ms, lr=2.74e-04
2023-04-18 14:13:23,723 - logger.py:50 - Epoch: [141][300/468] 	 loss: 0.03695, MAE: 0.05996, time/step=793ms, lr=2.74e-04
2023-04-18 14:14:42,260 - logger.py:50 - Epoch: [141][400/468] 	 loss: 0.03667, MAE: 0.05951, time/step=791ms, lr=2.74e-04
2023-04-18 14:15:35,013 - logger.py:50 - Epoch: [141][467/468] 	 loss: 0.03660, MAE: 0.05940, time/step=790ms, lr=2.74e-04
2023-04-18 14:15:47,491 - logger.py:50 - Epoch: [141] Target: [1] train MAE: 0.05940, val MAE: 0.22530, test MAE: 0.22177, Time: 382.42s
2023-04-18 14:15:47,492 - logger.py:50 - Best -- epoch=137, train MAE: 0.05909, val MAE: 0.21979, test MAE: 0.22196

2023-04-18 14:15:48,606 - logger.py:50 - Epoch: [142][0/468] 	 loss: 0.04834, MAE: 0.07844, time/step=1112ms, lr=2.71e-04
2023-04-18 14:17:08,025 - logger.py:50 - Epoch: [142][100/468] 	 loss: 0.03484, MAE: 0.05655, time/step=797ms, lr=2.71e-04
2023-04-18 14:18:27,956 - logger.py:50 - Epoch: [142][200/468] 	 loss: 0.03527, MAE: 0.05725, time/step=798ms, lr=2.71e-04
2023-04-18 14:19:45,926 - logger.py:50 - Epoch: [142][300/468] 	 loss: 0.03516, MAE: 0.05706, time/step=792ms, lr=2.71e-04
2023-04-18 14:21:04,832 - logger.py:50 - Epoch: [142][400/468] 	 loss: 0.03516, MAE: 0.05706, time/step=791ms, lr=2.71e-04
2023-04-18 14:21:57,175 - logger.py:50 - Epoch: [142][467/468] 	 loss: 0.03541, MAE: 0.05746, time/step=790ms, lr=2.71e-04
2023-04-18 14:22:09,711 - logger.py:50 - Epoch: [142] Target: [1] train MAE: 0.05746, val MAE: 0.22748, test MAE: 0.21916, Time: 382.22s
2023-04-18 14:22:09,711 - logger.py:50 - Best -- epoch=137, train MAE: 0.05909, val MAE: 0.21979, test MAE: 0.22196

2023-04-18 14:22:10,805 - logger.py:50 - Epoch: [143][0/468] 	 loss: 0.03417, MAE: 0.05546, time/step=1092ms, lr=2.69e-04
2023-04-18 14:23:30,539 - logger.py:50 - Epoch: [143][100/468] 	 loss: 0.03459, MAE: 0.05614, time/step=800ms, lr=2.69e-04
2023-04-18 14:24:49,046 - logger.py:50 - Epoch: [143][200/468] 	 loss: 0.03513, MAE: 0.05702, time/step=793ms, lr=2.69e-04
2023-04-18 14:26:07,408 - logger.py:50 - Epoch: [143][300/468] 	 loss: 0.03577, MAE: 0.05806, time/step=790ms, lr=2.69e-04
2023-04-18 14:27:25,782 - logger.py:50 - Epoch: [143][400/468] 	 loss: 0.03583, MAE: 0.05815, time/step=788ms, lr=2.69e-04
2023-04-18 14:28:19,596 - logger.py:50 - Epoch: [143][467/468] 	 loss: 0.03569, MAE: 0.05792, time/step=790ms, lr=2.69e-04
2023-04-18 14:28:32,400 - logger.py:50 - Epoch: [143] Target: [1] train MAE: 0.05792, val MAE: 0.22559, test MAE: 0.22190, Time: 382.69s
2023-04-18 14:28:32,400 - logger.py:50 - Best -- epoch=137, train MAE: 0.05909, val MAE: 0.21979, test MAE: 0.22196

2023-04-18 14:28:33,587 - logger.py:50 - Epoch: [144][0/468] 	 loss: 0.04534, MAE: 0.07359, time/step=1183ms, lr=2.66e-04
2023-04-18 14:29:54,209 - logger.py:50 - Epoch: [144][100/468] 	 loss: 0.03569, MAE: 0.05792, time/step=810ms, lr=2.66e-04
2023-04-18 14:31:14,768 - logger.py:50 - Epoch: [144][200/468] 	 loss: 0.03653, MAE: 0.05928, time/step=808ms, lr=2.66e-04
2023-04-18 14:32:34,353 - logger.py:50 - Epoch: [144][300/468] 	 loss: 0.03611, MAE: 0.05861, time/step=804ms, lr=2.66e-04
2023-04-18 14:33:52,822 - logger.py:50 - Epoch: [144][400/468] 	 loss: 0.03624, MAE: 0.05882, time/step=799ms, lr=2.66e-04
2023-04-18 14:34:46,445 - logger.py:50 - Epoch: [144][467/468] 	 loss: 0.03599, MAE: 0.05841, time/step=799ms, lr=2.66e-04
2023-04-18 14:34:59,117 - logger.py:50 - Epoch: [144] Target: [1] train MAE: 0.05841, val MAE: 0.22415, test MAE: 0.22395, Time: 386.72s
2023-04-18 14:34:59,117 - logger.py:50 - Best -- epoch=137, train MAE: 0.05909, val MAE: 0.21979, test MAE: 0.22196

2023-04-18 14:35:00,301 - logger.py:50 - Epoch: [145][0/468] 	 loss: 0.02608, MAE: 0.04233, time/step=1181ms, lr=2.64e-04
2023-04-18 14:36:20,100 - logger.py:50 - Epoch: [145][100/468] 	 loss: 0.03414, MAE: 0.05540, time/step=802ms, lr=2.64e-04
2023-04-18 14:37:40,567 - logger.py:50 - Epoch: [145][200/468] 	 loss: 0.03500, MAE: 0.05680, time/step=803ms, lr=2.64e-04
2023-04-18 14:39:00,751 - logger.py:50 - Epoch: [145][300/468] 	 loss: 0.03562, MAE: 0.05780, time/step=803ms, lr=2.64e-04
2023-04-18 14:40:21,538 - logger.py:50 - Epoch: [145][400/468] 	 loss: 0.03635, MAE: 0.05899, time/step=804ms, lr=2.64e-04
2023-04-18 14:41:13,992 - logger.py:50 - Epoch: [145][467/468] 	 loss: 0.03621, MAE: 0.05877, time/step=801ms, lr=2.64e-04
2023-04-18 14:41:26,629 - logger.py:50 - Epoch: [145] Target: [1] train MAE: 0.05877, val MAE: 0.22246, test MAE: 0.22516, Time: 387.51s
2023-04-18 14:41:26,630 - logger.py:50 - Best -- epoch=137, train MAE: 0.05909, val MAE: 0.21979, test MAE: 0.22196

2023-04-18 14:41:27,668 - logger.py:50 - Epoch: [146][0/468] 	 loss: 0.04050, MAE: 0.06574, time/step=1035ms, lr=2.61e-04
2023-04-18 14:42:37,676 - logger.py:50 - Namespace(amp=False, batch_size=128, clip_grad=None, compute_stats=False, cooldown_epochs=10, data_path='datasets/mp_py_cut12', decay_epochs=30, decay_rate=0.1, dist_url='env://', distributed=False, drop_path=0.0, epochs=300, feature_type='crystalnet', input_irreps='100x0e', local_rank=0, loss='l1', lr=0.0005, lr_noise=None, lr_noise_pct=0.67, lr_noise_std=1.0, min_lr=1e-06, model_ema=False, model_ema_decay=0.9999, model_ema_force_cpu=False, model_name='graph_attention_transformer_nonlinear_l2_e3', momentum=0.9, num_basis=128, opt='adamw', opt_betas=None, opt_eps=1e-08, output_channels=1, output_dir='models/mp/target_1/', patience_epochs=10, pin_mem=True, print_freq=100, radius=5.0, rank=0, sched='cosine', seed=0, standardize=True, target=1, warmup_epochs=5, warmup_lr=1e-06, weight_decay=0.001, workers=4, world_size=1)
2023-04-18 14:42:44,990 - logger.py:50 - Training set mean: 1.346459150314331, std:1.6228958368301392
2023-04-18 14:42:48,212 - logger.py:50 - Epoch: [146][100/468] 	 loss: 0.03537, MAE: 0.05740, time/step=808ms, lr=2.61e-04
2023-04-18 14:42:56,554 - logger.py:50 - GraphAttentionTransformer(
  (atom_embed): NodeEmbeddingNetwork(
    (atom_type_lin): LinearRS(
      (tp): TensorProduct(100x0e x 1x0e -> 128x0e+32x0o+32x1e+32x1o+16x2e+16x2o | 12800 paths | 12800 weights)
      (bias): ParameterList(  (0): Parameter containing: [torch.FloatTensor of size 128])
    )
  )
  (rbf): GaussianRadialBasisLayer(mean_init_max=1.0, mean_init_min=0, std_init_max=1.0, std_init_min=0.0078125)
  (edge_deg_embed): EdgeDegreeEmbeddingNetwork(
    (exp): LinearRS(
      (tp): TensorProduct(1x0e x 1x0e -> 128x0e+32x0o+32x1e+32x1o+16x2e+16x2o | 128 paths | 128 weights)
      (bias): ParameterList(  (0): Parameter containing: [torch.FloatTensor of size 128])
    )
    (dw): TensorProductRescale(
      (tp): TensorProduct(128x0e+32x0o+32x1e+32x1o+16x2e+16x2o x 1x0e+1x1o+1x2e -> 176x0e+80x0o+160x1e+256x1o+240x2e+144x2o | 1056 paths | 1056 weights)
      (bias): ParameterList()
    )
    (rad): RadialProfile(
      (net): Sequential(
        (0): Linear(in_features=128, out_features=64, bias=True)
        (1): LayerNorm((64,), eps=1e-05, elementwise_affine=True)
        (2): SiLU()
        (3): Linear(in_features=64, out_features=64, bias=True)
        (4): LayerNorm((64,), eps=1e-05, elementwise_affine=True)
        (5): SiLU()
        (6): Linear(in_features=64, out_features=1056, bias=False)
      )
    )
    (proj): LinearRS(
      (tp): TensorProduct(176x0e+80x0o+160x1e+256x1o+240x2e+144x2o x 1x0e -> 128x0e+32x0o+32x1e+32x1o+16x2e+16x2o | 44544 paths | 44544 weights)
      (bias): ParameterList(  (0): Parameter containing: [torch.FloatTensor of size 128])
    )
    (scale_scatter): ScaledScatter(avg_aggregate_num=34.29242574467496)
  )
  (blocks): ModuleList(
    (0): TransBlock(
      (norm_1): EquivariantLayerNormV2(128x0e+32x0o+32x1e+32x1o+16x2e+16x2o, eps=1e-05)
      (ga): GraphAttention(
        rescale_degree=False, 
        (merge_src): LinearRS(
          (tp): TensorProduct(128x0e+32x0o+32x1e+32x1o+16x2e+16x2o x 1x0e -> 128x0e+32x0o+32x1e+32x1o+16x2e+16x2o | 19968 paths | 19968 weights)
          (bias): ParameterList(  (0): Parameter containing: [torch.FloatTensor of size 128])
        )
        (merge_dst): LinearRS(
          (tp): TensorProduct(128x0e+32x0o+32x1e+32x1o+16x2e+16x2o x 1x0e -> 128x0e+32x0o+32x1e+32x1o+16x2e+16x2o | 19968 paths | 19968 weights)
          (bias): ParameterList()
        )
        (sep_act): SeparableFCTP(
          (dtp): TensorProductRescale(
            (tp): TensorProduct(128x0e+32x0o+32x1e+32x1o+16x2e+16x2o x 1x0e+1x1o+1x2e -> 176x0e+80x0o+160x1e+256x1o+240x2e+144x2o | 1056 paths | 1056 weights)
            (bias): ParameterList()
          )
          (dtp_rad): RadialProfile(
            (net): Sequential(
              (0): Linear(in_features=128, out_features=64, bias=True)
              (1): LayerNorm((64,), eps=1e-05, elementwise_affine=True)
              (2): SiLU()
              (3): Linear(in_features=64, out_features=64, bias=True)
              (4): LayerNorm((64,), eps=1e-05, elementwise_affine=True)
              (5): SiLU()
              (6): Linear(in_features=64, out_features=1056, bias=False)
            )
          )
          (lin): LinearRS(
            (tp): TensorProduct(176x0e+80x0o+160x1e+256x1o+240x2e+144x2o x 1x0e -> 256x0e+32x0o+32x1e+32x1o+16x2e+16x2o | 67072 paths | 67072 weights)
            (bias): ParameterList(  (0): Parameter containing: [torch.FloatTensor of size 256])
          )
          (gate): Gate (256x0e+32x0o+32x1e+32x1o+16x2e+16x2o -> 128x0e+32x0o+32x1e+32x1o+16x2e+16x2o)
        )
        (sep_alpha): LinearRS(
          (tp): TensorProduct(176x0e+80x0o+160x1e+256x1o+240x2e+144x2o x 1x0e -> 256x0e | 45056 paths | 45056 weights)
          (bias): ParameterList(  (0): Parameter containing: [torch.FloatTensor of size 256])
        )
        (sep_value): SeparableFCTP(
          (dtp): TensorProductRescale(
            (tp): TensorProduct(128x0e+32x0o+32x1e+32x1o+16x2e+16x2o x 1x0e+1x1o+1x2e -> 176x0e+80x0o+160x1e+256x1o+240x2e+144x2o | 1056 paths | 1056 weights)
            (bias): ParameterList()
          )
          (lin): LinearRS(
            (tp): TensorProduct(176x0e+80x0o+160x1e+256x1o+240x2e+144x2o x 1x0e -> 256x0e+64x0o+64x1e+64x1o+32x2e+32x2o | 89088 paths | 89088 weights)
            (bias): ParameterList(  (0): Parameter containing: [torch.FloatTensor of size 256])
          )
        )
        (vec2heads_alpha): Vec2AttnHeads(irreps_head=32x0e, num_heads=8)
        (vec2heads_value): Vec2AttnHeads(irreps_head=32x0e+8x0o+8x1e+8x1o+4x2e+4x2o, num_heads=8)
        (alpha_act): Activation(
          32x0e -> 32x0e, 
          (acts): ModuleList(
            (0): normalize2mom(
              (f): SmoothLeakyReLU(negative_slope=0.2)
            )
          )
        )
        (heads2vec): AttnHeads2Vec(irreps_head=32x0e+8x0o+8x1e+8x1o+4x2e+4x2o)
        (alpha_dropout): Dropout(p=0.2, inplace=False)
        (proj): LinearRS(
          (tp): TensorProduct(256x0e+64x0o+64x1e+64x1o+32x2e+32x2o x 1x0e -> 128x0e+32x0o+32x1e+32x1o+16x2e+16x2o | 39936 paths | 39936 weights)
          (bias): ParameterList(  (0): Parameter containing: [torch.FloatTensor of size 128])
        )
      )
      (norm_2): EquivariantLayerNormV2(128x0e+32x0o+32x1e+32x1o+16x2e+16x2o, eps=1e-05)
      (ffn): FeedForwardNetwork(
        (fctp_1): FullyConnectedTensorProductRescaleSwishGate(
          (tp): TensorProduct(128x0e+32x0o+32x1e+32x1o+16x2e+16x2o x 1x0e -> 768x0e+96x0o+96x1e+96x1o+48x2e+48x2o | 109056 paths | 109056 weights)
          (bias): ParameterList(  (0): Parameter containing: [torch.FloatTensor of size 768])
          (gate): Gate (768x0e+96x0o+96x1e+96x1o+48x2e+48x2o -> 384x0e+96x0o+96x1e+96x1o+48x2e+48x2o)
        )
        (fctp_2): FullyConnectedTensorProductRescale(
          (tp): TensorProduct(384x0e+96x0o+96x1e+96x1o+48x2e+48x2o x 1x0e -> 128x0e+32x0o+32x1e+32x1o+16x2e+16x2o | 59904 paths | 59904 weights)
          (bias): ParameterList(  (0): Parameter containing: [torch.FloatTensor of size 128])
        )
      )
    )
    (1): TransBlock(
      (norm_1): EquivariantLayerNormV2(128x0e+32x0o+32x1e+32x1o+16x2e+16x2o, eps=1e-05)
      (ga): GraphAttention(
        rescale_degree=False, 
        (merge_src): LinearRS(
          (tp): TensorProduct(128x0e+32x0o+32x1e+32x1o+16x2e+16x2o x 1x0e -> 128x0e+32x0o+32x1e+32x1o+16x2e+16x2o | 19968 paths | 19968 weights)
          (bias): ParameterList(  (0): Parameter containing: [torch.FloatTensor of size 128])
        )
        (merge_dst): LinearRS(
          (tp): TensorProduct(128x0e+32x0o+32x1e+32x1o+16x2e+16x2o x 1x0e -> 128x0e+32x0o+32x1e+32x1o+16x2e+16x2o | 19968 paths | 19968 weights)
          (bias): ParameterList()
        )
        (sep_act): SeparableFCTP(
          (dtp): TensorProductRescale(
            (tp): TensorProduct(128x0e+32x0o+32x1e+32x1o+16x2e+16x2o x 1x0e+1x1o+1x2e -> 176x0e+80x0o+160x1e+256x1o+240x2e+144x2o | 1056 paths | 1056 weights)
            (bias): ParameterList()
          )
          (dtp_rad): RadialProfile(
            (net): Sequential(
              (0): Linear(in_features=128, out_features=64, bias=True)
              (1): LayerNorm((64,), eps=1e-05, elementwise_affine=True)
              (2): SiLU()
              (3): Linear(in_features=64, out_features=64, bias=True)
              (4): LayerNorm((64,), eps=1e-05, elementwise_affine=True)
              (5): SiLU()
              (6): Linear(in_features=64, out_features=1056, bias=False)
            )
          )
          (lin): LinearRS(
            (tp): TensorProduct(176x0e+80x0o+160x1e+256x1o+240x2e+144x2o x 1x0e -> 256x0e+32x0o+32x1e+32x1o+16x2e+16x2o | 67072 paths | 67072 weights)
            (bias): ParameterList(  (0): Parameter containing: [torch.FloatTensor of size 256])
          )
          (gate): Gate (256x0e+32x0o+32x1e+32x1o+16x2e+16x2o -> 128x0e+32x0o+32x1e+32x1o+16x2e+16x2o)
        )
        (sep_alpha): LinearRS(
          (tp): TensorProduct(176x0e+80x0o+160x1e+256x1o+240x2e+144x2o x 1x0e -> 256x0e | 45056 paths | 45056 weights)
          (bias): ParameterList(  (0): Parameter containing: [torch.FloatTensor of size 256])
        )
        (sep_value): SeparableFCTP(
          (dtp): TensorProductRescale(
            (tp): TensorProduct(128x0e+32x0o+32x1e+32x1o+16x2e+16x2o x 1x0e+1x1o+1x2e -> 176x0e+80x0o+160x1e+256x1o+240x2e+144x2o | 1056 paths | 1056 weights)
            (bias): ParameterList()
          )
          (lin): LinearRS(
            (tp): TensorProduct(176x0e+80x0o+160x1e+256x1o+240x2e+144x2o x 1x0e -> 256x0e+64x0o+64x1e+64x1o+32x2e+32x2o | 89088 paths | 89088 weights)
            (bias): ParameterList(  (0): Parameter containing: [torch.FloatTensor of size 256])
          )
        )
        (vec2heads_alpha): Vec2AttnHeads(irreps_head=32x0e, num_heads=8)
        (vec2heads_value): Vec2AttnHeads(irreps_head=32x0e+8x0o+8x1e+8x1o+4x2e+4x2o, num_heads=8)
        (alpha_act): Activation(
          32x0e -> 32x0e, 
          (acts): ModuleList(
            (0): normalize2mom(
              (f): SmoothLeakyReLU(negative_slope=0.2)
            )
          )
        )
        (heads2vec): AttnHeads2Vec(irreps_head=32x0e+8x0o+8x1e+8x1o+4x2e+4x2o)
        (alpha_dropout): Dropout(p=0.2, inplace=False)
        (proj): LinearRS(
          (tp): TensorProduct(256x0e+64x0o+64x1e+64x1o+32x2e+32x2o x 1x0e -> 128x0e+32x0o+32x1e+32x1o+16x2e+16x2o | 39936 paths | 39936 weights)
          (bias): ParameterList(  (0): Parameter containing: [torch.FloatTensor of size 128])
        )
      )
      (norm_2): EquivariantLayerNormV2(128x0e+32x0o+32x1e+32x1o+16x2e+16x2o, eps=1e-05)
      (ffn): FeedForwardNetwork(
        (fctp_1): FullyConnectedTensorProductRescaleSwishGate(
          (tp): TensorProduct(128x0e+32x0o+32x1e+32x1o+16x2e+16x2o x 1x0e -> 768x0e+96x0o+96x1e+96x1o+48x2e+48x2o | 109056 paths | 109056 weights)
          (bias): ParameterList(  (0): Parameter containing: [torch.FloatTensor of size 768])
          (gate): Gate (768x0e+96x0o+96x1e+96x1o+48x2e+48x2o -> 384x0e+96x0o+96x1e+96x1o+48x2e+48x2o)
        )
        (fctp_2): FullyConnectedTensorProductRescale(
          (tp): TensorProduct(384x0e+96x0o+96x1e+96x1o+48x2e+48x2o x 1x0e -> 128x0e+32x0o+32x1e+32x1o+16x2e+16x2o | 59904 paths | 59904 weights)
          (bias): ParameterList(  (0): Parameter containing: [torch.FloatTensor of size 128])
        )
      )
    )
    (2): TransBlock(
      (norm_1): EquivariantLayerNormV2(128x0e+32x0o+32x1e+32x1o+16x2e+16x2o, eps=1e-05)
      (ga): GraphAttention(
        rescale_degree=False, 
        (merge_src): LinearRS(
          (tp): TensorProduct(128x0e+32x0o+32x1e+32x1o+16x2e+16x2o x 1x0e -> 128x0e+32x0o+32x1e+32x1o+16x2e+16x2o | 19968 paths | 19968 weights)
          (bias): ParameterList(  (0): Parameter containing: [torch.FloatTensor of size 128])
        )
        (merge_dst): LinearRS(
          (tp): TensorProduct(128x0e+32x0o+32x1e+32x1o+16x2e+16x2o x 1x0e -> 128x0e+32x0o+32x1e+32x1o+16x2e+16x2o | 19968 paths | 19968 weights)
          (bias): ParameterList()
        )
        (sep_act): SeparableFCTP(
          (dtp): TensorProductRescale(
            (tp): TensorProduct(128x0e+32x0o+32x1e+32x1o+16x2e+16x2o x 1x0e+1x1o+1x2e -> 176x0e+80x0o+160x1e+256x1o+240x2e+144x2o | 1056 paths | 1056 weights)
            (bias): ParameterList()
          )
          (dtp_rad): RadialProfile(
            (net): Sequential(
              (0): Linear(in_features=128, out_features=64, bias=True)
              (1): LayerNorm((64,), eps=1e-05, elementwise_affine=True)
              (2): SiLU()
              (3): Linear(in_features=64, out_features=64, bias=True)
              (4): LayerNorm((64,), eps=1e-05, elementwise_affine=True)
              (5): SiLU()
              (6): Linear(in_features=64, out_features=1056, bias=False)
            )
          )
          (lin): LinearRS(
            (tp): TensorProduct(176x0e+80x0o+160x1e+256x1o+240x2e+144x2o x 1x0e -> 256x0e+32x0o+32x1e+32x1o+16x2e+16x2o | 67072 paths | 67072 weights)
            (bias): ParameterList(  (0): Parameter containing: [torch.FloatTensor of size 256])
          )
          (gate): Gate (256x0e+32x0o+32x1e+32x1o+16x2e+16x2o -> 128x0e+32x0o+32x1e+32x1o+16x2e+16x2o)
        )
        (sep_alpha): LinearRS(
          (tp): TensorProduct(176x0e+80x0o+160x1e+256x1o+240x2e+144x2o x 1x0e -> 256x0e | 45056 paths | 45056 weights)
          (bias): ParameterList(  (0): Parameter containing: [torch.FloatTensor of size 256])
        )
        (sep_value): SeparableFCTP(
          (dtp): TensorProductRescale(
            (tp): TensorProduct(128x0e+32x0o+32x1e+32x1o+16x2e+16x2o x 1x0e+1x1o+1x2e -> 176x0e+80x0o+160x1e+256x1o+240x2e+144x2o | 1056 paths | 1056 weights)
            (bias): ParameterList()
          )
          (lin): LinearRS(
            (tp): TensorProduct(176x0e+80x0o+160x1e+256x1o+240x2e+144x2o x 1x0e -> 256x0e+64x0o+64x1e+64x1o+32x2e+32x2o | 89088 paths | 89088 weights)
            (bias): ParameterList(  (0): Parameter containing: [torch.FloatTensor of size 256])
          )
        )
        (vec2heads_alpha): Vec2AttnHeads(irreps_head=32x0e, num_heads=8)
        (vec2heads_value): Vec2AttnHeads(irreps_head=32x0e+8x0o+8x1e+8x1o+4x2e+4x2o, num_heads=8)
        (alpha_act): Activation(
          32x0e -> 32x0e, 
          (acts): ModuleList(
            (0): normalize2mom(
              (f): SmoothLeakyReLU(negative_slope=0.2)
            )
          )
        )
        (heads2vec): AttnHeads2Vec(irreps_head=32x0e+8x0o+8x1e+8x1o+4x2e+4x2o)
        (alpha_dropout): Dropout(p=0.2, inplace=False)
        (proj): LinearRS(
          (tp): TensorProduct(256x0e+64x0o+64x1e+64x1o+32x2e+32x2o x 1x0e -> 128x0e+32x0o+32x1e+32x1o+16x2e+16x2o | 39936 paths | 39936 weights)
          (bias): ParameterList(  (0): Parameter containing: [torch.FloatTensor of size 128])
        )
      )
      (norm_2): EquivariantLayerNormV2(128x0e+32x0o+32x1e+32x1o+16x2e+16x2o, eps=1e-05)
      (ffn): FeedForwardNetwork(
        (fctp_1): FullyConnectedTensorProductRescaleSwishGate(
          (tp): TensorProduct(128x0e+32x0o+32x1e+32x1o+16x2e+16x2o x 1x0e -> 768x0e+96x0o+96x1e+96x1o+48x2e+48x2o | 109056 paths | 109056 weights)
          (bias): ParameterList(  (0): Parameter containing: [torch.FloatTensor of size 768])
          (gate): Gate (768x0e+96x0o+96x1e+96x1o+48x2e+48x2o -> 384x0e+96x0o+96x1e+96x1o+48x2e+48x2o)
        )
        (fctp_2): FullyConnectedTensorProductRescale(
          (tp): TensorProduct(384x0e+96x0o+96x1e+96x1o+48x2e+48x2o x 1x0e -> 128x0e+32x0o+32x1e+32x1o+16x2e+16x2o | 59904 paths | 59904 weights)
          (bias): ParameterList(  (0): Parameter containing: [torch.FloatTensor of size 128])
        )
      )
    )
    (3): TransBlock(
      (norm_1): EquivariantLayerNormV2(128x0e+32x0o+32x1e+32x1o+16x2e+16x2o, eps=1e-05)
      (ga): GraphAttention(
        rescale_degree=False, 
        (merge_src): LinearRS(
          (tp): TensorProduct(128x0e+32x0o+32x1e+32x1o+16x2e+16x2o x 1x0e -> 128x0e+32x0o+32x1e+32x1o+16x2e+16x2o | 19968 paths | 19968 weights)
          (bias): ParameterList(  (0): Parameter containing: [torch.FloatTensor of size 128])
        )
        (merge_dst): LinearRS(
          (tp): TensorProduct(128x0e+32x0o+32x1e+32x1o+16x2e+16x2o x 1x0e -> 128x0e+32x0o+32x1e+32x1o+16x2e+16x2o | 19968 paths | 19968 weights)
          (bias): ParameterList()
        )
        (sep_act): SeparableFCTP(
          (dtp): TensorProductRescale(
            (tp): TensorProduct(128x0e+32x0o+32x1e+32x1o+16x2e+16x2o x 1x0e+1x1o+1x2e -> 176x0e+80x0o+160x1e+256x1o+240x2e+144x2o | 1056 paths | 1056 weights)
            (bias): ParameterList()
          )
          (dtp_rad): RadialProfile(
            (net): Sequential(
              (0): Linear(in_features=128, out_features=64, bias=True)
              (1): LayerNorm((64,), eps=1e-05, elementwise_affine=True)
              (2): SiLU()
              (3): Linear(in_features=64, out_features=64, bias=True)
              (4): LayerNorm((64,), eps=1e-05, elementwise_affine=True)
              (5): SiLU()
              (6): Linear(in_features=64, out_features=1056, bias=False)
            )
          )
          (lin): LinearRS(
            (tp): TensorProduct(176x0e+80x0o+160x1e+256x1o+240x2e+144x2o x 1x0e -> 256x0e+32x0o+32x1e+32x1o+16x2e+16x2o | 67072 paths | 67072 weights)
            (bias): ParameterList(  (0): Parameter containing: [torch.FloatTensor of size 256])
          )
          (gate): Gate (256x0e+32x0o+32x1e+32x1o+16x2e+16x2o -> 128x0e+32x0o+32x1e+32x1o+16x2e+16x2o)
        )
        (sep_alpha): LinearRS(
          (tp): TensorProduct(176x0e+80x0o+160x1e+256x1o+240x2e+144x2o x 1x0e -> 256x0e | 45056 paths | 45056 weights)
          (bias): ParameterList(  (0): Parameter containing: [torch.FloatTensor of size 256])
        )
        (sep_value): SeparableFCTP(
          (dtp): TensorProductRescale(
            (tp): TensorProduct(128x0e+32x0o+32x1e+32x1o+16x2e+16x2o x 1x0e+1x1o+1x2e -> 176x0e+80x0o+160x1e+256x1o+240x2e+144x2o | 1056 paths | 1056 weights)
            (bias): ParameterList()
          )
          (lin): LinearRS(
            (tp): TensorProduct(176x0e+80x0o+160x1e+256x1o+240x2e+144x2o x 1x0e -> 256x0e+64x0o+64x1e+64x1o+32x2e+32x2o | 89088 paths | 89088 weights)
            (bias): ParameterList(  (0): Parameter containing: [torch.FloatTensor of size 256])
          )
        )
        (vec2heads_alpha): Vec2AttnHeads(irreps_head=32x0e, num_heads=8)
        (vec2heads_value): Vec2AttnHeads(irreps_head=32x0e+8x0o+8x1e+8x1o+4x2e+4x2o, num_heads=8)
        (alpha_act): Activation(
          32x0e -> 32x0e, 
          (acts): ModuleList(
            (0): normalize2mom(
              (f): SmoothLeakyReLU(negative_slope=0.2)
            )
          )
        )
        (heads2vec): AttnHeads2Vec(irreps_head=32x0e+8x0o+8x1e+8x1o+4x2e+4x2o)
        (alpha_dropout): Dropout(p=0.2, inplace=False)
        (proj): LinearRS(
          (tp): TensorProduct(256x0e+64x0o+64x1e+64x1o+32x2e+32x2o x 1x0e -> 128x0e+32x0o+32x1e+32x1o+16x2e+16x2o | 39936 paths | 39936 weights)
          (bias): ParameterList(  (0): Parameter containing: [torch.FloatTensor of size 128])
        )
      )
      (norm_2): EquivariantLayerNormV2(128x0e+32x0o+32x1e+32x1o+16x2e+16x2o, eps=1e-05)
      (ffn): FeedForwardNetwork(
        (fctp_1): FullyConnectedTensorProductRescaleSwishGate(
          (tp): TensorProduct(128x0e+32x0o+32x1e+32x1o+16x2e+16x2o x 1x0e -> 768x0e+96x0o+96x1e+96x1o+48x2e+48x2o | 109056 paths | 109056 weights)
          (bias): ParameterList(  (0): Parameter containing: [torch.FloatTensor of size 768])
          (gate): Gate (768x0e+96x0o+96x1e+96x1o+48x2e+48x2o -> 384x0e+96x0o+96x1e+96x1o+48x2e+48x2o)
        )
        (fctp_2): FullyConnectedTensorProductRescale(
          (tp): TensorProduct(384x0e+96x0o+96x1e+96x1o+48x2e+48x2o x 1x0e -> 128x0e+32x0o+32x1e+32x1o+16x2e+16x2o | 59904 paths | 59904 weights)
          (bias): ParameterList(  (0): Parameter containing: [torch.FloatTensor of size 128])
        )
      )
    )
    (4): TransBlock(
      (norm_1): EquivariantLayerNormV2(128x0e+32x0o+32x1e+32x1o+16x2e+16x2o, eps=1e-05)
      (ga): GraphAttention(
        rescale_degree=False, 
        (merge_src): LinearRS(
          (tp): TensorProduct(128x0e+32x0o+32x1e+32x1o+16x2e+16x2o x 1x0e -> 128x0e+32x0o+32x1e+32x1o+16x2e+16x2o | 19968 paths | 19968 weights)
          (bias): ParameterList(  (0): Parameter containing: [torch.FloatTensor of size 128])
        )
        (merge_dst): LinearRS(
          (tp): TensorProduct(128x0e+32x0o+32x1e+32x1o+16x2e+16x2o x 1x0e -> 128x0e+32x0o+32x1e+32x1o+16x2e+16x2o | 19968 paths | 19968 weights)
          (bias): ParameterList()
        )
        (sep_act): SeparableFCTP(
          (dtp): TensorProductRescale(
            (tp): TensorProduct(128x0e+32x0o+32x1e+32x1o+16x2e+16x2o x 1x0e+1x1o+1x2e -> 176x0e+80x0o+160x1e+256x1o+240x2e+144x2o | 1056 paths | 1056 weights)
            (bias): ParameterList()
          )
          (dtp_rad): RadialProfile(
            (net): Sequential(
              (0): Linear(in_features=128, out_features=64, bias=True)
              (1): LayerNorm((64,), eps=1e-05, elementwise_affine=True)
              (2): SiLU()
              (3): Linear(in_features=64, out_features=64, bias=True)
              (4): LayerNorm((64,), eps=1e-05, elementwise_affine=True)
              (5): SiLU()
              (6): Linear(in_features=64, out_features=1056, bias=False)
            )
          )
          (lin): LinearRS(
            (tp): TensorProduct(176x0e+80x0o+160x1e+256x1o+240x2e+144x2o x 1x0e -> 256x0e+32x0o+32x1e+32x1o+16x2e+16x2o | 67072 paths | 67072 weights)
            (bias): ParameterList(  (0): Parameter containing: [torch.FloatTensor of size 256])
          )
          (gate): Gate (256x0e+32x0o+32x1e+32x1o+16x2e+16x2o -> 128x0e+32x0o+32x1e+32x1o+16x2e+16x2o)
        )
        (sep_alpha): LinearRS(
          (tp): TensorProduct(176x0e+80x0o+160x1e+256x1o+240x2e+144x2o x 1x0e -> 256x0e | 45056 paths | 45056 weights)
          (bias): ParameterList(  (0): Parameter containing: [torch.FloatTensor of size 256])
        )
        (sep_value): SeparableFCTP(
          (dtp): TensorProductRescale(
            (tp): TensorProduct(128x0e+32x0o+32x1e+32x1o+16x2e+16x2o x 1x0e+1x1o+1x2e -> 176x0e+80x0o+160x1e+256x1o+240x2e+144x2o | 1056 paths | 1056 weights)
            (bias): ParameterList()
          )
          (lin): LinearRS(
            (tp): TensorProduct(176x0e+80x0o+160x1e+256x1o+240x2e+144x2o x 1x0e -> 256x0e+64x0o+64x1e+64x1o+32x2e+32x2o | 89088 paths | 89088 weights)
            (bias): ParameterList(  (0): Parameter containing: [torch.FloatTensor of size 256])
          )
        )
        (vec2heads_alpha): Vec2AttnHeads(irreps_head=32x0e, num_heads=8)
        (vec2heads_value): Vec2AttnHeads(irreps_head=32x0e+8x0o+8x1e+8x1o+4x2e+4x2o, num_heads=8)
        (alpha_act): Activation(
          32x0e -> 32x0e, 
          (acts): ModuleList(
            (0): normalize2mom(
              (f): SmoothLeakyReLU(negative_slope=0.2)
            )
          )
        )
        (heads2vec): AttnHeads2Vec(irreps_head=32x0e+8x0o+8x1e+8x1o+4x2e+4x2o)
        (alpha_dropout): Dropout(p=0.2, inplace=False)
        (proj): LinearRS(
          (tp): TensorProduct(256x0e+64x0o+64x1e+64x1o+32x2e+32x2o x 1x0e -> 128x0e+32x0o+32x1e+32x1o+16x2e+16x2o | 39936 paths | 39936 weights)
          (bias): ParameterList(  (0): Parameter containing: [torch.FloatTensor of size 128])
        )
      )
      (norm_2): EquivariantLayerNormV2(128x0e+32x0o+32x1e+32x1o+16x2e+16x2o, eps=1e-05)
      (ffn): FeedForwardNetwork(
        (fctp_1): FullyConnectedTensorProductRescaleSwishGate(
          (tp): TensorProduct(128x0e+32x0o+32x1e+32x1o+16x2e+16x2o x 1x0e -> 768x0e+96x0o+96x1e+96x1o+48x2e+48x2o | 109056 paths | 109056 weights)
          (bias): ParameterList(  (0): Parameter containing: [torch.FloatTensor of size 768])
          (gate): Gate (768x0e+96x0o+96x1e+96x1o+48x2e+48x2o -> 384x0e+96x0o+96x1e+96x1o+48x2e+48x2o)
        )
        (fctp_2): FullyConnectedTensorProductRescale(
          (tp): TensorProduct(384x0e+96x0o+96x1e+96x1o+48x2e+48x2o x 1x0e -> 128x0e+32x0o+32x1e+32x1o+16x2e+16x2o | 59904 paths | 59904 weights)
          (bias): ParameterList(  (0): Parameter containing: [torch.FloatTensor of size 128])
        )
      )
    )
    (5): TransBlock(
      (norm_1): EquivariantLayerNormV2(128x0e+32x0o+32x1e+32x1o+16x2e+16x2o, eps=1e-05)
      (ga): GraphAttention(
        rescale_degree=False, 
        (merge_src): LinearRS(
          (tp): TensorProduct(128x0e+32x0o+32x1e+32x1o+16x2e+16x2o x 1x0e -> 128x0e+32x0o+32x1e+32x1o+16x2e+16x2o | 19968 paths | 19968 weights)
          (bias): ParameterList(  (0): Parameter containing: [torch.FloatTensor of size 128])
        )
        (merge_dst): LinearRS(
          (tp): TensorProduct(128x0e+32x0o+32x1e+32x1o+16x2e+16x2o x 1x0e -> 128x0e+32x0o+32x1e+32x1o+16x2e+16x2o | 19968 paths | 19968 weights)
          (bias): ParameterList()
        )
        (sep_act): SeparableFCTP(
          (dtp): TensorProductRescale(
            (tp): TensorProduct(128x0e+32x0o+32x1e+32x1o+16x2e+16x2o x 1x0e+1x1o+1x2e -> 176x0e+80x0o+160x1e+256x1o+240x2e+144x2o | 1056 paths | 1056 weights)
            (bias): ParameterList()
          )
          (dtp_rad): RadialProfile(
            (net): Sequential(
              (0): Linear(in_features=128, out_features=64, bias=True)
              (1): LayerNorm((64,), eps=1e-05, elementwise_affine=True)
              (2): SiLU()
              (3): Linear(in_features=64, out_features=64, bias=True)
              (4): LayerNorm((64,), eps=1e-05, elementwise_affine=True)
              (5): SiLU()
              (6): Linear(in_features=64, out_features=1056, bias=False)
            )
          )
          (lin): LinearRS(
            (tp): TensorProduct(176x0e+80x0o+160x1e+256x1o+240x2e+144x2o x 1x0e -> 256x0e+32x0o+32x1e+32x1o+16x2e+16x2o | 67072 paths | 67072 weights)
            (bias): ParameterList(  (0): Parameter containing: [torch.FloatTensor of size 256])
          )
          (gate): Gate (256x0e+32x0o+32x1e+32x1o+16x2e+16x2o -> 128x0e+32x0o+32x1e+32x1o+16x2e+16x2o)
        )
        (sep_alpha): LinearRS(
          (tp): TensorProduct(176x0e+80x0o+160x1e+256x1o+240x2e+144x2o x 1x0e -> 256x0e | 45056 paths | 45056 weights)
          (bias): ParameterList(  (0): Parameter containing: [torch.FloatTensor of size 256])
        )
        (sep_value): SeparableFCTP(
          (dtp): TensorProductRescale(
            (tp): TensorProduct(128x0e+32x0o+32x1e+32x1o+16x2e+16x2o x 1x0e+1x1o+1x2e -> 176x0e+80x0o+160x1e+256x1o+240x2e+144x2o | 1056 paths | 1056 weights)
            (bias): ParameterList()
          )
          (lin): LinearRS(
            (tp): TensorProduct(176x0e+80x0o+160x1e+256x1o+240x2e+144x2o x 1x0e -> 256x0e+64x0o+64x1e+64x1o+32x2e+32x2o | 89088 paths | 89088 weights)
            (bias): ParameterList(  (0): Parameter containing: [torch.FloatTensor of size 256])
          )
        )
        (vec2heads_alpha): Vec2AttnHeads(irreps_head=32x0e, num_heads=8)
        (vec2heads_value): Vec2AttnHeads(irreps_head=32x0e+8x0o+8x1e+8x1o+4x2e+4x2o, num_heads=8)
        (alpha_act): Activation(
          32x0e -> 32x0e, 
          (acts): ModuleList(
            (0): normalize2mom(
              (f): SmoothLeakyReLU(negative_slope=0.2)
            )
          )
        )
        (heads2vec): AttnHeads2Vec(irreps_head=32x0e+8x0o+8x1e+8x1o+4x2e+4x2o)
        (alpha_dropout): Dropout(p=0.2, inplace=False)
        (proj): LinearRS(
          (tp): TensorProduct(256x0e+64x0o+64x1e+64x1o+32x2e+32x2o x 1x0e -> 128x0e+32x0o+32x1e+32x1o+16x2e+16x2o | 39936 paths | 39936 weights)
          (bias): ParameterList(  (0): Parameter containing: [torch.FloatTensor of size 128])
        )
      )
      (norm_2): EquivariantLayerNormV2(128x0e+32x0o+32x1e+32x1o+16x2e+16x2o, eps=1e-05)
      (ffn): FeedForwardNetwork(
        (fctp_1): FullyConnectedTensorProductRescaleSwishGate(
          (tp): TensorProduct(128x0e+32x0o+32x1e+32x1o+16x2e+16x2o x 1x0e -> 768x0e+96x0o+96x1e+96x1o+48x2e+48x2o | 109056 paths | 109056 weights)
          (bias): ParameterList(  (0): Parameter containing: [torch.FloatTensor of size 768])
          (gate): Gate (768x0e+96x0o+96x1e+96x1o+48x2e+48x2o -> 384x0e+96x0o+96x1e+96x1o+48x2e+48x2o)
        )
        (fctp_2): FullyConnectedTensorProductRescale(
          (tp): TensorProduct(384x0e+96x0o+96x1e+96x1o+48x2e+48x2o x 1x0e -> 512x0e | 196608 paths | 196608 weights)
          (bias): ParameterList(  (0): Parameter containing: [torch.FloatTensor of size 512])
        )
      )
      (ffn_shortcut): FullyConnectedTensorProductRescale(
        (tp): TensorProduct(128x0e+32x0o+32x1e+32x1o+16x2e+16x2o x 1x0e -> 512x0e | 65536 paths | 65536 weights)
        (bias): ParameterList(  (0): Parameter containing: [torch.FloatTensor of size 512])
      )
    )
  )
  (norm): EquivariantLayerNormV2(512x0e, eps=1e-05)
  (head): Sequential(
    (0): LinearRS(
      (tp): TensorProduct(512x0e x 1x0e -> 512x0e | 262144 paths | 262144 weights)
      (bias): ParameterList(  (0): Parameter containing: [torch.FloatTensor of size 512])
    )
    (1): Activation(
      512x0e -> 512x0e, 
      (acts): ModuleList(
        (0): normalize2mom(
          (f): SiLU()
        )
      )
    )
    (2): LinearRS(
      (tp): TensorProduct(512x0e x 1x0e -> 1x0e | 512 paths | 512 weights)
      (bias): ParameterList(  (0): Parameter containing: [torch.FloatTensor of size 1])
    )
  )
  (scale_scatter): ScaledScatter(avg_aggregate_num=29.891087392943284)
)
2023-04-18 14:43:01,015 - logger.py:50 - Number of params: 3818915
2023-04-18 14:43:04,002 - logger.py:50 - Epoch: [0][0/468] 	 loss: 0.83966, MAE: 1.36269, time/step=2980ms, lr=1.00e-06
2023-04-18 14:44:09,138 - logger.py:50 - Epoch: [146][200/468] 	 loss: 0.03567, MAE: 0.05789, time/step=808ms, lr=2.61e-04
2023-04-18 14:44:54,903 - logger.py:50 - Epoch: [0][100/468] 	 loss: 0.80076, MAE: 1.29956, time/step=1128ms, lr=1.00e-06
2023-04-18 14:45:28,253 - logger.py:50 - Epoch: [146][300/468] 	 loss: 0.03509, MAE: 0.05695, time/step=803ms, lr=2.61e-04
2023-04-18 14:46:16,231 - logger.py:50 - Epoch: [0][200/468] 	 loss: 0.78226, MAE: 1.26952, time/step=971ms, lr=1.00e-06
2023-04-18 14:46:47,753 - logger.py:50 - Epoch: [146][400/468] 	 loss: 0.03506, MAE: 0.05690, time/step=801ms, lr=2.61e-04
2023-04-18 14:47:37,654 - logger.py:50 - Epoch: [0][300/468] 	 loss: 0.76969, MAE: 1.24913, time/step=919ms, lr=1.00e-06
2023-04-18 14:47:40,915 - logger.py:50 - Epoch: [146][467/468] 	 loss: 0.03536, MAE: 0.05739, time/step=800ms, lr=2.61e-04
2023-04-18 14:47:53,542 - logger.py:50 - Epoch: [146] Target: [1] train MAE: 0.05739, val MAE: 0.22256, test MAE: 0.22260, Time: 386.91s
2023-04-18 14:47:53,542 - logger.py:50 - Best -- epoch=137, train MAE: 0.05909, val MAE: 0.21979, test MAE: 0.22196

2023-04-18 14:47:54,788 - logger.py:50 - Epoch: [147][0/468] 	 loss: 0.03750, MAE: 0.06086, time/step=1243ms, lr=2.58e-04
2023-04-18 14:48:58,512 - logger.py:50 - Epoch: [0][400/468] 	 loss: 0.75280, MAE: 1.22172, time/step=891ms, lr=1.00e-06
2023-04-18 14:49:14,739 - logger.py:50 - Epoch: [147][100/468] 	 loss: 0.03550, MAE: 0.05760, time/step=804ms, lr=2.58e-04
2023-04-18 14:49:52,601 - logger.py:50 - Epoch: [0][467/468] 	 loss: 0.74303, MAE: 1.20586, time/step=879ms, lr=1.00e-06
2023-04-18 14:50:24,028 - logger.py:50 - Epoch: [0] Target: [1] train MAE: 1.20586, val MAE: 1.10412, test MAE: 1.09251, Time: 443.01s
2023-04-18 14:50:24,028 - logger.py:50 - Best -- epoch=0, train MAE: 1.20586, val MAE: 1.10412, test MAE: 1.09251

2023-04-18 14:50:25,240 - logger.py:50 - Epoch: [1][0/468] 	 loss: 0.74567, MAE: 1.21015, time/step=1210ms, lr=1.01e-04
2023-04-18 14:50:35,240 - logger.py:50 - Epoch: [147][200/468] 	 loss: 0.03539, MAE: 0.05743, time/step=804ms, lr=2.58e-04
2023-04-18 14:51:45,626 - logger.py:50 - Epoch: [1][100/468] 	 loss: 0.51541, MAE: 0.83646, time/step=808ms, lr=1.01e-04
2023-04-18 14:51:54,885 - logger.py:50 - Epoch: [147][300/468] 	 loss: 0.03524, MAE: 0.05718, time/step=802ms, lr=2.58e-04
2023-04-18 14:53:06,693 - logger.py:50 - Epoch: [1][200/468] 	 loss: 0.45765, MAE: 0.74271, time/step=809ms, lr=1.01e-04
2023-04-18 14:53:13,559 - logger.py:50 - Epoch: [147][400/468] 	 loss: 0.03469, MAE: 0.05630, time/step=798ms, lr=2.58e-04
2023-04-18 14:54:06,795 - logger.py:50 - Epoch: [147][467/468] 	 loss: 0.03471, MAE: 0.05633, time/step=798ms, lr=2.58e-04
2023-04-18 14:54:19,542 - logger.py:50 - Epoch: [147] Target: [1] train MAE: 0.05633, val MAE: 0.21825, test MAE: 0.22176, Time: 386.00s
2023-04-18 14:54:19,542 - logger.py:50 - Best -- epoch=147, train MAE: 0.05633, val MAE: 0.21825, test MAE: 0.22176

2023-04-18 14:54:20,650 - logger.py:50 - Epoch: [148][0/468] 	 loss: 0.04260, MAE: 0.06913, time/step=1105ms, lr=2.56e-04
2023-04-18 14:54:28,392 - logger.py:50 - Epoch: [1][300/468] 	 loss: 0.42285, MAE: 0.68624, time/step=812ms, lr=1.01e-04
2023-04-18 14:55:39,882 - logger.py:50 - Epoch: [148][100/468] 	 loss: 0.03295, MAE: 0.05348, time/step=795ms, lr=2.56e-04
2023-04-18 14:55:49,106 - logger.py:50 - Epoch: [1][400/468] 	 loss: 0.39837, MAE: 0.64651, time/step=811ms, lr=1.01e-04
2023-04-18 14:56:43,230 - logger.py:50 - Epoch: [1][467/468] 	 loss: 0.38606, MAE: 0.62654, time/step=810ms, lr=1.01e-04
2023-04-18 14:56:57,265 - logger.py:50 - Epoch: [1] Target: [1] train MAE: 0.62654, val MAE: 0.48457, test MAE: 0.46587, Time: 393.24s
2023-04-18 14:56:57,265 - logger.py:50 - Best -- epoch=1, train MAE: 0.62654, val MAE: 0.48457, test MAE: 0.46587

2023-04-18 14:56:58,459 - logger.py:50 - Epoch: [2][0/468] 	 loss: 0.29787, MAE: 0.48341, time/step=1192ms, lr=2.01e-04
2023-04-18 14:56:59,153 - logger.py:50 - Epoch: [148][200/468] 	 loss: 0.03311, MAE: 0.05373, time/step=794ms, lr=2.56e-04
2023-04-18 14:58:18,702 - logger.py:50 - Epoch: [148][300/468] 	 loss: 0.03323, MAE: 0.05393, time/step=795ms, lr=2.56e-04
2023-04-18 14:58:19,407 - logger.py:50 - Epoch: [2][100/468] 	 loss: 0.30985, MAE: 0.50286, time/step=813ms, lr=2.01e-04
2023-04-18 14:59:38,783 - logger.py:50 - Epoch: [148][400/468] 	 loss: 0.03421, MAE: 0.05551, time/step=796ms, lr=2.56e-04
2023-04-18 14:59:39,738 - logger.py:50 - Epoch: [2][200/468] 	 loss: 0.30482, MAE: 0.49468, time/step=808ms, lr=2.01e-04
2023-04-18 15:00:32,386 - logger.py:50 - Epoch: [148][467/468] 	 loss: 0.03456, MAE: 0.05609, time/step=797ms, lr=2.56e-04
2023-04-18 15:00:45,046 - logger.py:50 - Epoch: [148] Target: [1] train MAE: 0.05609, val MAE: 0.22321, test MAE: 0.21956, Time: 385.50s
2023-04-18 15:00:45,046 - logger.py:50 - Best -- epoch=147, train MAE: 0.05633, val MAE: 0.21825, test MAE: 0.22176

2023-04-18 15:00:46,218 - logger.py:50 - Epoch: [149][0/468] 	 loss: 0.04002, MAE: 0.06495, time/step=1169ms, lr=2.53e-04
2023-04-18 15:00:59,799 - logger.py:50 - Epoch: [2][300/468] 	 loss: 0.29641, MAE: 0.48104, time/step=806ms, lr=2.01e-04
2023-04-18 15:02:06,399 - logger.py:50 - Epoch: [149][100/468] 	 loss: 0.03651, MAE: 0.05925, time/step=805ms, lr=2.53e-04
2023-04-18 15:02:20,626 - logger.py:50 - Epoch: [2][400/468] 	 loss: 0.29280, MAE: 0.47519, time/step=806ms, lr=2.01e-04
2023-04-18 15:03:15,278 - logger.py:50 - Epoch: [2][467/468] 	 loss: 0.28878, MAE: 0.46866, time/step=808ms, lr=2.01e-04
2023-04-18 15:03:26,363 - logger.py:50 - Epoch: [149][200/468] 	 loss: 0.03502, MAE: 0.05683, time/step=803ms, lr=2.53e-04
2023-04-18 15:03:29,272 - logger.py:50 - Epoch: [2] Target: [1] train MAE: 0.46866, val MAE: 0.41129, test MAE: 0.41202, Time: 392.01s
2023-04-18 15:03:29,273 - logger.py:50 - Best -- epoch=2, train MAE: 0.46866, val MAE: 0.41129, test MAE: 0.41202

2023-04-18 15:03:30,500 - logger.py:50 - Epoch: [3][0/468] 	 loss: 0.26887, MAE: 0.43636, time/step=1225ms, lr=3.00e-04
2023-04-18 15:04:45,649 - logger.py:50 - Epoch: [149][300/468] 	 loss: 0.03561, MAE: 0.05779, time/step=799ms, lr=2.53e-04
2023-04-18 15:04:51,105 - logger.py:50 - Epoch: [3][100/468] 	 loss: 0.26317, MAE: 0.42711, time/step=810ms, lr=3.00e-04
2023-04-18 15:06:04,867 - logger.py:50 - Epoch: [149][400/468] 	 loss: 0.03546, MAE: 0.05754, time/step=798ms, lr=2.53e-04
2023-04-18 15:06:11,098 - logger.py:50 - Epoch: [3][200/468] 	 loss: 0.26261, MAE: 0.42619, time/step=805ms, lr=3.00e-04
2023-04-18 15:06:58,238 - logger.py:50 - Epoch: [149][467/468] 	 loss: 0.03499, MAE: 0.05678, time/step=797ms, lr=2.53e-04
2023-04-18 15:07:11,001 - logger.py:50 - Epoch: [149] Target: [1] train MAE: 0.05678, val MAE: 0.22407, test MAE: 0.22462, Time: 385.96s
2023-04-18 15:07:11,002 - logger.py:50 - Best -- epoch=147, train MAE: 0.05633, val MAE: 0.21825, test MAE: 0.22176

2023-04-18 15:07:12,068 - logger.py:50 - Epoch: [150][0/468] 	 loss: 0.01920, MAE: 0.03117, time/step=1064ms, lr=2.51e-04
2023-04-18 15:07:32,615 - logger.py:50 - Epoch: [3][300/468] 	 loss: 0.26192, MAE: 0.42507, time/step=808ms, lr=3.00e-04
2023-04-18 15:08:31,396 - logger.py:50 - Epoch: [150][100/468] 	 loss: 0.03226, MAE: 0.05236, time/step=796ms, lr=2.51e-04
2023-04-18 15:08:53,216 - logger.py:50 - Epoch: [3][400/468] 	 loss: 0.25927, MAE: 0.42077, time/step=808ms, lr=3.00e-04
2023-04-18 15:09:47,087 - logger.py:50 - Epoch: [3][467/468] 	 loss: 0.25653, MAE: 0.41633, time/step=807ms, lr=3.00e-04
2023-04-18 15:09:50,650 - logger.py:50 - Epoch: [150][200/468] 	 loss: 0.03191, MAE: 0.05179, time/step=794ms, lr=2.51e-04
2023-04-18 15:10:01,091 - logger.py:50 - Epoch: [3] Target: [1] train MAE: 0.41633, val MAE: 0.39672, test MAE: 0.38725, Time: 391.82s
2023-04-18 15:10:01,092 - logger.py:50 - Best -- epoch=3, train MAE: 0.41633, val MAE: 0.39672, test MAE: 0.38725

2023-04-18 15:10:02,280 - logger.py:50 - Epoch: [4][0/468] 	 loss: 0.19714, MAE: 0.31994, time/step=1186ms, lr=4.00e-04
2023-04-18 15:11:10,771 - logger.py:50 - Epoch: [150][300/468] 	 loss: 0.03303, MAE: 0.05361, time/step=797ms, lr=2.51e-04
2023-04-18 15:11:21,835 - logger.py:50 - Epoch: [4][100/468] 	 loss: 0.23788, MAE: 0.38606, time/step=799ms, lr=4.00e-04
2023-04-18 15:12:30,233 - logger.py:50 - Epoch: [150][400/468] 	 loss: 0.03343, MAE: 0.05425, time/step=796ms, lr=2.51e-04
2023-04-18 15:12:43,033 - logger.py:50 - Epoch: [4][200/468] 	 loss: 0.24673, MAE: 0.40041, time/step=806ms, lr=4.00e-04
2023-04-18 15:13:23,839 - logger.py:50 - Epoch: [150][467/468] 	 loss: 0.03360, MAE: 0.05453, time/step=797ms, lr=2.51e-04
2023-04-18 15:13:36,551 - logger.py:50 - Epoch: [150] Target: [1] train MAE: 0.05453, val MAE: 0.22306, test MAE: 0.22382, Time: 385.55s
2023-04-18 15:13:36,552 - logger.py:50 - Best -- epoch=147, train MAE: 0.05633, val MAE: 0.21825, test MAE: 0.22176

2023-04-18 15:13:37,658 - logger.py:50 - Epoch: [151][0/468] 	 loss: 0.03162, MAE: 0.05131, time/step=1104ms, lr=2.48e-04
2023-04-18 15:14:03,403 - logger.py:50 - Epoch: [4][300/468] 	 loss: 0.24639, MAE: 0.39987, time/step=805ms, lr=4.00e-04
2023-04-18 15:14:57,096 - logger.py:50 - Epoch: [151][100/468] 	 loss: 0.03566, MAE: 0.05788, time/step=797ms, lr=2.48e-04
2023-04-18 15:15:24,172 - logger.py:50 - Epoch: [4][400/468] 	 loss: 0.24442, MAE: 0.39667, time/step=806ms, lr=4.00e-04
2023-04-18 15:16:16,705 - logger.py:50 - Epoch: [151][200/468] 	 loss: 0.03430, MAE: 0.05566, time/step=797ms, lr=2.48e-04
2023-04-18 15:16:18,367 - logger.py:50 - Epoch: [4][467/468] 	 loss: 0.24387, MAE: 0.39577, time/step=806ms, lr=4.00e-04
2023-04-18 15:16:32,386 - logger.py:50 - Epoch: [4] Target: [1] train MAE: 0.39577, val MAE: 0.38369, test MAE: 0.37189, Time: 391.29s
2023-04-18 15:16:32,387 - logger.py:50 - Best -- epoch=4, train MAE: 0.39577, val MAE: 0.38369, test MAE: 0.37189

2023-04-18 15:16:33,541 - logger.py:50 - Epoch: [5][0/468] 	 loss: 0.19577, MAE: 0.31771, time/step=1151ms, lr=5.00e-04
2023-04-18 15:17:37,129 - logger.py:50 - Epoch: [151][300/468] 	 loss: 0.03393, MAE: 0.05506, time/step=799ms, lr=2.48e-04
2023-04-18 15:17:54,274 - logger.py:50 - Epoch: [5][100/468] 	 loss: 0.23894, MAE: 0.38777, time/step=811ms, lr=5.00e-04
2023-04-18 15:18:56,512 - logger.py:50 - Epoch: [151][400/468] 	 loss: 0.03400, MAE: 0.05519, time/step=798ms, lr=2.48e-04
2023-04-18 15:19:14,087 - logger.py:50 - Epoch: [5][200/468] 	 loss: 0.23684, MAE: 0.38437, time/step=804ms, lr=5.00e-04
2023-04-18 15:19:49,649 - logger.py:50 - Epoch: [151][467/468] 	 loss: 0.03373, MAE: 0.05474, time/step=797ms, lr=2.48e-04
2023-04-18 15:20:02,373 - logger.py:50 - Epoch: [151] Target: [1] train MAE: 0.05474, val MAE: 0.21847, test MAE: 0.21560, Time: 385.82s
2023-04-18 15:20:02,374 - logger.py:50 - Best -- epoch=147, train MAE: 0.05633, val MAE: 0.21825, test MAE: 0.22176

2023-04-18 15:20:03,471 - logger.py:50 - Epoch: [152][0/468] 	 loss: 0.02868, MAE: 0.04654, time/step=1095ms, lr=2.45e-04
2023-04-18 15:20:35,608 - logger.py:50 - Epoch: [5][300/468] 	 loss: 0.23729, MAE: 0.38509, time/step=808ms, lr=5.00e-04
2023-04-18 15:21:23,239 - logger.py:50 - Epoch: [152][100/468] 	 loss: 0.03304, MAE: 0.05362, time/step=801ms, lr=2.45e-04
2023-04-18 15:21:57,295 - logger.py:50 - Epoch: [5][400/468] 	 loss: 0.23394, MAE: 0.37966, time/step=810ms, lr=5.00e-04
2023-04-18 15:22:42,493 - logger.py:50 - Epoch: [152][200/468] 	 loss: 0.03299, MAE: 0.05354, time/step=797ms, lr=2.45e-04
2023-04-18 15:22:51,387 - logger.py:50 - Epoch: [5][467/468] 	 loss: 0.23331, MAE: 0.37864, time/step=810ms, lr=5.00e-04
2023-04-18 15:23:05,397 - logger.py:50 - Epoch: [5] Target: [1] train MAE: 0.37864, val MAE: 0.42948, test MAE: 0.40904, Time: 393.01s
2023-04-18 15:23:05,397 - logger.py:50 - Best -- epoch=4, train MAE: 0.39577, val MAE: 0.38369, test MAE: 0.37189

2023-04-18 15:23:06,565 - logger.py:50 - Epoch: [6][0/468] 	 loss: 0.26834, MAE: 0.43549, time/step=1165ms, lr=5.00e-04
2023-04-18 15:24:02,017 - logger.py:50 - Epoch: [152][300/468] 	 loss: 0.03285, MAE: 0.05331, time/step=796ms, lr=2.45e-04
2023-04-18 15:24:27,252 - logger.py:50 - Epoch: [6][100/468] 	 loss: 0.21844, MAE: 0.35451, time/step=810ms, lr=5.00e-04
2023-04-18 15:25:21,977 - logger.py:50 - Epoch: [152][400/468] 	 loss: 0.03279, MAE: 0.05321, time/step=797ms, lr=2.45e-04
2023-04-18 15:25:48,112 - logger.py:50 - Epoch: [6][200/468] 	 loss: 0.21865, MAE: 0.35484, time/step=810ms, lr=5.00e-04
2023-04-18 15:26:15,736 - logger.py:50 - Epoch: [152][467/468] 	 loss: 0.03304, MAE: 0.05361, time/step=798ms, lr=2.45e-04
2023-04-18 15:26:28,381 - logger.py:50 - Epoch: [152] Target: [1] train MAE: 0.05361, val MAE: 0.22454, test MAE: 0.22114, Time: 386.01s
2023-04-18 15:26:28,382 - logger.py:50 - Best -- epoch=147, train MAE: 0.05633, val MAE: 0.21825, test MAE: 0.22176

2023-04-18 15:26:29,519 - logger.py:50 - Epoch: [153][0/468] 	 loss: 0.02531, MAE: 0.04107, time/step=1136ms, lr=2.43e-04
2023-04-18 15:27:08,306 - logger.py:50 - Epoch: [6][300/468] 	 loss: 0.22064, MAE: 0.35808, time/step=807ms, lr=5.00e-04
2023-04-18 15:27:48,268 - logger.py:50 - Epoch: [153][100/468] 	 loss: 0.03222, MAE: 0.05229, time/step=791ms, lr=2.43e-04
2023-04-18 15:28:29,427 - logger.py:50 - Epoch: [6][400/468] 	 loss: 0.22177, MAE: 0.35991, time/step=808ms, lr=5.00e-04
2023-04-18 15:29:07,179 - logger.py:50 - Epoch: [153][200/468] 	 loss: 0.03211, MAE: 0.05212, time/step=790ms, lr=2.43e-04
2023-04-18 15:29:23,587 - logger.py:50 - Epoch: [6][467/468] 	 loss: 0.22254, MAE: 0.36115, time/step=808ms, lr=5.00e-04
2023-04-18 15:29:37,581 - logger.py:50 - Epoch: [6] Target: [1] train MAE: 0.36115, val MAE: 0.38839, test MAE: 0.37345, Time: 392.18s
2023-04-18 15:29:37,582 - logger.py:50 - Best -- epoch=4, train MAE: 0.39577, val MAE: 0.38369, test MAE: 0.37189

2023-04-18 15:29:38,671 - logger.py:50 - Epoch: [7][0/468] 	 loss: 0.20451, MAE: 0.33190, time/step=1086ms, lr=4.99e-04
2023-04-18 15:30:27,557 - logger.py:50 - Epoch: [153][300/468] 	 loss: 0.03205, MAE: 0.05202, time/step=795ms, lr=2.43e-04
2023-04-18 15:30:59,405 - logger.py:50 - Epoch: [7][100/468] 	 loss: 0.20859, MAE: 0.33852, time/step=810ms, lr=4.99e-04
2023-04-18 15:31:47,462 - logger.py:50 - Epoch: [153][400/468] 	 loss: 0.03220, MAE: 0.05225, time/step=796ms, lr=2.43e-04
2023-04-18 15:32:19,322 - logger.py:50 - Epoch: [7][200/468] 	 loss: 0.20638, MAE: 0.33493, time/step=805ms, lr=4.99e-04
2023-04-18 15:32:40,358 - logger.py:50 - Epoch: [153][467/468] 	 loss: 0.03251, MAE: 0.05276, time/step=795ms, lr=2.43e-04
2023-04-18 15:32:52,956 - logger.py:50 - Epoch: [153] Target: [1] train MAE: 0.05276, val MAE: 0.22307, test MAE: 0.22283, Time: 384.57s
2023-04-18 15:32:52,956 - logger.py:50 - Best -- epoch=147, train MAE: 0.05633, val MAE: 0.21825, test MAE: 0.22176

2023-04-18 15:32:54,140 - logger.py:50 - Epoch: [154][0/468] 	 loss: 0.02920, MAE: 0.04739, time/step=1182ms, lr=2.40e-04
2023-04-18 15:33:40,865 - logger.py:50 - Epoch: [7][300/468] 	 loss: 0.20678, MAE: 0.33558, time/step=808ms, lr=4.99e-04
2023-04-18 15:34:13,561 - logger.py:50 - Epoch: [154][100/468] 	 loss: 0.03298, MAE: 0.05353, time/step=798ms, lr=2.40e-04
2023-04-18 15:35:02,110 - logger.py:50 - Epoch: [7][400/468] 	 loss: 0.20817, MAE: 0.33784, time/step=809ms, lr=4.99e-04
2023-04-18 15:35:32,220 - logger.py:50 - Epoch: [154][200/468] 	 loss: 0.03346, MAE: 0.05430, time/step=792ms, lr=2.40e-04
2023-04-18 15:35:56,042 - logger.py:50 - Epoch: [7][467/468] 	 loss: 0.20800, MAE: 0.33757, time/step=809ms, lr=4.99e-04
2023-04-18 15:36:10,102 - logger.py:50 - Epoch: [7] Target: [1] train MAE: 0.33757, val MAE: 0.37280, test MAE: 0.36734, Time: 392.52s
2023-04-18 15:36:10,102 - logger.py:50 - Best -- epoch=7, train MAE: 0.33757, val MAE: 0.37280, test MAE: 0.36734

2023-04-18 15:36:11,283 - logger.py:50 - Epoch: [8][0/468] 	 loss: 0.18150, MAE: 0.29455, time/step=1178ms, lr=4.99e-04
2023-04-18 15:36:52,285 - logger.py:50 - Epoch: [154][300/468] 	 loss: 0.03357, MAE: 0.05447, time/step=795ms, lr=2.40e-04
2023-04-18 15:37:32,711 - logger.py:50 - Epoch: [8][100/468] 	 loss: 0.19878, MAE: 0.32261, time/step=818ms, lr=4.99e-04
2023-04-18 15:38:12,546 - logger.py:50 - Epoch: [154][400/468] 	 loss: 0.03315, MAE: 0.05379, time/step=797ms, lr=2.40e-04
2023-04-18 15:38:53,855 - logger.py:50 - Epoch: [8][200/468] 	 loss: 0.19671, MAE: 0.31924, time/step=815ms, lr=4.99e-04
2023-04-18 15:39:06,566 - logger.py:50 - Epoch: [154][467/468] 	 loss: 0.03278, MAE: 0.05320, time/step=798ms, lr=2.40e-04
2023-04-18 15:39:19,230 - logger.py:50 - Epoch: [154] Target: [1] train MAE: 0.05320, val MAE: 0.21781, test MAE: 0.21899, Time: 386.27s
2023-04-18 15:39:19,230 - logger.py:50 - Best -- epoch=154, train MAE: 0.05320, val MAE: 0.21781, test MAE: 0.21899

2023-04-18 15:39:20,297 - logger.py:50 - Epoch: [155][0/468] 	 loss: 0.03727, MAE: 0.06048, time/step=1064ms, lr=2.37e-04
2023-04-18 15:40:14,935 - logger.py:50 - Epoch: [8][300/468] 	 loss: 0.19816, MAE: 0.32160, time/step=813ms, lr=4.99e-04
2023-04-18 15:40:39,629 - logger.py:50 - Epoch: [155][100/468] 	 loss: 0.03081, MAE: 0.04999, time/step=796ms, lr=2.37e-04
2023-04-18 15:41:34,384 - logger.py:50 - Epoch: [8][400/468] 	 loss: 0.19790, MAE: 0.32117, time/step=809ms, lr=4.99e-04
2023-04-18 15:41:58,541 - logger.py:50 - Epoch: [155][200/468] 	 loss: 0.03107, MAE: 0.05043, time/step=793ms, lr=2.37e-04
2023-04-18 15:42:28,731 - logger.py:50 - Epoch: [8][467/468] 	 loss: 0.19913, MAE: 0.32317, time/step=809ms, lr=4.99e-04
2023-04-18 15:42:42,714 - logger.py:50 - Epoch: [8] Target: [1] train MAE: 0.32317, val MAE: 0.34391, test MAE: 0.33896, Time: 392.61s
2023-04-18 15:42:42,715 - logger.py:50 - Best -- epoch=8, train MAE: 0.32317, val MAE: 0.34391, test MAE: 0.33896

2023-04-18 15:42:43,888 - logger.py:50 - Epoch: [9][0/468] 	 loss: 0.25125, MAE: 0.40776, time/step=1171ms, lr=4.99e-04
2023-04-18 15:43:18,682 - logger.py:50 - Epoch: [155][300/468] 	 loss: 0.03169, MAE: 0.05144, time/step=796ms, lr=2.37e-04
2023-04-18 15:44:05,118 - logger.py:50 - Epoch: [9][100/468] 	 loss: 0.19093, MAE: 0.30986, time/step=816ms, lr=4.99e-04
2023-04-18 15:44:37,976 - logger.py:50 - Epoch: [155][400/468] 	 loss: 0.03222, MAE: 0.05229, time/step=795ms, lr=2.37e-04
2023-04-18 15:45:26,879 - logger.py:50 - Epoch: [9][200/468] 	 loss: 0.19118, MAE: 0.31026, time/step=817ms, lr=4.99e-04
2023-04-18 15:45:31,312 - logger.py:50 - Epoch: [155][467/468] 	 loss: 0.03233, MAE: 0.05248, time/step=795ms, lr=2.37e-04
2023-04-18 15:45:43,946 - logger.py:50 - Epoch: [155] Target: [1] train MAE: 0.05248, val MAE: 0.21910, test MAE: 0.22215, Time: 384.72s
2023-04-18 15:45:43,946 - logger.py:50 - Best -- epoch=154, train MAE: 0.05320, val MAE: 0.21781, test MAE: 0.21899

2023-04-18 15:45:45,206 - logger.py:50 - Epoch: [156][0/468] 	 loss: 0.03626, MAE: 0.05885, time/step=1257ms, lr=2.35e-04
2023-04-18 15:46:47,331 - logger.py:50 - Epoch: [9][300/468] 	 loss: 0.19287, MAE: 0.31301, time/step=813ms, lr=4.99e-04
2023-04-18 15:47:04,875 - logger.py:50 - Epoch: [156][100/468] 	 loss: 0.03172, MAE: 0.05147, time/step=801ms, lr=2.35e-04
2023-04-18 15:48:08,966 - logger.py:50 - Epoch: [9][400/468] 	 loss: 0.19279, MAE: 0.31287, time/step=814ms, lr=4.99e-04
2023-04-18 15:48:25,237 - logger.py:50 - Epoch: [156][200/468] 	 loss: 0.03168, MAE: 0.05141, time/step=802ms, lr=2.35e-04
2023-04-18 15:49:02,308 - logger.py:50 - Epoch: [9][467/468] 	 loss: 0.19263, MAE: 0.31262, time/step=811ms, lr=4.99e-04
2023-04-18 15:49:16,299 - logger.py:50 - Epoch: [9] Target: [1] train MAE: 0.31262, val MAE: 0.33129, test MAE: 0.32876, Time: 393.58s
2023-04-18 15:49:16,299 - logger.py:50 - Best -- epoch=9, train MAE: 0.31262, val MAE: 0.33129, test MAE: 0.32876

2023-04-18 15:49:17,518 - logger.py:50 - Epoch: [10][0/468] 	 loss: 0.25388, MAE: 0.41202, time/step=1216ms, lr=4.99e-04
2023-04-18 15:49:44,558 - logger.py:50 - Epoch: [156][300/468] 	 loss: 0.03157, MAE: 0.05123, time/step=799ms, lr=2.35e-04
2023-04-18 15:50:38,855 - logger.py:50 - Epoch: [10][100/468] 	 loss: 0.18457, MAE: 0.29953, time/step=817ms, lr=4.99e-04
2023-04-18 15:51:04,594 - logger.py:50 - Epoch: [156][400/468] 	 loss: 0.03219, MAE: 0.05225, time/step=800ms, lr=2.35e-04
2023-04-18 15:51:57,882 - logger.py:50 - Epoch: [156][467/468] 	 loss: 0.03245, MAE: 0.05266, time/step=799ms, lr=2.35e-04
2023-04-18 15:51:59,582 - logger.py:50 - Epoch: [10][200/468] 	 loss: 0.18378, MAE: 0.29825, time/step=812ms, lr=4.99e-04
2023-04-18 15:52:10,599 - logger.py:50 - Epoch: [156] Target: [1] train MAE: 0.05266, val MAE: 0.21702, test MAE: 0.21921, Time: 386.65s
2023-04-18 15:52:10,599 - logger.py:50 - Best -- epoch=156, train MAE: 0.05266, val MAE: 0.21702, test MAE: 0.21921

2023-04-18 15:52:11,852 - logger.py:50 - Epoch: [157][0/468] 	 loss: 0.04223, MAE: 0.06854, time/step=1251ms, lr=2.32e-04
2023-04-18 15:53:19,738 - logger.py:50 - Epoch: [10][300/468] 	 loss: 0.18395, MAE: 0.29854, time/step=809ms, lr=4.99e-04
2023-04-18 15:53:31,974 - logger.py:50 - Epoch: [157][100/468] 	 loss: 0.03222, MAE: 0.05229, time/step=806ms, lr=2.32e-04
2023-04-18 15:54:40,908 - logger.py:50 - Epoch: [10][400/468] 	 loss: 0.18537, MAE: 0.30083, time/step=809ms, lr=4.99e-04
2023-04-18 15:54:51,081 - logger.py:50 - Epoch: [157][200/468] 	 loss: 0.03281, MAE: 0.05324, time/step=798ms, lr=2.32e-04
2023-04-18 15:55:34,440 - logger.py:50 - Epoch: [10][467/468] 	 loss: 0.18558, MAE: 0.30118, time/step=808ms, lr=4.99e-04
2023-04-18 15:55:48,470 - logger.py:50 - Epoch: [10] Target: [1] train MAE: 0.30118, val MAE: 0.31520, test MAE: 0.30908, Time: 392.17s
2023-04-18 15:55:48,470 - logger.py:50 - Best -- epoch=10, train MAE: 0.30118, val MAE: 0.31520, test MAE: 0.30908

2023-04-18 15:55:49,721 - logger.py:50 - Epoch: [11][0/468] 	 loss: 0.18011, MAE: 0.29230, time/step=1248ms, lr=4.98e-04
2023-04-18 15:56:11,001 - logger.py:50 - Epoch: [157][300/468] 	 loss: 0.03248, MAE: 0.05272, time/step=799ms, lr=2.32e-04
2023-04-18 15:57:11,101 - logger.py:50 - Epoch: [11][100/468] 	 loss: 0.17965, MAE: 0.29155, time/step=818ms, lr=4.98e-04
2023-04-18 15:57:30,849 - logger.py:50 - Epoch: [157][400/468] 	 loss: 0.03253, MAE: 0.05280, time/step=799ms, lr=2.32e-04
2023-04-18 15:58:24,009 - logger.py:50 - Epoch: [157][467/468] 	 loss: 0.03234, MAE: 0.05248, time/step=798ms, lr=2.32e-04
2023-04-18 15:58:31,437 - logger.py:50 - Epoch: [11][200/468] 	 loss: 0.17598, MAE: 0.28560, time/step=811ms, lr=4.98e-04
2023-04-18 15:58:36,719 - logger.py:50 - Epoch: [157] Target: [1] train MAE: 0.05248, val MAE: 0.21830, test MAE: 0.21640, Time: 386.12s
2023-04-18 15:58:36,719 - logger.py:50 - Best -- epoch=156, train MAE: 0.05266, val MAE: 0.21702, test MAE: 0.21921

2023-04-18 15:58:37,848 - logger.py:50 - Epoch: [158][0/468] 	 loss: 0.02622, MAE: 0.04255, time/step=1126ms, lr=2.30e-04
2023-04-18 15:59:52,471 - logger.py:50 - Epoch: [11][300/468] 	 loss: 0.17656, MAE: 0.28654, time/step=811ms, lr=4.98e-04
2023-04-18 15:59:57,480 - logger.py:50 - Epoch: [158][100/468] 	 loss: 0.03234, MAE: 0.05249, time/step=800ms, lr=2.30e-04
2023-04-18 16:01:13,225 - logger.py:50 - Epoch: [11][400/468] 	 loss: 0.17754, MAE: 0.28813, time/step=810ms, lr=4.98e-04
2023-04-18 16:01:16,983 - logger.py:50 - Epoch: [158][200/468] 	 loss: 0.03161, MAE: 0.05130, time/step=797ms, lr=2.30e-04
2023-04-18 16:02:06,882 - logger.py:50 - Epoch: [11][467/468] 	 loss: 0.17839, MAE: 0.28950, time/step=809ms, lr=4.98e-04
2023-04-18 16:02:20,822 - logger.py:50 - Epoch: [11] Target: [1] train MAE: 0.28950, val MAE: 0.32222, test MAE: 0.31951, Time: 392.35s
2023-04-18 16:02:20,822 - logger.py:50 - Best -- epoch=10, train MAE: 0.30118, val MAE: 0.31520, test MAE: 0.30908

2023-04-18 16:02:22,073 - logger.py:50 - Epoch: [12][0/468] 	 loss: 0.21866, MAE: 0.35486, time/step=1248ms, lr=4.98e-04
2023-04-18 16:02:35,611 - logger.py:50 - Epoch: [158][300/468] 	 loss: 0.03184, MAE: 0.05168, time/step=794ms, lr=2.30e-04
2023-04-18 16:03:42,510 - logger.py:50 - Epoch: [12][100/468] 	 loss: 0.16954, MAE: 0.27515, time/step=809ms, lr=4.98e-04
2023-04-18 16:03:56,326 - logger.py:50 - Epoch: [158][400/468] 	 loss: 0.03244, MAE: 0.05265, time/step=797ms, lr=2.30e-04
2023-04-18 16:04:50,015 - logger.py:50 - Epoch: [158][467/468] 	 loss: 0.03247, MAE: 0.05270, time/step=798ms, lr=2.30e-04
2023-04-18 16:05:02,671 - logger.py:50 - Epoch: [158] Target: [1] train MAE: 0.05270, val MAE: 0.22125, test MAE: 0.22304, Time: 385.95s
2023-04-18 16:05:02,671 - logger.py:50 - Best -- epoch=156, train MAE: 0.05266, val MAE: 0.21702, test MAE: 0.21921

2023-04-18 16:05:03,470 - logger.py:50 - Epoch: [12][200/468] 	 loss: 0.17291, MAE: 0.28061, time/step=809ms, lr=4.98e-04
2023-04-18 16:05:03,890 - logger.py:50 - Epoch: [159][0/468] 	 loss: 0.04074, MAE: 0.06612, time/step=1216ms, lr=2.27e-04
2023-04-18 16:06:24,064 - logger.py:50 - Epoch: [159][100/468] 	 loss: 0.03009, MAE: 0.04884, time/step=806ms, lr=2.27e-04
2023-04-18 16:06:24,528 - logger.py:50 - Epoch: [12][300/468] 	 loss: 0.17358, MAE: 0.28170, time/step=810ms, lr=4.98e-04
2023-04-18 16:07:43,860 - logger.py:50 - Epoch: [159][200/468] 	 loss: 0.03118, MAE: 0.05060, time/step=802ms, lr=2.27e-04
2023-04-18 16:07:45,306 - logger.py:50 - Epoch: [12][400/468] 	 loss: 0.17403, MAE: 0.28244, time/step=809ms, lr=4.98e-04
2023-04-18 16:08:39,212 - logger.py:50 - Epoch: [12][467/468] 	 loss: 0.17487, MAE: 0.28380, time/step=809ms, lr=4.98e-04
2023-04-18 16:08:53,180 - logger.py:50 - Epoch: [12] Target: [1] train MAE: 0.28380, val MAE: 0.32342, test MAE: 0.33347, Time: 392.36s
2023-04-18 16:08:53,180 - logger.py:50 - Best -- epoch=10, train MAE: 0.30118, val MAE: 0.31520, test MAE: 0.30908

2023-04-18 16:08:54,328 - logger.py:50 - Epoch: [13][0/468] 	 loss: 0.17347, MAE: 0.28152, time/step=1145ms, lr=4.98e-04
2023-04-18 16:09:03,387 - logger.py:50 - Epoch: [159][300/468] 	 loss: 0.03120, MAE: 0.05064, time/step=800ms, lr=2.27e-04
2023-04-18 16:10:14,693 - logger.py:50 - Epoch: [13][100/468] 	 loss: 0.17037, MAE: 0.27649, time/step=807ms, lr=4.98e-04
2023-04-18 16:10:22,608 - logger.py:50 - Epoch: [159][400/468] 	 loss: 0.03124, MAE: 0.05070, time/step=798ms, lr=2.27e-04
2023-04-18 16:11:16,520 - logger.py:50 - Epoch: [159][467/468] 	 loss: 0.03119, MAE: 0.05062, time/step=799ms, lr=2.27e-04
2023-04-18 16:11:29,473 - logger.py:50 - Epoch: [159] Target: [1] train MAE: 0.05062, val MAE: 0.21881, test MAE: 0.22067, Time: 386.80s
2023-04-18 16:11:29,473 - logger.py:50 - Best -- epoch=156, train MAE: 0.05266, val MAE: 0.21702, test MAE: 0.21921

2023-04-18 16:11:30,577 - logger.py:50 - Epoch: [160][0/468] 	 loss: 0.02488, MAE: 0.04038, time/step=1100ms, lr=2.24e-04
2023-04-18 16:11:36,344 - logger.py:50 - Epoch: [13][200/468] 	 loss: 0.17156, MAE: 0.27842, time/step=812ms, lr=4.98e-04
2023-04-18 16:12:50,746 - logger.py:50 - Epoch: [160][100/468] 	 loss: 0.03001, MAE: 0.04871, time/step=805ms, lr=2.24e-04
2023-04-18 16:12:57,108 - logger.py:50 - Epoch: [13][300/468] 	 loss: 0.17382, MAE: 0.28210, time/step=810ms, lr=4.98e-04
2023-04-18 16:14:10,609 - logger.py:50 - Epoch: [160][200/468] 	 loss: 0.03053, MAE: 0.04955, time/step=802ms, lr=2.24e-04
2023-04-18 16:14:17,771 - logger.py:50 - Epoch: [13][400/468] 	 loss: 0.17342, MAE: 0.28143, time/step=809ms, lr=4.98e-04
2023-04-18 16:15:11,988 - logger.py:50 - Epoch: [13][467/468] 	 loss: 0.17422, MAE: 0.28274, time/step=809ms, lr=4.98e-04
2023-04-18 16:15:25,988 - logger.py:50 - Epoch: [13] Target: [1] train MAE: 0.28274, val MAE: 0.30501, test MAE: 0.31037, Time: 392.81s
2023-04-18 16:15:25,989 - logger.py:50 - Best -- epoch=13, train MAE: 0.28274, val MAE: 0.30501, test MAE: 0.31037

2023-04-18 16:15:27,061 - logger.py:50 - Epoch: [14][0/468] 	 loss: 0.15116, MAE: 0.24531, time/step=1070ms, lr=4.97e-04
2023-04-18 16:15:29,920 - logger.py:50 - Epoch: [160][300/468] 	 loss: 0.03090, MAE: 0.05014, time/step=799ms, lr=2.24e-04
2023-04-18 16:16:48,526 - logger.py:50 - Epoch: [14][100/468] 	 loss: 0.16477, MAE: 0.26741, time/step=817ms, lr=4.97e-04
2023-04-18 16:16:48,911 - logger.py:50 - Epoch: [160][400/468] 	 loss: 0.03103, MAE: 0.05036, time/step=797ms, lr=2.24e-04
2023-04-18 16:17:41,902 - logger.py:50 - Epoch: [160][467/468] 	 loss: 0.03124, MAE: 0.05071, time/step=796ms, lr=2.24e-04
2023-04-18 16:17:54,518 - logger.py:50 - Epoch: [160] Target: [1] train MAE: 0.05071, val MAE: 0.21889, test MAE: 0.22082, Time: 385.04s
2023-04-18 16:17:54,518 - logger.py:50 - Best -- epoch=156, train MAE: 0.05266, val MAE: 0.21702, test MAE: 0.21921

2023-04-18 16:17:55,725 - logger.py:50 - Epoch: [161][0/468] 	 loss: 0.03228, MAE: 0.05238, time/step=1205ms, lr=2.22e-04
2023-04-18 16:18:07,917 - logger.py:50 - Epoch: [14][200/468] 	 loss: 0.16477, MAE: 0.26741, time/step=806ms, lr=4.97e-04
2023-04-18 16:19:14,449 - logger.py:50 - Epoch: [161][100/468] 	 loss: 0.03121, MAE: 0.05066, time/step=791ms, lr=2.22e-04
2023-04-18 16:19:28,949 - logger.py:50 - Epoch: [14][300/468] 	 loss: 0.16516, MAE: 0.26804, time/step=807ms, lr=4.97e-04
2023-04-18 16:20:35,191 - logger.py:50 - Epoch: [161][200/468] 	 loss: 0.03157, MAE: 0.05124, time/step=799ms, lr=2.22e-04
2023-04-18 16:20:49,932 - logger.py:50 - Epoch: [14][400/468] 	 loss: 0.16646, MAE: 0.27015, time/step=808ms, lr=4.97e-04
2023-04-18 16:21:49,858 - logger.py:50 - Epoch: [14][467/468] 	 loss: 0.16619, MAE: 0.26972, time/step=808ms, lr=4.97e-04
2023-04-18 16:22:00,767 - logger.py:50 - Epoch: [161][300/468] 	 loss: 0.03179, MAE: 0.05159, time/step=799ms, lr=2.22e-04
2023-04-18 16:22:04,234 - logger.py:50 - Epoch: [14] Target: [1] train MAE: 0.26972, val MAE: 0.29833, test MAE: 0.29311, Time: 392.57s
2023-04-18 16:22:04,234 - logger.py:50 - Best -- epoch=14, train MAE: 0.26972, val MAE: 0.29833, test MAE: 0.29311

2023-04-18 16:22:05,250 - logger.py:50 - Epoch: [15][0/468] 	 loss: 0.12397, MAE: 0.20119, time/step=1014ms, lr=4.97e-04
2023-04-18 16:23:20,446 - logger.py:50 - Epoch: [161][400/468] 	 loss: 0.03169, MAE: 0.05144, time/step=799ms, lr=2.22e-04
2023-04-18 16:23:25,918 - logger.py:50 - Epoch: [15][100/468] 	 loss: 0.15833, MAE: 0.25695, time/step=809ms, lr=4.97e-04
2023-04-18 16:24:14,253 - logger.py:50 - Epoch: [161][467/468] 	 loss: 0.03157, MAE: 0.05124, time/step=799ms, lr=2.22e-04
2023-04-18 16:24:27,055 - logger.py:50 - Epoch: [161] Target: [1] train MAE: 0.05124, val MAE: 0.21878, test MAE: 0.22453, Time: 386.86s
2023-04-18 16:24:27,055 - logger.py:50 - Best -- epoch=156, train MAE: 0.05266, val MAE: 0.21702, test MAE: 0.21921

2023-04-18 16:24:28,195 - logger.py:50 - Epoch: [162][0/468] 	 loss: 0.03119, MAE: 0.05062, time/step=1138ms, lr=2.19e-04
2023-04-18 16:24:46,812 - logger.py:50 - Epoch: [15][200/468] 	 loss: 0.16081, MAE: 0.26098, time/step=809ms, lr=4.97e-04
2023-04-18 16:25:47,554 - logger.py:50 - Epoch: [162][100/468] 	 loss: 0.02963, MAE: 0.04809, time/step=797ms, lr=2.19e-04
2023-04-18 16:26:07,759 - logger.py:50 - Epoch: [15][300/468] 	 loss: 0.16242, MAE: 0.26360, time/step=809ms, lr=4.97e-04
2023-04-18 16:27:07,333 - logger.py:50 - Epoch: [162][200/468] 	 loss: 0.03000, MAE: 0.04869, time/step=797ms, lr=2.19e-04
2023-04-18 16:27:27,951 - logger.py:50 - Epoch: [15][400/468] 	 loss: 0.16251, MAE: 0.26374, time/step=807ms, lr=4.97e-04
2023-04-18 16:28:22,762 - logger.py:50 - Epoch: [15][467/468] 	 loss: 0.16334, MAE: 0.26508, time/step=809ms, lr=4.97e-04
2023-04-18 16:28:26,262 - logger.py:50 - Epoch: [162][300/468] 	 loss: 0.03022, MAE: 0.04904, time/step=795ms, lr=2.19e-04
2023-04-18 16:28:36,770 - logger.py:50 - Epoch: [15] Target: [1] train MAE: 0.26508, val MAE: 0.29856, test MAE: 0.30074, Time: 392.54s
2023-04-18 16:28:36,770 - logger.py:50 - Best -- epoch=14, train MAE: 0.26972, val MAE: 0.29833, test MAE: 0.29311

2023-04-18 16:28:37,901 - logger.py:50 - Epoch: [16][0/468] 	 loss: 0.12326, MAE: 0.20004, time/step=1128ms, lr=4.97e-04
2023-04-18 16:29:46,486 - logger.py:50 - Epoch: [162][400/468] 	 loss: 0.03020, MAE: 0.04902, time/step=797ms, lr=2.19e-04
2023-04-18 16:29:58,601 - logger.py:50 - Epoch: [16][100/468] 	 loss: 0.15369, MAE: 0.24942, time/step=810ms, lr=4.97e-04
2023-04-18 16:30:40,127 - logger.py:50 - Epoch: [162][467/468] 	 loss: 0.03025, MAE: 0.04909, time/step=797ms, lr=2.19e-04
2023-04-18 16:30:52,931 - logger.py:50 - Epoch: [162] Target: [1] train MAE: 0.04909, val MAE: 0.21723, test MAE: 0.21905, Time: 385.88s
2023-04-18 16:30:52,931 - logger.py:50 - Best -- epoch=156, train MAE: 0.05266, val MAE: 0.21702, test MAE: 0.21921

2023-04-18 16:30:54,068 - logger.py:50 - Epoch: [163][0/468] 	 loss: 0.02612, MAE: 0.04239, time/step=1134ms, lr=2.17e-04
2023-04-18 16:31:20,016 - logger.py:50 - Epoch: [16][200/468] 	 loss: 0.15518, MAE: 0.25185, time/step=812ms, lr=4.97e-04
2023-04-18 16:32:13,645 - logger.py:50 - Epoch: [163][100/468] 	 loss: 0.03052, MAE: 0.04953, time/step=799ms, lr=2.17e-04
2023-04-18 16:32:40,815 - logger.py:50 - Epoch: [16][300/468] 	 loss: 0.15565, MAE: 0.25261, time/step=811ms, lr=4.97e-04
2023-04-18 16:33:33,586 - logger.py:50 - Epoch: [163][200/468] 	 loss: 0.03082, MAE: 0.05002, time/step=799ms, lr=2.17e-04
2023-04-18 16:34:01,248 - logger.py:50 - Epoch: [16][400/468] 	 loss: 0.15671, MAE: 0.25432, time/step=809ms, lr=4.97e-04
2023-04-18 16:34:52,878 - logger.py:50 - Epoch: [163][300/468] 	 loss: 0.03043, MAE: 0.04939, time/step=797ms, lr=2.17e-04
2023-04-18 16:34:54,945 - logger.py:50 - Epoch: [16][467/468] 	 loss: 0.15786, MAE: 0.25619, time/step=808ms, lr=4.97e-04
2023-04-18 16:35:08,952 - logger.py:50 - Epoch: [16] Target: [1] train MAE: 0.25619, val MAE: 0.29338, test MAE: 0.29423, Time: 392.18s
2023-04-18 16:35:08,953 - logger.py:50 - Best -- epoch=16, train MAE: 0.25619, val MAE: 0.29338, test MAE: 0.29423

2023-04-18 16:35:10,168 - logger.py:50 - Epoch: [17][0/468] 	 loss: 0.17320, MAE: 0.28109, time/step=1214ms, lr=4.96e-04
2023-04-18 16:36:11,963 - logger.py:50 - Epoch: [163][400/468] 	 loss: 0.03050, MAE: 0.04950, time/step=796ms, lr=2.17e-04
2023-04-18 16:36:30,360 - logger.py:50 - Epoch: [17][100/468] 	 loss: 0.15777, MAE: 0.25605, time/step=806ms, lr=4.96e-04
2023-04-18 16:37:05,340 - logger.py:50 - Epoch: [163][467/468] 	 loss: 0.03052, MAE: 0.04953, time/step=796ms, lr=2.17e-04
2023-04-18 16:37:18,058 - logger.py:50 - Epoch: [163] Target: [1] train MAE: 0.04953, val MAE: 0.21996, test MAE: 0.22109, Time: 385.13s
2023-04-18 16:37:18,058 - logger.py:50 - Best -- epoch=156, train MAE: 0.05266, val MAE: 0.21702, test MAE: 0.21921

2023-04-18 16:37:19,232 - logger.py:50 - Epoch: [164][0/468] 	 loss: 0.02858, MAE: 0.04639, time/step=1170ms, lr=2.14e-04
2023-04-18 16:37:51,371 - logger.py:50 - Epoch: [17][200/468] 	 loss: 0.16055, MAE: 0.26056, time/step=808ms, lr=4.96e-04
2023-04-18 16:38:38,532 - logger.py:50 - Epoch: [164][100/468] 	 loss: 0.03068, MAE: 0.04978, time/step=797ms, lr=2.14e-04
2023-04-18 16:39:11,024 - logger.py:50 - Epoch: [17][300/468] 	 loss: 0.16141, MAE: 0.26195, time/step=804ms, lr=4.96e-04
2023-04-18 16:39:57,599 - logger.py:50 - Epoch: [164][200/468] 	 loss: 0.03047, MAE: 0.04946, time/step=794ms, lr=2.14e-04
2023-04-18 16:40:32,307 - logger.py:50 - Epoch: [17][400/468] 	 loss: 0.16198, MAE: 0.26288, time/step=806ms, lr=4.96e-04
2023-04-18 16:41:17,062 - logger.py:50 - Epoch: [164][300/468] 	 loss: 0.03042, MAE: 0.04937, time/step=794ms, lr=2.14e-04
2023-04-18 16:41:26,486 - logger.py:50 - Epoch: [17][467/468] 	 loss: 0.16256, MAE: 0.26382, time/step=807ms, lr=4.96e-04
2023-04-18 16:41:40,494 - logger.py:50 - Epoch: [17] Target: [1] train MAE: 0.26382, val MAE: 0.30631, test MAE: 0.30961, Time: 391.54s
2023-04-18 16:41:40,495 - logger.py:50 - Best -- epoch=16, train MAE: 0.25619, val MAE: 0.29338, test MAE: 0.29423

2023-04-18 16:41:41,628 - logger.py:50 - Epoch: [18][0/468] 	 loss: 0.14597, MAE: 0.23690, time/step=1130ms, lr=4.96e-04
2023-04-18 16:42:36,479 - logger.py:50 - Epoch: [164][400/468] 	 loss: 0.03040, MAE: 0.04934, time/step=794ms, lr=2.14e-04
2023-04-18 16:43:01,233 - logger.py:50 - Epoch: [18][100/468] 	 loss: 0.15717, MAE: 0.25507, time/step=799ms, lr=4.96e-04
2023-04-18 16:43:30,529 - logger.py:50 - Epoch: [164][467/468] 	 loss: 0.03049, MAE: 0.04948, time/step=796ms, lr=2.14e-04
2023-04-18 16:43:43,343 - logger.py:50 - Epoch: [164] Target: [1] train MAE: 0.04948, val MAE: 0.21505, test MAE: 0.21794, Time: 385.28s
2023-04-18 16:43:43,344 - logger.py:50 - Best -- epoch=164, train MAE: 0.04948, val MAE: 0.21505, test MAE: 0.21794

2023-04-18 16:43:44,477 - logger.py:50 - Epoch: [165][0/468] 	 loss: 0.02731, MAE: 0.04432, time/step=1130ms, lr=2.11e-04
2023-04-18 16:44:21,809 - logger.py:50 - Epoch: [18][200/468] 	 loss: 0.15884, MAE: 0.25779, time/step=803ms, lr=4.96e-04
2023-04-18 16:45:04,567 - logger.py:50 - Epoch: [165][100/468] 	 loss: 0.02910, MAE: 0.04722, time/step=804ms, lr=2.11e-04
2023-04-18 16:45:43,071 - logger.py:50 - Epoch: [18][300/468] 	 loss: 0.15606, MAE: 0.25327, time/step=806ms, lr=4.96e-04
2023-04-18 16:46:23,260 - logger.py:50 - Epoch: [165][200/468] 	 loss: 0.02955, MAE: 0.04796, time/step=796ms, lr=2.11e-04
2023-04-18 16:47:03,905 - logger.py:50 - Epoch: [18][400/468] 	 loss: 0.15544, MAE: 0.25226, time/step=807ms, lr=4.96e-04
2023-04-18 16:47:42,835 - logger.py:50 - Epoch: [165][300/468] 	 loss: 0.02932, MAE: 0.04759, time/step=796ms, lr=2.11e-04
2023-04-18 16:47:58,221 - logger.py:50 - Epoch: [18][467/468] 	 loss: 0.15526, MAE: 0.25197, time/step=807ms, lr=4.96e-04
2023-04-18 16:48:12,208 - logger.py:50 - Epoch: [18] Target: [1] train MAE: 0.25197, val MAE: 0.30393, test MAE: 0.29785, Time: 391.71s
2023-04-18 16:48:12,208 - logger.py:50 - Best -- epoch=16, train MAE: 0.25619, val MAE: 0.29338, test MAE: 0.29423

2023-04-18 16:48:13,295 - logger.py:50 - Epoch: [19][0/468] 	 loss: 0.20763, MAE: 0.33696, time/step=1085ms, lr=4.95e-04
2023-04-18 16:49:01,529 - logger.py:50 - Epoch: [165][400/468] 	 loss: 0.02996, MAE: 0.04862, time/step=793ms, lr=2.11e-04
2023-04-18 16:49:33,243 - logger.py:50 - Epoch: [19][100/468] 	 loss: 0.15024, MAE: 0.24383, time/step=802ms, lr=4.95e-04
2023-04-18 16:49:55,054 - logger.py:50 - Epoch: [165][467/468] 	 loss: 0.03008, MAE: 0.04881, time/step=794ms, lr=2.11e-04
2023-04-18 16:50:07,884 - logger.py:50 - Epoch: [165] Target: [1] train MAE: 0.04881, val MAE: 0.21533, test MAE: 0.21493, Time: 384.54s
2023-04-18 16:50:07,885 - logger.py:50 - Best -- epoch=164, train MAE: 0.04948, val MAE: 0.21505, test MAE: 0.21794

2023-04-18 16:50:09,056 - logger.py:50 - Epoch: [166][0/468] 	 loss: 0.03198, MAE: 0.05191, time/step=1169ms, lr=2.09e-04
2023-04-18 16:50:54,733 - logger.py:50 - Epoch: [19][200/468] 	 loss: 0.15166, MAE: 0.24613, time/step=809ms, lr=4.95e-04
2023-04-18 16:51:28,161 - logger.py:50 - Epoch: [166][100/468] 	 loss: 0.02999, MAE: 0.04867, time/step=795ms, lr=2.09e-04
2023-04-18 16:52:15,444 - logger.py:50 - Epoch: [19][300/468] 	 loss: 0.15356, MAE: 0.24920, time/step=808ms, lr=4.95e-04
2023-04-18 16:52:47,759 - logger.py:50 - Epoch: [166][200/468] 	 loss: 0.03011, MAE: 0.04887, time/step=795ms, lr=2.09e-04
2023-04-18 16:53:35,905 - logger.py:50 - Epoch: [19][400/468] 	 loss: 0.15230, MAE: 0.24717, time/step=807ms, lr=4.95e-04
2023-04-18 16:54:07,853 - logger.py:50 - Epoch: [166][300/468] 	 loss: 0.02975, MAE: 0.04829, time/step=797ms, lr=2.09e-04
2023-04-18 16:54:29,563 - logger.py:50 - Epoch: [19][467/468] 	 loss: 0.15130, MAE: 0.24555, time/step=806ms, lr=4.95e-04
2023-04-18 16:54:43,569 - logger.py:50 - Epoch: [19] Target: [1] train MAE: 0.24555, val MAE: 0.28457, test MAE: 0.27853, Time: 391.36s
2023-04-18 16:54:43,569 - logger.py:50 - Best -- epoch=19, train MAE: 0.24555, val MAE: 0.28457, test MAE: 0.27853

2023-04-18 16:54:44,730 - logger.py:50 - Epoch: [20][0/468] 	 loss: 0.14747, MAE: 0.23933, time/step=1159ms, lr=4.95e-04
2023-04-18 16:55:27,310 - logger.py:50 - Epoch: [166][400/468] 	 loss: 0.02979, MAE: 0.04834, time/step=797ms, lr=2.09e-04
2023-04-18 16:56:05,151 - logger.py:50 - Epoch: [20][100/468] 	 loss: 0.14472, MAE: 0.23487, time/step=808ms, lr=4.95e-04
2023-04-18 16:56:20,475 - logger.py:50 - Epoch: [166][467/468] 	 loss: 0.02970, MAE: 0.04821, time/step=796ms, lr=2.09e-04
2023-04-18 16:56:33,089 - logger.py:50 - Epoch: [166] Target: [1] train MAE: 0.04821, val MAE: 0.21647, test MAE: 0.22049, Time: 385.20s
2023-04-18 16:56:33,089 - logger.py:50 - Best -- epoch=164, train MAE: 0.04948, val MAE: 0.21505, test MAE: 0.21794

2023-04-18 16:56:34,382 - logger.py:50 - Epoch: [167][0/468] 	 loss: 0.04194, MAE: 0.06806, time/step=1290ms, lr=2.06e-04
2023-04-18 16:57:25,692 - logger.py:50 - Epoch: [20][200/468] 	 loss: 0.14456, MAE: 0.23460, time/step=807ms, lr=4.95e-04
2023-04-18 16:57:53,873 - logger.py:50 - Epoch: [167][100/468] 	 loss: 0.03010, MAE: 0.04886, time/step=800ms, lr=2.06e-04
2023-04-18 16:58:46,440 - logger.py:50 - Epoch: [20][300/468] 	 loss: 0.14425, MAE: 0.23410, time/step=807ms, lr=4.95e-04
2023-04-18 16:59:13,825 - logger.py:50 - Epoch: [167][200/468] 	 loss: 0.02997, MAE: 0.04864, time/step=800ms, lr=2.06e-04
2023-04-18 17:00:06,848 - logger.py:50 - Epoch: [20][400/468] 	 loss: 0.14460, MAE: 0.23468, time/step=806ms, lr=4.95e-04
2023-04-18 17:00:32,693 - logger.py:50 - Epoch: [167][300/468] 	 loss: 0.02962, MAE: 0.04806, time/step=796ms, lr=2.06e-04
2023-04-18 17:01:01,470 - logger.py:50 - Epoch: [20][467/468] 	 loss: 0.14477, MAE: 0.23495, time/step=807ms, lr=4.95e-04
2023-04-18 17:01:15,495 - logger.py:50 - Epoch: [20] Target: [1] train MAE: 0.23495, val MAE: 0.28225, test MAE: 0.28332, Time: 391.93s
2023-04-18 17:01:15,495 - logger.py:50 - Best -- epoch=20, train MAE: 0.23495, val MAE: 0.28225, test MAE: 0.28332

2023-04-18 17:01:16,606 - logger.py:50 - Epoch: [21][0/468] 	 loss: 0.10526, MAE: 0.17082, time/step=1108ms, lr=4.94e-04
2023-04-18 17:01:51,476 - logger.py:50 - Epoch: [167][400/468] 	 loss: 0.02952, MAE: 0.04790, time/step=794ms, lr=2.06e-04
2023-04-18 17:02:37,123 - logger.py:50 - Epoch: [21][100/468] 	 loss: 0.13801, MAE: 0.22397, time/step=808ms, lr=4.94e-04
2023-04-18 17:02:44,708 - logger.py:50 - Epoch: [167][467/468] 	 loss: 0.02949, MAE: 0.04786, time/step=794ms, lr=2.06e-04
2023-04-18 17:02:57,796 - logger.py:50 - Epoch: [167] Target: [1] train MAE: 0.04786, val MAE: 0.21604, test MAE: 0.22023, Time: 384.71s
2023-04-18 17:02:57,796 - logger.py:50 - Best -- epoch=164, train MAE: 0.04948, val MAE: 0.21505, test MAE: 0.21794

2023-04-18 17:02:58,910 - logger.py:50 - Epoch: [168][0/468] 	 loss: 0.02062, MAE: 0.03347, time/step=1112ms, lr=2.04e-04
2023-04-18 17:03:57,838 - logger.py:50 - Epoch: [21][200/468] 	 loss: 0.13953, MAE: 0.22645, time/step=808ms, lr=4.94e-04
2023-04-18 17:04:18,565 - logger.py:50 - Epoch: [168][100/468] 	 loss: 0.02930, MAE: 0.04755, time/step=800ms, lr=2.04e-04
2023-04-18 17:05:18,866 - logger.py:50 - Epoch: [21][300/468] 	 loss: 0.14014, MAE: 0.22743, time/step=809ms, lr=4.94e-04
2023-04-18 17:05:37,433 - logger.py:50 - Epoch: [168][200/468] 	 loss: 0.02883, MAE: 0.04679, time/step=794ms, lr=2.04e-04
2023-04-18 17:06:39,521 - logger.py:50 - Epoch: [21][400/468] 	 loss: 0.14137, MAE: 0.22942, time/step=808ms, lr=4.94e-04
2023-04-18 17:06:57,571 - logger.py:50 - Epoch: [168][300/468] 	 loss: 0.02881, MAE: 0.04675, time/step=797ms, lr=2.04e-04
2023-04-18 17:07:33,764 - logger.py:50 - Epoch: [21][467/468] 	 loss: 0.14208, MAE: 0.23058, time/step=808ms, lr=4.94e-04
2023-04-18 17:07:47,713 - logger.py:50 - Epoch: [21] Target: [1] train MAE: 0.23058, val MAE: 0.28142, test MAE: 0.27785, Time: 392.22s
2023-04-18 17:07:47,713 - logger.py:50 - Best -- epoch=21, train MAE: 0.23058, val MAE: 0.28142, test MAE: 0.27785

2023-04-18 17:07:48,825 - logger.py:50 - Epoch: [22][0/468] 	 loss: 0.13002, MAE: 0.21101, time/step=1110ms, lr=4.93e-04
2023-04-18 17:08:17,171 - logger.py:50 - Epoch: [168][400/468] 	 loss: 0.02908, MAE: 0.04720, time/step=796ms, lr=2.04e-04
2023-04-18 17:09:09,378 - logger.py:50 - Epoch: [22][100/468] 	 loss: 0.13556, MAE: 0.21999, time/step=809ms, lr=4.93e-04
2023-04-18 17:09:10,269 - logger.py:50 - Epoch: [168][467/468] 	 loss: 0.02924, MAE: 0.04745, time/step=796ms, lr=2.04e-04
2023-04-18 17:09:22,957 - logger.py:50 - Epoch: [168] Target: [1] train MAE: 0.04745, val MAE: 0.21650, test MAE: 0.21890, Time: 385.16s
2023-04-18 17:09:22,957 - logger.py:50 - Best -- epoch=164, train MAE: 0.04948, val MAE: 0.21505, test MAE: 0.21794

2023-04-18 17:09:24,068 - logger.py:50 - Epoch: [169][0/468] 	 loss: 0.02258, MAE: 0.03665, time/step=1108ms, lr=2.01e-04
2023-04-18 17:10:29,848 - logger.py:50 - Epoch: [22][200/468] 	 loss: 0.13870, MAE: 0.22510, time/step=807ms, lr=4.93e-04
2023-04-18 17:10:44,242 - logger.py:50 - Epoch: [169][100/468] 	 loss: 0.02942, MAE: 0.04774, time/step=805ms, lr=2.01e-04
2023-04-18 17:11:50,806 - logger.py:50 - Epoch: [22][300/468] 	 loss: 0.14056, MAE: 0.22811, time/step=808ms, lr=4.93e-04
2023-04-18 17:12:03,685 - logger.py:50 - Epoch: [169][200/468] 	 loss: 0.02864, MAE: 0.04648, time/step=800ms, lr=2.01e-04
2023-04-18 17:13:11,128 - logger.py:50 - Epoch: [22][400/468] 	 loss: 0.13970, MAE: 0.22672, time/step=807ms, lr=4.93e-04
2023-04-18 17:13:22,759 - logger.py:50 - Epoch: [169][300/468] 	 loss: 0.02910, MAE: 0.04723, time/step=797ms, lr=2.01e-04
2023-04-18 17:14:05,638 - logger.py:50 - Epoch: [22][467/468] 	 loss: 0.14059, MAE: 0.22816, time/step=808ms, lr=4.93e-04
2023-04-18 17:14:19,744 - logger.py:50 - Epoch: [22] Target: [1] train MAE: 0.22816, val MAE: 0.29308, test MAE: 0.28495, Time: 392.03s
2023-04-18 17:14:19,745 - logger.py:50 - Best -- epoch=21, train MAE: 0.23058, val MAE: 0.28142, test MAE: 0.27785

2023-04-18 17:14:20,916 - logger.py:50 - Epoch: [23][0/468] 	 loss: 0.15902, MAE: 0.25807, time/step=1170ms, lr=4.93e-04
2023-04-18 17:14:42,577 - logger.py:50 - Epoch: [169][400/468] 	 loss: 0.02918, MAE: 0.04736, time/step=797ms, lr=2.01e-04
2023-04-18 17:15:36,196 - logger.py:50 - Epoch: [169][467/468] 	 loss: 0.02942, MAE: 0.04774, time/step=798ms, lr=2.01e-04
2023-04-18 17:15:41,632 - logger.py:50 - Epoch: [23][100/468] 	 loss: 0.13434, MAE: 0.21802, time/step=811ms, lr=4.93e-04
2023-04-18 17:15:48,856 - logger.py:50 - Epoch: [169] Target: [1] train MAE: 0.04774, val MAE: 0.21621, test MAE: 0.21952, Time: 385.90s
2023-04-18 17:15:48,856 - logger.py:50 - Best -- epoch=164, train MAE: 0.04948, val MAE: 0.21505, test MAE: 0.21794

2023-04-18 17:15:50,038 - logger.py:50 - Epoch: [170][0/468] 	 loss: 0.02759, MAE: 0.04478, time/step=1180ms, lr=1.99e-04
2023-04-18 17:17:02,484 - logger.py:50 - Epoch: [23][200/468] 	 loss: 0.13815, MAE: 0.22420, time/step=810ms, lr=4.93e-04
2023-04-18 17:17:09,884 - logger.py:50 - Epoch: [170][100/468] 	 loss: 0.02925, MAE: 0.04748, time/step=802ms, lr=1.99e-04
2023-04-18 17:18:22,558 - logger.py:50 - Epoch: [23][300/468] 	 loss: 0.13790, MAE: 0.22380, time/step=807ms, lr=4.93e-04
2023-04-18 17:18:29,189 - logger.py:50 - Epoch: [170][200/468] 	 loss: 0.02899, MAE: 0.04705, time/step=798ms, lr=1.99e-04
2023-04-18 17:19:42,120 - logger.py:50 - Epoch: [23][400/468] 	 loss: 0.13962, MAE: 0.22659, time/step=804ms, lr=4.93e-04
2023-04-18 17:19:48,537 - logger.py:50 - Epoch: [170][300/468] 	 loss: 0.02929, MAE: 0.04754, time/step=796ms, lr=1.99e-04
2023-04-18 17:20:36,397 - logger.py:50 - Epoch: [23][467/468] 	 loss: 0.13967, MAE: 0.22667, time/step=805ms, lr=4.93e-04
2023-04-18 17:20:50,342 - logger.py:50 - Epoch: [23] Target: [1] train MAE: 0.22667, val MAE: 0.27674, test MAE: 0.27909, Time: 390.60s
2023-04-18 17:20:50,342 - logger.py:50 - Best -- epoch=23, train MAE: 0.22667, val MAE: 0.27674, test MAE: 0.27909

2023-04-18 17:20:51,389 - logger.py:50 - Epoch: [24][0/468] 	 loss: 0.13215, MAE: 0.21446, time/step=1045ms, lr=4.92e-04
2023-04-18 17:21:09,275 - logger.py:50 - Epoch: [170][400/468] 	 loss: 0.02894, MAE: 0.04697, time/step=799ms, lr=1.99e-04
2023-04-18 17:22:02,238 - logger.py:50 - Epoch: [170][467/468] 	 loss: 0.02908, MAE: 0.04719, time/step=798ms, lr=1.99e-04
2023-04-18 17:22:12,001 - logger.py:50 - Epoch: [24][100/468] 	 loss: 0.12871, MAE: 0.20888, time/step=808ms, lr=4.92e-04
2023-04-18 17:22:14,900 - logger.py:50 - Epoch: [170] Target: [1] train MAE: 0.04719, val MAE: 0.21700, test MAE: 0.21959, Time: 386.04s
2023-04-18 17:22:14,901 - logger.py:50 - Best -- epoch=164, train MAE: 0.04948, val MAE: 0.21505, test MAE: 0.21794

2023-04-18 17:22:16,031 - logger.py:50 - Epoch: [171][0/468] 	 loss: 0.02979, MAE: 0.04835, time/step=1128ms, lr=1.96e-04
2023-04-18 17:23:31,789 - logger.py:50 - Epoch: [24][200/468] 	 loss: 0.12810, MAE: 0.20789, time/step=803ms, lr=4.92e-04
2023-04-18 17:23:35,843 - logger.py:50 - Epoch: [171][100/468] 	 loss: 0.02924, MAE: 0.04745, time/step=801ms, lr=1.96e-04
2023-04-18 17:24:52,492 - logger.py:50 - Epoch: [24][300/468] 	 loss: 0.12963, MAE: 0.21038, time/step=804ms, lr=4.92e-04
2023-04-18 17:24:55,202 - logger.py:50 - Epoch: [171][200/468] 	 loss: 0.02941, MAE: 0.04773, time/step=798ms, lr=1.96e-04
2023-04-18 17:26:13,262 - logger.py:50 - Epoch: [24][400/468] 	 loss: 0.13128, MAE: 0.21305, time/step=805ms, lr=4.92e-04
2023-04-18 17:26:14,805 - logger.py:50 - Epoch: [171][300/468] 	 loss: 0.02890, MAE: 0.04691, time/step=797ms, lr=1.96e-04
2023-04-18 17:27:07,640 - logger.py:50 - Epoch: [24][467/468] 	 loss: 0.13286, MAE: 0.21561, time/step=806ms, lr=4.92e-04
2023-04-18 17:27:21,598 - logger.py:50 - Epoch: [24] Target: [1] train MAE: 0.21561, val MAE: 0.27184, test MAE: 0.27491, Time: 391.26s
2023-04-18 17:27:21,598 - logger.py:50 - Best -- epoch=24, train MAE: 0.21561, val MAE: 0.27184, test MAE: 0.27491

2023-04-18 17:27:22,779 - logger.py:50 - Epoch: [25][0/468] 	 loss: 0.12814, MAE: 0.20795, time/step=1179ms, lr=4.91e-04
2023-04-18 17:27:33,906 - logger.py:50 - Epoch: [171][400/468] 	 loss: 0.02923, MAE: 0.04743, time/step=796ms, lr=1.96e-04
2023-04-18 17:28:26,839 - logger.py:50 - Epoch: [171][467/468] 	 loss: 0.02920, MAE: 0.04739, time/step=795ms, lr=1.96e-04
2023-04-18 17:28:39,501 - logger.py:50 - Epoch: [171] Target: [1] train MAE: 0.04739, val MAE: 0.21770, test MAE: 0.22032, Time: 384.60s
2023-04-18 17:28:39,501 - logger.py:50 - Best -- epoch=164, train MAE: 0.04948, val MAE: 0.21505, test MAE: 0.21794

2023-04-18 17:28:40,609 - logger.py:50 - Epoch: [172][0/468] 	 loss: 0.02541, MAE: 0.04124, time/step=1105ms, lr=1.94e-04
2023-04-18 17:28:42,393 - logger.py:50 - Epoch: [25][100/468] 	 loss: 0.12601, MAE: 0.20451, time/step=800ms, lr=4.91e-04
2023-04-18 17:30:00,276 - logger.py:50 - Epoch: [172][100/468] 	 loss: 0.02844, MAE: 0.04616, time/step=800ms, lr=1.94e-04
2023-04-18 17:30:03,058 - logger.py:50 - Epoch: [25][200/468] 	 loss: 0.12889, MAE: 0.20918, time/step=803ms, lr=4.91e-04
2023-04-18 17:31:19,380 - logger.py:50 - Epoch: [172][200/468] 	 loss: 0.02863, MAE: 0.04646, time/step=795ms, lr=1.94e-04
2023-04-18 17:31:24,405 - logger.py:50 - Epoch: [25][300/468] 	 loss: 0.12945, MAE: 0.21009, time/step=807ms, lr=4.91e-04
2023-04-18 17:32:38,310 - logger.py:50 - Epoch: [172][300/468] 	 loss: 0.02872, MAE: 0.04661, time/step=793ms, lr=1.94e-04
2023-04-18 17:32:45,025 - logger.py:50 - Epoch: [25][400/468] 	 loss: 0.13176, MAE: 0.21383, time/step=807ms, lr=4.91e-04
2023-04-18 17:33:38,751 - logger.py:50 - Epoch: [25][467/468] 	 loss: 0.13243, MAE: 0.21492, time/step=806ms, lr=4.91e-04
2023-04-18 17:33:52,721 - logger.py:50 - Epoch: [25] Target: [1] train MAE: 0.21492, val MAE: 0.28890, test MAE: 0.29094, Time: 391.12s
2023-04-18 17:33:52,721 - logger.py:50 - Best -- epoch=24, train MAE: 0.21561, val MAE: 0.27184, test MAE: 0.27491

2023-04-18 17:33:53,824 - logger.py:50 - Epoch: [26][0/468] 	 loss: 0.11640, MAE: 0.18890, time/step=1100ms, lr=4.91e-04
2023-04-18 17:33:58,839 - logger.py:50 - Epoch: [172][400/468] 	 loss: 0.02883, MAE: 0.04679, time/step=796ms, lr=1.94e-04
2023-04-18 17:34:51,957 - logger.py:50 - Epoch: [172][467/468] 	 loss: 0.02883, MAE: 0.04679, time/step=796ms, lr=1.94e-04
2023-04-18 17:35:04,537 - logger.py:50 - Epoch: [172] Target: [1] train MAE: 0.04679, val MAE: 0.21873, test MAE: 0.22086, Time: 385.04s
2023-04-18 17:35:04,537 - logger.py:50 - Best -- epoch=164, train MAE: 0.04948, val MAE: 0.21505, test MAE: 0.21794

2023-04-18 17:35:05,588 - logger.py:50 - Epoch: [173][0/468] 	 loss: 0.03068, MAE: 0.04979, time/step=1049ms, lr=1.91e-04
2023-04-18 17:35:14,518 - logger.py:50 - Epoch: [26][100/468] 	 loss: 0.12479, MAE: 0.20253, time/step=810ms, lr=4.91e-04
2023-04-18 17:36:25,388 - logger.py:50 - Epoch: [173][100/468] 	 loss: 0.02825, MAE: 0.04585, time/step=800ms, lr=1.91e-04
2023-04-18 17:36:35,778 - logger.py:50 - Epoch: [26][200/468] 	 loss: 0.12574, MAE: 0.20406, time/step=811ms, lr=4.91e-04
2023-04-18 17:37:44,985 - logger.py:50 - Epoch: [173][200/468] 	 loss: 0.02759, MAE: 0.04478, time/step=798ms, lr=1.91e-04
2023-04-18 17:37:56,223 - logger.py:50 - Epoch: [26][300/468] 	 loss: 0.12724, MAE: 0.20650, time/step=809ms, lr=4.91e-04
2023-04-18 17:39:03,578 - logger.py:50 - Epoch: [173][300/468] 	 loss: 0.02842, MAE: 0.04613, time/step=794ms, lr=1.91e-04
2023-04-18 17:39:16,593 - logger.py:50 - Epoch: [26][400/468] 	 loss: 0.12770, MAE: 0.20724, time/step=808ms, lr=4.91e-04
2023-04-18 17:40:10,542 - logger.py:50 - Epoch: [26][467/468] 	 loss: 0.12845, MAE: 0.20846, time/step=807ms, lr=4.91e-04
2023-04-18 17:40:23,373 - logger.py:50 - Epoch: [173][400/468] 	 loss: 0.02820, MAE: 0.04576, time/step=795ms, lr=1.91e-04
2023-04-18 17:40:24,514 - logger.py:50 - Epoch: [26] Target: [1] train MAE: 0.20846, val MAE: 0.28919, test MAE: 0.28677, Time: 391.79s
2023-04-18 17:40:24,514 - logger.py:50 - Best -- epoch=24, train MAE: 0.21561, val MAE: 0.27184, test MAE: 0.27491

2023-04-18 17:40:25,661 - logger.py:50 - Epoch: [27][0/468] 	 loss: 0.14527, MAE: 0.23577, time/step=1144ms, lr=4.90e-04
2023-04-18 17:41:17,222 - logger.py:50 - Epoch: [173][467/468] 	 loss: 0.02813, MAE: 0.04564, time/step=796ms, lr=1.91e-04
2023-04-18 17:41:29,890 - logger.py:50 - Epoch: [173] Target: [1] train MAE: 0.04564, val MAE: 0.21695, test MAE: 0.21769, Time: 385.35s
2023-04-18 17:41:29,890 - logger.py:50 - Best -- epoch=164, train MAE: 0.04948, val MAE: 0.21505, test MAE: 0.21794

2023-04-18 17:41:30,946 - logger.py:50 - Epoch: [174][0/468] 	 loss: 0.03690, MAE: 0.05988, time/step=1054ms, lr=1.88e-04
2023-04-18 17:41:46,755 - logger.py:50 - Epoch: [27][100/468] 	 loss: 0.12678, MAE: 0.20576, time/step=814ms, lr=4.90e-04
2023-04-18 17:42:50,375 - logger.py:50 - Epoch: [174][100/468] 	 loss: 0.02739, MAE: 0.04445, time/step=797ms, lr=1.88e-04
2023-04-18 17:43:06,854 - logger.py:50 - Epoch: [27][200/468] 	 loss: 0.12809, MAE: 0.20788, time/step=808ms, lr=4.90e-04
2023-04-18 17:44:09,500 - logger.py:50 - Epoch: [174][200/468] 	 loss: 0.02802, MAE: 0.04547, time/step=794ms, lr=1.88e-04
2023-04-18 17:44:27,363 - logger.py:50 - Epoch: [27][300/468] 	 loss: 0.12685, MAE: 0.20586, time/step=807ms, lr=4.90e-04
2023-04-18 17:45:29,463 - logger.py:50 - Epoch: [174][300/468] 	 loss: 0.02792, MAE: 0.04531, time/step=796ms, lr=1.88e-04
2023-04-18 17:45:48,048 - logger.py:50 - Epoch: [27][400/468] 	 loss: 0.12821, MAE: 0.20807, time/step=807ms, lr=4.90e-04
2023-04-18 17:46:42,258 - logger.py:50 - Epoch: [27][467/468] 	 loss: 0.12813, MAE: 0.20793, time/step=807ms, lr=4.90e-04
2023-04-18 17:46:51,116 - logger.py:50 - Epoch: [174][400/468] 	 loss: 0.02792, MAE: 0.04531, time/step=801ms, lr=1.88e-04
2023-04-18 17:46:56,273 - logger.py:50 - Epoch: [27] Target: [1] train MAE: 0.20793, val MAE: 0.26627, test MAE: 0.27016, Time: 391.76s
2023-04-18 17:46:56,273 - logger.py:50 - Best -- epoch=27, train MAE: 0.20793, val MAE: 0.26627, test MAE: 0.27016

2023-04-18 17:46:57,592 - logger.py:50 - Epoch: [28][0/468] 	 loss: 0.14702, MAE: 0.23860, time/step=1316ms, lr=4.89e-04
2023-04-18 17:47:44,531 - logger.py:50 - Epoch: [174][467/468] 	 loss: 0.02797, MAE: 0.04540, time/step=801ms, lr=1.88e-04
2023-04-18 17:47:57,178 - logger.py:50 - Epoch: [174] Target: [1] train MAE: 0.04540, val MAE: 0.21697, test MAE: 0.22064, Time: 387.29s
2023-04-18 17:47:57,178 - logger.py:50 - Best -- epoch=164, train MAE: 0.04948, val MAE: 0.21505, test MAE: 0.21794

2023-04-18 17:47:58,337 - logger.py:50 - Epoch: [175][0/468] 	 loss: 0.02052, MAE: 0.03330, time/step=1157ms, lr=1.86e-04
2023-04-18 17:48:19,311 - logger.py:50 - Epoch: [28][100/468] 	 loss: 0.11671, MAE: 0.18941, time/step=822ms, lr=4.89e-04
2023-04-18 17:49:17,455 - logger.py:50 - Epoch: [175][100/468] 	 loss: 0.02734, MAE: 0.04437, time/step=795ms, lr=1.86e-04
2023-04-18 17:49:38,875 - logger.py:50 - Epoch: [28][200/468] 	 loss: 0.11899, MAE: 0.19311, time/step=809ms, lr=4.89e-04
2023-04-18 17:50:37,198 - logger.py:50 - Epoch: [175][200/468] 	 loss: 0.02792, MAE: 0.04531, time/step=796ms, lr=1.86e-04
2023-04-18 17:50:59,576 - logger.py:50 - Epoch: [28][300/468] 	 loss: 0.12058, MAE: 0.19569, time/step=808ms, lr=4.89e-04
2023-04-18 17:51:57,575 - logger.py:50 - Epoch: [175][300/468] 	 loss: 0.02776, MAE: 0.04505, time/step=799ms, lr=1.86e-04
2023-04-18 17:52:19,972 - logger.py:50 - Epoch: [28][400/468] 	 loss: 0.12214, MAE: 0.19822, time/step=807ms, lr=4.89e-04
2023-04-18 17:53:14,351 - logger.py:50 - Epoch: [28][467/468] 	 loss: 0.12289, MAE: 0.19944, time/step=808ms, lr=4.89e-04
2023-04-18 17:53:17,047 - logger.py:50 - Epoch: [175][400/468] 	 loss: 0.02779, MAE: 0.04510, time/step=798ms, lr=1.86e-04
2023-04-18 17:53:28,396 - logger.py:50 - Epoch: [28] Target: [1] train MAE: 0.19944, val MAE: 0.27466, test MAE: 0.27984, Time: 392.12s
2023-04-18 17:53:28,396 - logger.py:50 - Best -- epoch=27, train MAE: 0.20793, val MAE: 0.26627, test MAE: 0.27016

2023-04-18 17:53:29,583 - logger.py:50 - Epoch: [29][0/468] 	 loss: 0.11431, MAE: 0.18552, time/step=1184ms, lr=4.89e-04
2023-04-18 17:54:10,246 - logger.py:50 - Epoch: [175][467/468] 	 loss: 0.02802, MAE: 0.04548, time/step=797ms, lr=1.86e-04
2023-04-18 17:54:22,922 - logger.py:50 - Epoch: [175] Target: [1] train MAE: 0.04548, val MAE: 0.21740, test MAE: 0.21709, Time: 385.74s
2023-04-18 17:54:22,923 - logger.py:50 - Best -- epoch=164, train MAE: 0.04948, val MAE: 0.21505, test MAE: 0.21794

2023-04-18 17:54:24,044 - logger.py:50 - Epoch: [176][0/468] 	 loss: 0.04058, MAE: 0.06586, time/step=1118ms, lr=1.83e-04
2023-04-18 17:54:49,891 - logger.py:50 - Epoch: [29][100/468] 	 loss: 0.11973, MAE: 0.19430, time/step=807ms, lr=4.89e-04
2023-04-18 17:55:43,936 - logger.py:50 - Epoch: [176][100/468] 	 loss: 0.02818, MAE: 0.04573, time/step=802ms, lr=1.83e-04
2023-04-18 17:56:10,422 - logger.py:50 - Epoch: [29][200/468] 	 loss: 0.12567, MAE: 0.20394, time/step=806ms, lr=4.89e-04
2023-04-18 17:57:03,981 - logger.py:50 - Epoch: [176][200/468] 	 loss: 0.02737, MAE: 0.04442, time/step=801ms, lr=1.83e-04
2023-04-18 17:57:31,482 - logger.py:50 - Epoch: [29][300/468] 	 loss: 0.12760, MAE: 0.20708, time/step=808ms, lr=4.89e-04
2023-04-18 17:58:23,505 - logger.py:50 - Epoch: [176][300/468] 	 loss: 0.02718, MAE: 0.04411, time/step=799ms, lr=1.83e-04
2023-04-18 17:58:51,944 - logger.py:50 - Epoch: [29][400/468] 	 loss: 0.12664, MAE: 0.20553, time/step=807ms, lr=4.89e-04
2023-04-18 17:59:44,331 - logger.py:50 - Epoch: [176][400/468] 	 loss: 0.02757, MAE: 0.04475, time/step=802ms, lr=1.83e-04
2023-04-18 17:59:47,548 - logger.py:50 - Epoch: [29][467/468] 	 loss: 0.12615, MAE: 0.20473, time/step=810ms, lr=4.89e-04
2023-04-18 18:00:01,681 - logger.py:50 - Epoch: [29] Target: [1] train MAE: 0.20473, val MAE: 0.27219, test MAE: 0.27830, Time: 393.28s
2023-04-18 18:00:01,681 - logger.py:50 - Best -- epoch=27, train MAE: 0.20793, val MAE: 0.26627, test MAE: 0.27016

2023-04-18 18:00:03,698 - logger.py:50 - Epoch: [30][0/468] 	 loss: 0.12844, MAE: 0.20845, time/step=2015ms, lr=4.88e-04
2023-04-18 18:00:37,895 - logger.py:50 - Epoch: [176][467/468] 	 loss: 0.02762, MAE: 0.04482, time/step=801ms, lr=1.83e-04
2023-04-18 18:00:50,572 - logger.py:50 - Epoch: [176] Target: [1] train MAE: 0.04482, val MAE: 0.21569, test MAE: 0.21615, Time: 387.65s
2023-04-18 18:00:50,573 - logger.py:50 - Best -- epoch=164, train MAE: 0.04948, val MAE: 0.21505, test MAE: 0.21794

2023-04-18 18:00:51,661 - logger.py:50 - Epoch: [177][0/468] 	 loss: 0.02775, MAE: 0.04503, time/step=1086ms, lr=1.81e-04
2023-04-18 18:01:23,648 - logger.py:50 - Epoch: [30][100/468] 	 loss: 0.11551, MAE: 0.18746, time/step=812ms, lr=4.88e-04
2023-04-18 18:02:12,287 - logger.py:50 - Epoch: [177][100/468] 	 loss: 0.02717, MAE: 0.04409, time/step=809ms, lr=1.81e-04
2023-04-18 18:02:45,468 - logger.py:50 - Epoch: [30][200/468] 	 loss: 0.11405, MAE: 0.18509, time/step=815ms, lr=4.88e-04
2023-04-18 18:03:31,322 - logger.py:50 - Epoch: [177][200/468] 	 loss: 0.02699, MAE: 0.04380, time/step=800ms, lr=1.81e-04
2023-04-18 18:04:05,382 - logger.py:50 - Epoch: [30][300/468] 	 loss: 0.11705, MAE: 0.18996, time/step=810ms, lr=4.88e-04
2023-04-18 18:04:51,279 - logger.py:50 - Epoch: [177][300/468] 	 loss: 0.02672, MAE: 0.04337, time/step=800ms, lr=1.81e-04
2023-04-18 18:05:26,330 - logger.py:50 - Epoch: [30][400/468] 	 loss: 0.11879, MAE: 0.19279, time/step=810ms, lr=4.88e-04
2023-04-18 18:06:10,748 - logger.py:50 - Epoch: [177][400/468] 	 loss: 0.02699, MAE: 0.04381, time/step=798ms, lr=1.81e-04
2023-04-18 18:06:20,140 - logger.py:50 - Epoch: [30][467/468] 	 loss: 0.11962, MAE: 0.19413, time/step=809ms, lr=4.88e-04
2023-04-18 18:06:34,118 - logger.py:50 - Epoch: [30] Target: [1] train MAE: 0.19413, val MAE: 0.27564, test MAE: 0.26815, Time: 392.44s
2023-04-18 18:06:34,118 - logger.py:50 - Best -- epoch=27, train MAE: 0.20793, val MAE: 0.26627, test MAE: 0.27016

2023-04-18 18:06:35,235 - logger.py:50 - Epoch: [31][0/468] 	 loss: 0.11537, MAE: 0.18723, time/step=1115ms, lr=4.87e-04
2023-04-18 18:07:04,619 - logger.py:50 - Epoch: [177][467/468] 	 loss: 0.02713, MAE: 0.04403, time/step=799ms, lr=1.81e-04
2023-04-18 18:07:17,248 - logger.py:50 - Epoch: [177] Target: [1] train MAE: 0.04403, val MAE: 0.21542, test MAE: 0.21755, Time: 386.68s
2023-04-18 18:07:17,250 - logger.py:50 - Best -- epoch=164, train MAE: 0.04948, val MAE: 0.21505, test MAE: 0.21794

2023-04-18 18:07:18,387 - logger.py:50 - Epoch: [178][0/468] 	 loss: 0.01960, MAE: 0.03181, time/step=1134ms, lr=1.78e-04
2023-04-18 18:07:54,594 - logger.py:50 - Epoch: [31][100/468] 	 loss: 0.11611, MAE: 0.18843, time/step=797ms, lr=4.87e-04
2023-04-18 18:08:38,782 - logger.py:50 - Epoch: [178][100/468] 	 loss: 0.02984, MAE: 0.04843, time/step=807ms, lr=1.78e-04
2023-04-18 18:09:15,236 - logger.py:50 - Epoch: [31][200/468] 	 loss: 0.11665, MAE: 0.18931, time/step=802ms, lr=4.87e-04
2023-04-18 18:09:59,056 - logger.py:50 - Epoch: [178][200/468] 	 loss: 0.02887, MAE: 0.04685, time/step=805ms, lr=1.78e-04
2023-04-18 18:10:36,402 - logger.py:50 - Epoch: [31][300/468] 	 loss: 0.11663, MAE: 0.18929, time/step=805ms, lr=4.87e-04
2023-04-18 18:11:18,480 - logger.py:50 - Epoch: [178][300/468] 	 loss: 0.02775, MAE: 0.04504, time/step=801ms, lr=1.78e-04
2023-04-18 18:11:57,805 - logger.py:50 - Epoch: [31][400/468] 	 loss: 0.11855, MAE: 0.19239, time/step=807ms, lr=4.87e-04
2023-04-18 18:12:38,568 - logger.py:50 - Epoch: [178][400/468] 	 loss: 0.02762, MAE: 0.04482, time/step=801ms, lr=1.78e-04
2023-04-18 18:12:52,306 - logger.py:50 - Epoch: [31][467/468] 	 loss: 0.11924, MAE: 0.19352, time/step=808ms, lr=4.87e-04
2023-04-18 18:13:06,282 - logger.py:50 - Epoch: [31] Target: [1] train MAE: 0.19352, val MAE: 0.26405, test MAE: 0.26660, Time: 392.16s
2023-04-18 18:13:06,282 - logger.py:50 - Best -- epoch=31, train MAE: 0.19352, val MAE: 0.26405, test MAE: 0.26660

2023-04-18 18:13:07,477 - logger.py:50 - Epoch: [32][0/468] 	 loss: 0.09840, MAE: 0.15970, time/step=1193ms, lr=4.86e-04
2023-04-18 18:13:31,812 - logger.py:50 - Epoch: [178][467/468] 	 loss: 0.02732, MAE: 0.04433, time/step=800ms, lr=1.78e-04
2023-04-18 18:13:44,514 - logger.py:50 - Epoch: [178] Target: [1] train MAE: 0.04433, val MAE: 0.21671, test MAE: 0.21705, Time: 387.26s
2023-04-18 18:13:44,515 - logger.py:50 - Best -- epoch=164, train MAE: 0.04948, val MAE: 0.21505, test MAE: 0.21794

2023-04-18 18:13:45,619 - logger.py:50 - Epoch: [179][0/468] 	 loss: 0.02107, MAE: 0.03419, time/step=1103ms, lr=1.76e-04
2023-04-18 18:14:28,845 - logger.py:50 - Epoch: [32][100/468] 	 loss: 0.11209, MAE: 0.18191, time/step=817ms, lr=4.86e-04
2023-04-18 18:15:05,963 - logger.py:50 - Epoch: [179][100/468] 	 loss: 0.02686, MAE: 0.04359, time/step=806ms, lr=1.76e-04
2023-04-18 18:15:49,935 - logger.py:50 - Epoch: [32][200/468] 	 loss: 0.11969, MAE: 0.19424, time/step=814ms, lr=4.86e-04
2023-04-18 18:16:25,697 - logger.py:50 - Epoch: [179][200/468] 	 loss: 0.02675, MAE: 0.04341, time/step=802ms, lr=1.76e-04
2023-04-18 18:17:10,416 - logger.py:50 - Epoch: [32][300/468] 	 loss: 0.12104, MAE: 0.19644, time/step=811ms, lr=4.86e-04
2023-04-18 18:17:45,085 - logger.py:50 - Epoch: [179][300/468] 	 loss: 0.02694, MAE: 0.04372, time/step=799ms, lr=1.76e-04
2023-04-18 18:18:30,362 - logger.py:50 - Epoch: [32][400/468] 	 loss: 0.12052, MAE: 0.19559, time/step=808ms, lr=4.86e-04
2023-04-18 18:19:04,293 - logger.py:50 - Epoch: [179][400/468] 	 loss: 0.02706, MAE: 0.04392, time/step=797ms, lr=1.76e-04
2023-04-18 18:19:24,598 - logger.py:50 - Epoch: [32][467/468] 	 loss: 0.12006, MAE: 0.19485, time/step=808ms, lr=4.86e-04
2023-04-18 18:19:38,657 - logger.py:50 - Epoch: [32] Target: [1] train MAE: 0.19485, val MAE: 0.26024, test MAE: 0.26276, Time: 392.37s
2023-04-18 18:19:38,657 - logger.py:50 - Best -- epoch=32, train MAE: 0.19485, val MAE: 0.26024, test MAE: 0.26276

2023-04-18 18:19:39,838 - logger.py:50 - Epoch: [33][0/468] 	 loss: 0.11437, MAE: 0.18561, time/step=1178ms, lr=4.85e-04
2023-04-18 18:19:57,509 - logger.py:50 - Epoch: [179][467/468] 	 loss: 0.02701, MAE: 0.04383, time/step=797ms, lr=1.76e-04
2023-04-18 18:20:10,306 - logger.py:50 - Epoch: [179] Target: [1] train MAE: 0.04383, val MAE: 0.21693, test MAE: 0.21815, Time: 385.79s
2023-04-18 18:20:10,306 - logger.py:50 - Best -- epoch=164, train MAE: 0.04948, val MAE: 0.21505, test MAE: 0.21794

2023-04-18 18:20:11,455 - logger.py:50 - Epoch: [180][0/468] 	 loss: 0.02853, MAE: 0.04630, time/step=1147ms, lr=1.73e-04
2023-04-18 18:21:00,445 - logger.py:50 - Epoch: [33][100/468] 	 loss: 0.11158, MAE: 0.18109, time/step=810ms, lr=4.85e-04
2023-04-18 18:21:30,804 - logger.py:50 - Epoch: [180][100/468] 	 loss: 0.02816, MAE: 0.04569, time/step=797ms, lr=1.73e-04
2023-04-18 18:22:20,990 - logger.py:50 - Epoch: [33][200/468] 	 loss: 0.11079, MAE: 0.17980, time/step=808ms, lr=4.85e-04
2023-04-18 18:22:49,871 - logger.py:50 - Epoch: [180][200/468] 	 loss: 0.02787, MAE: 0.04522, time/step=794ms, lr=1.73e-04
2023-04-18 18:23:41,760 - logger.py:50 - Epoch: [33][300/468] 	 loss: 0.11275, MAE: 0.18299, time/step=808ms, lr=4.85e-04
2023-04-18 18:24:09,607 - logger.py:50 - Epoch: [180][300/468] 	 loss: 0.02786, MAE: 0.04521, time/step=795ms, lr=1.73e-04
2023-04-18 18:25:02,419 - logger.py:50 - Epoch: [33][400/468] 	 loss: 0.11387, MAE: 0.18480, time/step=807ms, lr=4.85e-04
2023-04-18 18:25:29,514 - logger.py:50 - Epoch: [180][400/468] 	 loss: 0.02759, MAE: 0.04477, time/step=796ms, lr=1.73e-04
2023-04-18 18:25:56,202 - logger.py:50 - Epoch: [33][467/468] 	 loss: 0.11415, MAE: 0.18525, time/step=807ms, lr=4.85e-04
2023-04-18 18:26:10,189 - logger.py:50 - Epoch: [33] Target: [1] train MAE: 0.18525, val MAE: 0.26713, test MAE: 0.26229, Time: 391.53s
2023-04-18 18:26:10,189 - logger.py:50 - Best -- epoch=32, train MAE: 0.19485, val MAE: 0.26024, test MAE: 0.26276

2023-04-18 18:26:11,298 - logger.py:50 - Epoch: [34][0/468] 	 loss: 0.13966, MAE: 0.22666, time/step=1106ms, lr=4.84e-04
2023-04-18 18:26:23,323 - logger.py:50 - Epoch: [180][467/468] 	 loss: 0.02781, MAE: 0.04514, time/step=797ms, lr=1.73e-04
2023-04-18 18:26:35,969 - logger.py:50 - Epoch: [180] Target: [1] train MAE: 0.04514, val MAE: 0.21564, test MAE: 0.21821, Time: 385.66s
2023-04-18 18:26:35,969 - logger.py:50 - Best -- epoch=164, train MAE: 0.04948, val MAE: 0.21505, test MAE: 0.21794

2023-04-18 18:26:37,188 - logger.py:50 - Epoch: [181][0/468] 	 loss: 0.03091, MAE: 0.05016, time/step=1217ms, lr=1.71e-04
2023-04-18 18:27:31,551 - logger.py:50 - Epoch: [34][100/468] 	 loss: 0.10763, MAE: 0.17468, time/step=806ms, lr=4.84e-04
2023-04-18 18:27:56,989 - logger.py:50 - Epoch: [181][100/468] 	 loss: 0.02676, MAE: 0.04342, time/step=802ms, lr=1.71e-04
2023-04-18 18:28:51,797 - logger.py:50 - Epoch: [34][200/468] 	 loss: 0.11139, MAE: 0.18077, time/step=804ms, lr=4.84e-04
2023-04-18 18:29:17,124 - logger.py:50 - Epoch: [181][200/468] 	 loss: 0.02648, MAE: 0.04298, time/step=802ms, lr=1.71e-04
2023-04-18 18:30:12,778 - logger.py:50 - Epoch: [34][300/468] 	 loss: 0.11263, MAE: 0.18279, time/step=806ms, lr=4.84e-04
2023-04-18 18:30:36,325 - logger.py:50 - Epoch: [181][300/468] 	 loss: 0.02652, MAE: 0.04304, time/step=799ms, lr=1.71e-04
2023-04-18 18:31:34,402 - logger.py:50 - Epoch: [34][400/468] 	 loss: 0.11251, MAE: 0.18260, time/step=809ms, lr=4.84e-04
2023-04-18 18:31:56,747 - logger.py:50 - Epoch: [181][400/468] 	 loss: 0.02675, MAE: 0.04341, time/step=800ms, lr=1.71e-04
2023-04-18 18:32:28,656 - logger.py:50 - Epoch: [34][467/468] 	 loss: 0.11324, MAE: 0.18378, time/step=809ms, lr=4.84e-04
2023-04-18 18:32:42,607 - logger.py:50 - Epoch: [34] Target: [1] train MAE: 0.18378, val MAE: 0.26572, test MAE: 0.26790, Time: 392.42s
2023-04-18 18:32:42,608 - logger.py:50 - Best -- epoch=32, train MAE: 0.19485, val MAE: 0.26024, test MAE: 0.26276

2023-04-18 18:32:43,731 - logger.py:50 - Epoch: [35][0/468] 	 loss: 0.10021, MAE: 0.16262, time/step=1121ms, lr=4.83e-04
2023-04-18 18:32:49,704 - logger.py:50 - Epoch: [181][467/468] 	 loss: 0.02696, MAE: 0.04375, time/step=799ms, lr=1.71e-04
2023-04-18 18:33:02,458 - logger.py:50 - Epoch: [181] Target: [1] train MAE: 0.04375, val MAE: 0.21574, test MAE: 0.21539, Time: 386.49s
2023-04-18 18:33:02,459 - logger.py:50 - Best -- epoch=164, train MAE: 0.04948, val MAE: 0.21505, test MAE: 0.21794

2023-04-18 18:33:03,643 - logger.py:50 - Epoch: [182][0/468] 	 loss: 0.01906, MAE: 0.03094, time/step=1181ms, lr=1.68e-04
2023-04-18 18:34:03,757 - logger.py:50 - Epoch: [35][100/468] 	 loss: 0.10491, MAE: 0.17025, time/step=803ms, lr=4.83e-04
2023-04-18 18:34:22,997 - logger.py:50 - Epoch: [182][100/468] 	 loss: 0.02528, MAE: 0.04102, time/step=797ms, lr=1.68e-04
2023-04-18 18:35:24,500 - logger.py:50 - Epoch: [35][200/468] 	 loss: 0.10715, MAE: 0.17389, time/step=805ms, lr=4.83e-04
2023-04-18 18:35:43,332 - logger.py:50 - Epoch: [182][200/468] 	 loss: 0.02629, MAE: 0.04267, time/step=800ms, lr=1.68e-04
2023-04-18 18:36:45,172 - logger.py:50 - Epoch: [35][300/468] 	 loss: 0.10850, MAE: 0.17608, time/step=806ms, lr=4.83e-04
2023-04-18 18:37:02,333 - logger.py:50 - Epoch: [182][300/468] 	 loss: 0.02627, MAE: 0.04263, time/step=797ms, lr=1.68e-04
2023-04-18 18:38:06,451 - logger.py:50 - Epoch: [35][400/468] 	 loss: 0.10954, MAE: 0.17777, time/step=808ms, lr=4.83e-04
2023-04-18 18:38:21,785 - logger.py:50 - Epoch: [182][400/468] 	 loss: 0.02651, MAE: 0.04302, time/step=796ms, lr=1.68e-04
2023-04-18 18:39:00,306 - logger.py:50 - Epoch: [35][467/468] 	 loss: 0.10990, MAE: 0.17836, time/step=807ms, lr=4.83e-04
2023-04-18 18:39:14,285 - logger.py:50 - Epoch: [35] Target: [1] train MAE: 0.17836, val MAE: 0.25792, test MAE: 0.26105, Time: 391.68s
2023-04-18 18:39:14,285 - logger.py:50 - Best -- epoch=35, train MAE: 0.17836, val MAE: 0.25792, test MAE: 0.26105

2023-04-18 18:39:15,059 - logger.py:50 - Epoch: [182][467/468] 	 loss: 0.02658, MAE: 0.04314, time/step=796ms, lr=1.68e-04
2023-04-18 18:39:15,382 - logger.py:50 - Epoch: [36][0/468] 	 loss: 0.12487, MAE: 0.20266, time/step=1095ms, lr=4.82e-04
2023-04-18 18:39:27,811 - logger.py:50 - Epoch: [182] Target: [1] train MAE: 0.04314, val MAE: 0.21642, test MAE: 0.21612, Time: 385.35s
2023-04-18 18:39:27,811 - logger.py:50 - Best -- epoch=164, train MAE: 0.04948, val MAE: 0.21505, test MAE: 0.21794

2023-04-18 18:39:29,017 - logger.py:50 - Epoch: [183][0/468] 	 loss: 0.01988, MAE: 0.03226, time/step=1204ms, lr=1.66e-04
2023-04-18 18:40:35,833 - logger.py:50 - Epoch: [36][100/468] 	 loss: 0.10172, MAE: 0.16508, time/step=807ms, lr=4.82e-04
2023-04-18 18:40:48,463 - logger.py:50 - Epoch: [183][100/468] 	 loss: 0.02614, MAE: 0.04243, time/step=799ms, lr=1.66e-04
2023-04-18 18:41:56,419 - logger.py:50 - Epoch: [36][200/468] 	 loss: 0.10504, MAE: 0.17046, time/step=807ms, lr=4.82e-04
2023-04-18 18:42:07,986 - logger.py:50 - Epoch: [183][200/468] 	 loss: 0.02577, MAE: 0.04182, time/step=797ms, lr=1.66e-04
2023-04-18 18:43:17,087 - logger.py:50 - Epoch: [36][300/468] 	 loss: 0.10615, MAE: 0.17228, time/step=807ms, lr=4.82e-04
2023-04-18 18:43:27,551 - logger.py:50 - Epoch: [183][300/468] 	 loss: 0.02604, MAE: 0.04226, time/step=796ms, lr=1.66e-04
2023-04-18 18:44:37,638 - logger.py:50 - Epoch: [36][400/468] 	 loss: 0.10618, MAE: 0.17232, time/step=806ms, lr=4.82e-04
2023-04-18 18:44:48,151 - logger.py:50 - Epoch: [183][400/468] 	 loss: 0.02635, MAE: 0.04277, time/step=799ms, lr=1.66e-04
2023-04-18 18:45:31,887 - logger.py:50 - Epoch: [36][467/468] 	 loss: 0.10725, MAE: 0.17405, time/step=807ms, lr=4.82e-04
2023-04-18 18:45:41,000 - logger.py:50 - Epoch: [183][467/468] 	 loss: 0.02636, MAE: 0.04278, time/step=797ms, lr=1.66e-04
2023-04-18 18:45:45,874 - logger.py:50 - Epoch: [36] Target: [1] train MAE: 0.17405, val MAE: 0.26513, test MAE: 0.26348, Time: 391.59s
2023-04-18 18:45:45,874 - logger.py:50 - Best -- epoch=35, train MAE: 0.17836, val MAE: 0.25792, test MAE: 0.26105

2023-04-18 18:45:46,986 - logger.py:50 - Epoch: [37][0/468] 	 loss: 0.07117, MAE: 0.11551, time/step=1109ms, lr=4.82e-04
2023-04-18 18:45:53,758 - logger.py:50 - Epoch: [183] Target: [1] train MAE: 0.04278, val MAE: 0.21435, test MAE: 0.21782, Time: 385.95s
2023-04-18 18:45:53,758 - logger.py:50 - Best -- epoch=183, train MAE: 0.04278, val MAE: 0.21435, test MAE: 0.21782

2023-04-18 18:45:54,912 - logger.py:50 - Epoch: [184][0/468] 	 loss: 0.02123, MAE: 0.03445, time/step=1151ms, lr=1.64e-04
2023-04-18 18:47:07,636 - logger.py:50 - Epoch: [37][100/468] 	 loss: 0.10531, MAE: 0.17090, time/step=809ms, lr=4.82e-04
2023-04-18 18:47:15,843 - logger.py:50 - Epoch: [184][100/468] 	 loss: 0.02586, MAE: 0.04197, time/step=813ms, lr=1.64e-04
2023-04-18 18:48:29,512 - logger.py:50 - Epoch: [37][200/468] 	 loss: 0.10350, MAE: 0.16797, time/step=814ms, lr=4.82e-04
2023-04-18 18:48:34,912 - logger.py:50 - Epoch: [184][200/468] 	 loss: 0.02636, MAE: 0.04278, time/step=802ms, lr=1.64e-04
2023-04-18 18:49:49,398 - logger.py:50 - Epoch: [37][300/468] 	 loss: 0.10362, MAE: 0.16817, time/step=809ms, lr=4.82e-04
2023-04-18 18:49:54,249 - logger.py:50 - Epoch: [184][300/468] 	 loss: 0.02629, MAE: 0.04266, time/step=799ms, lr=1.64e-04
2023-04-18 18:51:09,357 - logger.py:50 - Epoch: [37][400/468] 	 loss: 0.10572, MAE: 0.17157, time/step=807ms, lr=4.82e-04
2023-04-18 18:51:13,474 - logger.py:50 - Epoch: [184][400/468] 	 loss: 0.02594, MAE: 0.04209, time/step=797ms, lr=1.64e-04
2023-04-18 18:52:03,797 - logger.py:50 - Epoch: [37][467/468] 	 loss: 0.10691, MAE: 0.17351, time/step=808ms, lr=4.82e-04
2023-04-18 18:52:06,890 - logger.py:50 - Epoch: [184][467/468] 	 loss: 0.02597, MAE: 0.04215, time/step=797ms, lr=1.64e-04
2023-04-18 18:52:17,802 - logger.py:50 - Epoch: [37] Target: [1] train MAE: 0.17351, val MAE: 0.26248, test MAE: 0.26913, Time: 391.93s
2023-04-18 18:52:17,802 - logger.py:50 - Best -- epoch=35, train MAE: 0.17836, val MAE: 0.25792, test MAE: 0.26105

2023-04-18 18:52:18,928 - logger.py:50 - Epoch: [38][0/468] 	 loss: 0.07285, MAE: 0.11822, time/step=1123ms, lr=4.81e-04
2023-04-18 18:52:19,623 - logger.py:50 - Epoch: [184] Target: [1] train MAE: 0.04215, val MAE: 0.21578, test MAE: 0.21855, Time: 385.86s
2023-04-18 18:52:19,623 - logger.py:50 - Best -- epoch=183, train MAE: 0.04278, val MAE: 0.21435, test MAE: 0.21782

2023-04-18 18:52:20,744 - logger.py:50 - Epoch: [185][0/468] 	 loss: 0.02266, MAE: 0.03677, time/step=1119ms, lr=1.61e-04
2023-04-18 18:53:39,725 - logger.py:50 - Epoch: [38][100/468] 	 loss: 0.10312, MAE: 0.16736, time/step=811ms, lr=4.81e-04
2023-04-18 18:53:40,638 - logger.py:50 - Epoch: [185][100/468] 	 loss: 0.02599, MAE: 0.04217, time/step=802ms, lr=1.61e-04
2023-04-18 18:54:59,825 - logger.py:50 - Epoch: [185][200/468] 	 loss: 0.02531, MAE: 0.04107, time/step=797ms, lr=1.61e-04
2023-04-18 18:55:00,527 - logger.py:50 - Epoch: [38][200/468] 	 loss: 0.10429, MAE: 0.16925, time/step=810ms, lr=4.81e-04
2023-04-18 18:56:19,370 - logger.py:50 - Epoch: [185][300/468] 	 loss: 0.02577, MAE: 0.04182, time/step=796ms, lr=1.61e-04
2023-04-18 18:56:21,330 - logger.py:50 - Epoch: [38][300/468] 	 loss: 0.10531, MAE: 0.17090, time/step=809ms, lr=4.81e-04
2023-04-18 18:57:39,325 - logger.py:50 - Epoch: [185][400/468] 	 loss: 0.02578, MAE: 0.04184, time/step=797ms, lr=1.61e-04
2023-04-18 18:57:41,251 - logger.py:50 - Epoch: [38][400/468] 	 loss: 0.10568, MAE: 0.17151, time/step=807ms, lr=4.81e-04
2023-04-18 18:58:32,753 - logger.py:50 - Epoch: [185][467/468] 	 loss: 0.02579, MAE: 0.04185, time/step=797ms, lr=1.61e-04
2023-04-18 18:58:35,047 - logger.py:50 - Epoch: [38][467/468] 	 loss: 0.10536, MAE: 0.17098, time/step=806ms, lr=4.81e-04
2023-04-18 18:58:45,574 - logger.py:50 - Epoch: [185] Target: [1] train MAE: 0.04185, val MAE: 0.21446, test MAE: 0.21700, Time: 385.95s
2023-04-18 18:58:45,574 - logger.py:50 - Best -- epoch=183, train MAE: 0.04278, val MAE: 0.21435, test MAE: 0.21782

2023-04-18 18:58:46,725 - logger.py:50 - Epoch: [186][0/468] 	 loss: 0.02776, MAE: 0.04506, time/step=1148ms, lr=1.59e-04
2023-04-18 18:58:49,059 - logger.py:50 - Epoch: [38] Target: [1] train MAE: 0.17098, val MAE: 0.25685, test MAE: 0.26185, Time: 391.26s
2023-04-18 18:58:49,059 - logger.py:50 - Best -- epoch=38, train MAE: 0.17098, val MAE: 0.25685, test MAE: 0.26185

2023-04-18 18:58:50,219 - logger.py:50 - Epoch: [39][0/468] 	 loss: 0.12188, MAE: 0.19780, time/step=1157ms, lr=4.79e-04
2023-04-18 19:00:06,082 - logger.py:50 - Epoch: [186][100/468] 	 loss: 0.02565, MAE: 0.04162, time/step=797ms, lr=1.59e-04
2023-04-18 19:00:11,826 - logger.py:50 - Epoch: [39][100/468] 	 loss: 0.10209, MAE: 0.16569, time/step=819ms, lr=4.79e-04
2023-04-18 19:01:26,323 - logger.py:50 - Epoch: [186][200/468] 	 loss: 0.02550, MAE: 0.04139, time/step=800ms, lr=1.59e-04
2023-04-18 19:01:32,274 - logger.py:50 - Epoch: [39][200/468] 	 loss: 0.10111, MAE: 0.16410, time/step=812ms, lr=4.79e-04
2023-04-18 19:02:45,183 - logger.py:50 - Epoch: [186][300/468] 	 loss: 0.02521, MAE: 0.04091, time/step=796ms, lr=1.59e-04
2023-04-18 19:02:52,120 - logger.py:50 - Epoch: [39][300/468] 	 loss: 0.10330, MAE: 0.16765, time/step=808ms, lr=4.79e-04
2023-04-18 19:04:04,302 - logger.py:50 - Epoch: [186][400/468] 	 loss: 0.02541, MAE: 0.04124, time/step=795ms, lr=1.59e-04
2023-04-18 19:04:13,448 - logger.py:50 - Epoch: [39][400/468] 	 loss: 0.10440, MAE: 0.16943, time/step=809ms, lr=4.79e-04
2023-04-18 19:04:58,929 - logger.py:50 - Epoch: [186][467/468] 	 loss: 0.02549, MAE: 0.04137, time/step=798ms, lr=1.59e-04
2023-04-18 19:05:08,094 - logger.py:50 - Epoch: [39][467/468] 	 loss: 0.10440, MAE: 0.16942, time/step=810ms, lr=4.79e-04
2023-04-18 19:05:11,558 - logger.py:50 - Epoch: [186] Target: [1] train MAE: 0.04137, val MAE: 0.21405, test MAE: 0.21635, Time: 385.98s
2023-04-18 19:05:11,558 - logger.py:50 - Best -- epoch=186, train MAE: 0.04137, val MAE: 0.21405, test MAE: 0.21635

2023-04-18 19:05:13,329 - logger.py:50 - Epoch: [187][0/468] 	 loss: 0.02111, MAE: 0.03426, time/step=1753ms, lr=1.56e-04
2023-04-18 19:05:22,645 - logger.py:50 - Epoch: [39] Target: [1] train MAE: 0.16942, val MAE: 0.27089, test MAE: 0.27855, Time: 393.59s
2023-04-18 19:05:22,645 - logger.py:50 - Best -- epoch=38, train MAE: 0.17098, val MAE: 0.25685, test MAE: 0.26185

2023-04-18 19:05:23,971 - logger.py:50 - Epoch: [40][0/468] 	 loss: 0.10034, MAE: 0.16285, time/step=1323ms, lr=4.78e-04
2023-04-18 19:06:32,087 - logger.py:50 - Epoch: [187][100/468] 	 loss: 0.02510, MAE: 0.04074, time/step=797ms, lr=1.56e-04
2023-04-18 19:06:44,722 - logger.py:50 - Epoch: [40][100/468] 	 loss: 0.10345, MAE: 0.16789, time/step=813ms, lr=4.78e-04
2023-04-18 19:07:51,815 - logger.py:50 - Epoch: [187][200/468] 	 loss: 0.02500, MAE: 0.04057, time/step=797ms, lr=1.56e-04
2023-04-18 19:08:05,453 - logger.py:50 - Epoch: [40][200/468] 	 loss: 0.10091, MAE: 0.16377, time/step=810ms, lr=4.78e-04
2023-04-18 19:09:11,641 - logger.py:50 - Epoch: [187][300/468] 	 loss: 0.02508, MAE: 0.04071, time/step=798ms, lr=1.56e-04
2023-04-18 19:09:25,555 - logger.py:50 - Epoch: [40][300/468] 	 loss: 0.10135, MAE: 0.16448, time/step=807ms, lr=4.78e-04
2023-04-18 19:10:30,937 - logger.py:50 - Epoch: [187][400/468] 	 loss: 0.02539, MAE: 0.04121, time/step=796ms, lr=1.56e-04
2023-04-18 19:10:45,667 - logger.py:50 - Epoch: [40][400/468] 	 loss: 0.10095, MAE: 0.16383, time/step=806ms, lr=4.78e-04
2023-04-18 19:11:24,556 - logger.py:50 - Epoch: [187][467/468] 	 loss: 0.02560, MAE: 0.04155, time/step=797ms, lr=1.56e-04
2023-04-18 19:11:37,874 - logger.py:50 - Epoch: [187] Target: [1] train MAE: 0.04155, val MAE: 0.21677, test MAE: 0.21792, Time: 386.32s
2023-04-18 19:11:37,874 - logger.py:50 - Best -- epoch=186, train MAE: 0.04137, val MAE: 0.21405, test MAE: 0.21635

2023-04-18 19:11:39,044 - logger.py:50 - Epoch: [188][0/468] 	 loss: 0.02415, MAE: 0.03919, time/step=1167ms, lr=1.54e-04
2023-04-18 19:11:40,045 - logger.py:50 - Epoch: [40][467/468] 	 loss: 0.10126, MAE: 0.16434, time/step=806ms, lr=4.78e-04
2023-04-18 19:11:54,068 - logger.py:50 - Epoch: [40] Target: [1] train MAE: 0.16434, val MAE: 0.25539, test MAE: 0.25701, Time: 391.42s
2023-04-18 19:11:54,068 - logger.py:50 - Best -- epoch=40, train MAE: 0.16434, val MAE: 0.25539, test MAE: 0.25701

2023-04-18 19:11:55,162 - logger.py:50 - Epoch: [41][0/468] 	 loss: 0.10155, MAE: 0.16480, time/step=1091ms, lr=4.77e-04
2023-04-18 19:12:58,342 - logger.py:50 - Epoch: [188][100/468] 	 loss: 0.02586, MAE: 0.04197, time/step=797ms, lr=1.54e-04
2023-04-18 19:13:15,569 - logger.py:50 - Epoch: [41][100/468] 	 loss: 0.09962, MAE: 0.16167, time/step=807ms, lr=4.77e-04
2023-04-18 19:14:18,684 - logger.py:50 - Epoch: [188][200/468] 	 loss: 0.02569, MAE: 0.04169, time/step=800ms, lr=1.54e-04
2023-04-18 19:14:36,934 - logger.py:50 - Epoch: [41][200/468] 	 loss: 0.09929, MAE: 0.16113, time/step=810ms, lr=4.77e-04
2023-04-18 19:15:37,729 - logger.py:50 - Epoch: [188][300/468] 	 loss: 0.02545, MAE: 0.04130, time/step=797ms, lr=1.54e-04
2023-04-18 19:15:58,187 - logger.py:50 - Epoch: [41][300/468] 	 loss: 0.09923, MAE: 0.16104, time/step=811ms, lr=4.77e-04
2023-04-18 19:16:57,364 - logger.py:50 - Epoch: [188][400/468] 	 loss: 0.02549, MAE: 0.04137, time/step=797ms, lr=1.54e-04
2023-04-18 19:17:18,498 - logger.py:50 - Epoch: [41][400/468] 	 loss: 0.09918, MAE: 0.16096, time/step=809ms, lr=4.77e-04
2023-04-18 19:17:50,686 - logger.py:50 - Epoch: [188][467/468] 	 loss: 0.02549, MAE: 0.04138, time/step=797ms, lr=1.54e-04
2023-04-18 19:18:03,358 - logger.py:50 - Epoch: [188] Target: [1] train MAE: 0.04138, val MAE: 0.21593, test MAE: 0.21688, Time: 385.48s
2023-04-18 19:18:03,358 - logger.py:50 - Best -- epoch=186, train MAE: 0.04137, val MAE: 0.21405, test MAE: 0.21635

2023-04-18 19:18:04,509 - logger.py:50 - Epoch: [189][0/468] 	 loss: 0.02510, MAE: 0.04073, time/step=1149ms, lr=1.51e-04
2023-04-18 19:18:12,605 - logger.py:50 - Epoch: [41][467/468] 	 loss: 0.09894, MAE: 0.16057, time/step=809ms, lr=4.77e-04
2023-04-18 19:18:26,568 - logger.py:50 - Epoch: [41] Target: [1] train MAE: 0.16057, val MAE: 0.25442, test MAE: 0.25425, Time: 392.50s
2023-04-18 19:18:26,568 - logger.py:50 - Best -- epoch=41, train MAE: 0.16057, val MAE: 0.25442, test MAE: 0.25425

2023-04-18 19:18:27,724 - logger.py:50 - Epoch: [42][0/468] 	 loss: 0.09993, MAE: 0.16218, time/step=1153ms, lr=4.76e-04
2023-04-18 19:19:24,116 - logger.py:50 - Epoch: [189][100/468] 	 loss: 0.02426, MAE: 0.03937, time/step=800ms, lr=1.51e-04
2023-04-18 19:19:49,066 - logger.py:50 - Epoch: [42][100/468] 	 loss: 0.09889, MAE: 0.16049, time/step=817ms, lr=4.76e-04
2023-04-18 19:20:43,179 - logger.py:50 - Epoch: [189][200/468] 	 loss: 0.02518, MAE: 0.04087, time/step=795ms, lr=1.51e-04
2023-04-18 19:21:09,473 - logger.py:50 - Epoch: [42][200/468] 	 loss: 0.10048, MAE: 0.16307, time/step=810ms, lr=4.76e-04
2023-04-18 19:22:03,111 - logger.py:50 - Epoch: [189][300/468] 	 loss: 0.02591, MAE: 0.04205, time/step=797ms, lr=1.51e-04
2023-04-18 19:22:30,184 - logger.py:50 - Epoch: [42][300/468] 	 loss: 0.10152, MAE: 0.16475, time/step=809ms, lr=4.76e-04
2023-04-18 19:23:16,977 - logger.py:50 - Epoch: [189][400/468] 	 loss: 0.02594, MAE: 0.04211, time/step=796ms, lr=1.51e-04
2023-04-18 19:23:44,329 - logger.py:50 - Epoch: [42][400/468] 	 loss: 0.10158, MAE: 0.16485, time/step=807ms, lr=4.76e-04
2023-04-18 19:24:09,975 - logger.py:50 - Epoch: [189][467/468] 	 loss: 0.02589, MAE: 0.04201, time/step=795ms, lr=1.51e-04
2023-04-18 19:24:22,725 - logger.py:50 - Epoch: [189] Target: [1] train MAE: 0.04201, val MAE: 0.21348, test MAE: 0.21777, Time: 385.04s
2023-04-18 19:24:22,725 - logger.py:50 - Best -- epoch=189, train MAE: 0.04201, val MAE: 0.21348, test MAE: 0.21777

2023-04-18 19:24:23,853 - logger.py:50 - Epoch: [190][0/468] 	 loss: 0.01726, MAE: 0.02802, time/step=1125ms, lr=1.49e-04
2023-04-18 19:24:38,551 - logger.py:50 - Epoch: [42][467/468] 	 loss: 0.10128, MAE: 0.16436, time/step=807ms, lr=4.76e-04
2023-04-18 19:24:52,586 - logger.py:50 - Epoch: [42] Target: [1] train MAE: 0.16436, val MAE: 0.25686, test MAE: 0.26180, Time: 391.69s
2023-04-18 19:24:52,586 - logger.py:50 - Best -- epoch=41, train MAE: 0.16057, val MAE: 0.25442, test MAE: 0.25425

2023-04-18 19:24:53,749 - logger.py:50 - Epoch: [43][0/468] 	 loss: 0.07610, MAE: 0.12350, time/step=1160ms, lr=4.75e-04
2023-04-18 19:25:43,821 - logger.py:50 - Epoch: [190][100/468] 	 loss: 0.02575, MAE: 0.04179, time/step=803ms, lr=1.49e-04
2023-04-18 19:26:14,838 - logger.py:50 - Epoch: [43][100/468] 	 loss: 0.09132, MAE: 0.14820, time/step=814ms, lr=4.75e-04
2023-04-18 19:27:03,605 - logger.py:50 - Epoch: [190][200/468] 	 loss: 0.02497, MAE: 0.04052, time/step=800ms, lr=1.49e-04
2023-04-18 19:27:34,704 - logger.py:50 - Epoch: [43][200/468] 	 loss: 0.09341, MAE: 0.15160, time/step=807ms, lr=4.75e-04
2023-04-18 19:28:23,410 - logger.py:50 - Epoch: [190][300/468] 	 loss: 0.02510, MAE: 0.04074, time/step=800ms, lr=1.49e-04
2023-04-18 19:28:54,882 - logger.py:50 - Epoch: [43][300/468] 	 loss: 0.09552, MAE: 0.15502, time/step=805ms, lr=4.75e-04
2023-04-18 19:29:42,696 - logger.py:50 - Epoch: [190][400/468] 	 loss: 0.02502, MAE: 0.04061, time/step=798ms, lr=1.49e-04
2023-04-18 19:30:16,427 - logger.py:50 - Epoch: [43][400/468] 	 loss: 0.09791, MAE: 0.15891, time/step=808ms, lr=4.75e-04
2023-04-18 19:30:36,107 - logger.py:50 - Epoch: [190][467/468] 	 loss: 0.02513, MAE: 0.04078, time/step=798ms, lr=1.49e-04
2023-04-18 19:30:48,772 - logger.py:50 - Epoch: [190] Target: [1] train MAE: 0.04078, val MAE: 0.21285, test MAE: 0.21869, Time: 386.05s
2023-04-18 19:30:48,772 - logger.py:50 - Best -- epoch=190, train MAE: 0.04078, val MAE: 0.21285, test MAE: 0.21869

2023-04-18 19:30:49,966 - logger.py:50 - Epoch: [191][0/468] 	 loss: 0.02525, MAE: 0.04098, time/step=1191ms, lr=1.47e-04
2023-04-18 19:31:10,290 - logger.py:50 - Epoch: [43][467/468] 	 loss: 0.09805, MAE: 0.15913, time/step=807ms, lr=4.75e-04
2023-04-18 19:31:24,323 - logger.py:50 - Epoch: [43] Target: [1] train MAE: 0.15913, val MAE: 0.25505, test MAE: 0.26194, Time: 391.74s
2023-04-18 19:31:24,323 - logger.py:50 - Best -- epoch=41, train MAE: 0.16057, val MAE: 0.25442, test MAE: 0.25425

2023-04-18 19:31:25,466 - logger.py:50 - Epoch: [44][0/468] 	 loss: 0.08638, MAE: 0.14019, time/step=1140ms, lr=4.74e-04
2023-04-18 19:32:09,636 - logger.py:50 - Epoch: [191][100/468] 	 loss: 0.02516, MAE: 0.04083, time/step=801ms, lr=1.47e-04
2023-04-18 19:32:45,828 - logger.py:50 - Epoch: [44][100/468] 	 loss: 0.09634, MAE: 0.15635, time/step=807ms, lr=4.74e-04
2023-04-18 19:33:28,941 - logger.py:50 - Epoch: [191][200/468] 	 loss: 0.02469, MAE: 0.04007, time/step=797ms, lr=1.47e-04
2023-04-18 19:34:06,975 - logger.py:50 - Epoch: [44][200/468] 	 loss: 0.09477, MAE: 0.15381, time/step=809ms, lr=4.74e-04
2023-04-18 19:34:49,456 - logger.py:50 - Epoch: [191][300/468] 	 loss: 0.02519, MAE: 0.04088, time/step=800ms, lr=1.47e-04
2023-04-18 19:35:28,319 - logger.py:50 - Epoch: [44][300/468] 	 loss: 0.09469, MAE: 0.15367, time/step=811ms, lr=4.74e-04
2023-04-18 19:36:09,062 - logger.py:50 - Epoch: [191][400/468] 	 loss: 0.02503, MAE: 0.04063, time/step=799ms, lr=1.47e-04
2023-04-18 19:36:48,590 - logger.py:50 - Epoch: [44][400/468] 	 loss: 0.09496, MAE: 0.15411, time/step=809ms, lr=4.74e-04
2023-04-18 19:37:01,765 - logger.py:50 - Epoch: [191][467/468] 	 loss: 0.02473, MAE: 0.04013, time/step=797ms, lr=1.47e-04
2023-04-18 19:37:14,573 - logger.py:50 - Epoch: [191] Target: [1] train MAE: 0.04013, val MAE: 0.21398, test MAE: 0.21760, Time: 385.80s
2023-04-18 19:37:14,573 - logger.py:50 - Best -- epoch=190, train MAE: 0.04078, val MAE: 0.21285, test MAE: 0.21869

2023-04-18 19:37:15,786 - logger.py:50 - Epoch: [192][0/468] 	 loss: 0.02178, MAE: 0.03535, time/step=1209ms, lr=1.44e-04
2023-04-18 19:37:42,099 - logger.py:50 - Epoch: [44][467/468] 	 loss: 0.09605, MAE: 0.15588, time/step=807ms, lr=4.74e-04
2023-04-18 19:37:56,029 - logger.py:50 - Epoch: [44] Target: [1] train MAE: 0.15588, val MAE: 0.25441, test MAE: 0.26309, Time: 391.71s
2023-04-18 19:37:56,029 - logger.py:50 - Best -- epoch=44, train MAE: 0.15588, val MAE: 0.25441, test MAE: 0.26309

2023-04-18 19:37:57,087 - logger.py:50 - Epoch: [45][0/468] 	 loss: 0.09097, MAE: 0.14763, time/step=1056ms, lr=4.73e-04
2023-04-18 19:38:35,640 - logger.py:50 - Epoch: [192][100/468] 	 loss: 0.02353, MAE: 0.03819, time/step=803ms, lr=1.44e-04
2023-04-18 19:39:16,824 - logger.py:50 - Epoch: [45][100/468] 	 loss: 0.08853, MAE: 0.14367, time/step=800ms, lr=4.73e-04
2023-04-18 19:39:55,964 - logger.py:50 - Epoch: [192][200/468] 	 loss: 0.02460, MAE: 0.03992, time/step=803ms, lr=1.44e-04
2023-04-18 19:40:37,509 - logger.py:50 - Epoch: [45][200/468] 	 loss: 0.09007, MAE: 0.14618, time/step=803ms, lr=4.73e-04
2023-04-18 19:41:15,036 - logger.py:50 - Epoch: [192][300/468] 	 loss: 0.02489, MAE: 0.04040, time/step=799ms, lr=1.44e-04
2023-04-18 19:41:58,179 - logger.py:50 - Epoch: [45][300/468] 	 loss: 0.09018, MAE: 0.14635, time/step=804ms, lr=4.73e-04
2023-04-18 19:42:34,474 - logger.py:50 - Epoch: [192][400/468] 	 loss: 0.02476, MAE: 0.04018, time/step=798ms, lr=1.44e-04
2023-04-18 19:43:19,548 - logger.py:50 - Epoch: [45][400/468] 	 loss: 0.09045, MAE: 0.14679, time/step=807ms, lr=4.73e-04
2023-04-18 19:43:27,824 - logger.py:50 - Epoch: [192][467/468] 	 loss: 0.02464, MAE: 0.03999, time/step=798ms, lr=1.44e-04
2023-04-18 19:43:40,491 - logger.py:50 - Epoch: [192] Target: [1] train MAE: 0.03999, val MAE: 0.21438, test MAE: 0.21549, Time: 385.92s
2023-04-18 19:43:40,491 - logger.py:50 - Best -- epoch=190, train MAE: 0.04078, val MAE: 0.21285, test MAE: 0.21869

2023-04-18 19:43:41,736 - logger.py:50 - Epoch: [193][0/468] 	 loss: 0.01981, MAE: 0.03215, time/step=1242ms, lr=1.42e-04
2023-04-18 19:44:13,730 - logger.py:50 - Epoch: [45][467/468] 	 loss: 0.09105, MAE: 0.14777, time/step=807ms, lr=4.73e-04
2023-04-18 19:44:27,699 - logger.py:50 - Epoch: [45] Target: [1] train MAE: 0.14777, val MAE: 0.24683, test MAE: 0.25108, Time: 391.67s
2023-04-18 19:44:27,699 - logger.py:50 - Best -- epoch=45, train MAE: 0.14777, val MAE: 0.24683, test MAE: 0.25108

2023-04-18 19:44:28,960 - logger.py:50 - Epoch: [46][0/468] 	 loss: 0.08513, MAE: 0.13815, time/step=1259ms, lr=4.72e-04
2023-04-18 19:45:01,316 - logger.py:50 - Epoch: [193][100/468] 	 loss: 0.02390, MAE: 0.03879, time/step=800ms, lr=1.42e-04
2023-04-18 19:45:49,881 - logger.py:50 - Epoch: [46][100/468] 	 loss: 0.09114, MAE: 0.14791, time/step=814ms, lr=4.72e-04
2023-04-18 19:46:20,991 - logger.py:50 - Epoch: [193][200/468] 	 loss: 0.02431, MAE: 0.03946, time/step=798ms, lr=1.42e-04
2023-04-18 19:47:09,820 - logger.py:50 - Epoch: [46][200/468] 	 loss: 0.09157, MAE: 0.14860, time/step=807ms, lr=4.72e-04
2023-04-18 19:47:40,185 - logger.py:50 - Epoch: [193][300/468] 	 loss: 0.02453, MAE: 0.03981, time/step=796ms, lr=1.42e-04
2023-04-18 19:48:30,796 - logger.py:50 - Epoch: [46][300/468] 	 loss: 0.09301, MAE: 0.15095, time/step=808ms, lr=4.72e-04
2023-04-18 19:48:59,516 - logger.py:50 - Epoch: [193][400/468] 	 loss: 0.02482, MAE: 0.04028, time/step=796ms, lr=1.42e-04
2023-04-18 19:49:50,588 - logger.py:50 - Epoch: [46][400/468] 	 loss: 0.09263, MAE: 0.15032, time/step=805ms, lr=4.72e-04
2023-04-18 19:49:52,920 - logger.py:50 - Epoch: [193][467/468] 	 loss: 0.02468, MAE: 0.04005, time/step=796ms, lr=1.42e-04
2023-04-18 19:50:05,568 - logger.py:50 - Epoch: [193] Target: [1] train MAE: 0.04005, val MAE: 0.21373, test MAE: 0.21607, Time: 385.08s
2023-04-18 19:50:05,568 - logger.py:50 - Best -- epoch=190, train MAE: 0.04078, val MAE: 0.21285, test MAE: 0.21869

2023-04-18 19:50:06,760 - logger.py:50 - Epoch: [194][0/468] 	 loss: 0.01904, MAE: 0.03090, time/step=1189ms, lr=1.40e-04
2023-04-18 19:50:44,871 - logger.py:50 - Epoch: [46][467/468] 	 loss: 0.09258, MAE: 0.15025, time/step=806ms, lr=4.72e-04
2023-04-18 19:50:58,818 - logger.py:50 - Epoch: [46] Target: [1] train MAE: 0.15025, val MAE: 0.24735, test MAE: 0.25503, Time: 391.12s
2023-04-18 19:50:58,818 - logger.py:50 - Best -- epoch=45, train MAE: 0.14777, val MAE: 0.24683, test MAE: 0.25108

2023-04-18 19:51:00,001 - logger.py:50 - Epoch: [47][0/468] 	 loss: 0.08438, MAE: 0.13695, time/step=1181ms, lr=4.70e-04
2023-04-18 19:51:25,988 - logger.py:50 - Epoch: [194][100/468] 	 loss: 0.02363, MAE: 0.03836, time/step=796ms, lr=1.40e-04
2023-04-18 19:52:20,575 - logger.py:50 - Epoch: [47][100/468] 	 loss: 0.08480, MAE: 0.13762, time/step=809ms, lr=4.70e-04
2023-04-18 19:52:45,645 - logger.py:50 - Epoch: [194][200/468] 	 loss: 0.02441, MAE: 0.03962, time/step=796ms, lr=1.40e-04
2023-04-18 19:53:41,436 - logger.py:50 - Epoch: [47][200/468] 	 loss: 0.08664, MAE: 0.14061, time/step=809ms, lr=4.70e-04
2023-04-18 19:54:06,126 - logger.py:50 - Epoch: [194][300/468] 	 loss: 0.02440, MAE: 0.03960, time/step=799ms, lr=1.40e-04
2023-04-18 19:55:01,804 - logger.py:50 - Epoch: [47][300/468] 	 loss: 0.08689, MAE: 0.14101, time/step=807ms, lr=4.70e-04
2023-04-18 19:55:26,453 - logger.py:50 - Epoch: [194][400/468] 	 loss: 0.02450, MAE: 0.03976, time/step=800ms, lr=1.40e-04
2023-04-18 19:56:19,708 - logger.py:50 - Epoch: [194][467/468] 	 loss: 0.02450, MAE: 0.03977, time/step=799ms, lr=1.40e-04
2023-04-18 19:56:22,436 - logger.py:50 - Epoch: [47][400/468] 	 loss: 0.08897, MAE: 0.14439, time/step=807ms, lr=4.70e-04
2023-04-18 19:56:32,352 - logger.py:50 - Epoch: [194] Target: [1] train MAE: 0.03977, val MAE: 0.21486, test MAE: 0.21559, Time: 386.78s
2023-04-18 19:56:32,352 - logger.py:50 - Best -- epoch=190, train MAE: 0.04078, val MAE: 0.21285, test MAE: 0.21869

2023-04-18 19:56:33,549 - logger.py:50 - Epoch: [195][0/468] 	 loss: 0.01846, MAE: 0.02996, time/step=1194ms, lr=1.37e-04
2023-04-18 19:57:16,128 - logger.py:50 - Epoch: [47][467/468] 	 loss: 0.08998, MAE: 0.14603, time/step=806ms, lr=4.70e-04
2023-04-18 19:57:30,106 - logger.py:50 - Epoch: [47] Target: [1] train MAE: 0.14603, val MAE: 0.25056, test MAE: 0.26072, Time: 391.29s
2023-04-18 19:57:30,106 - logger.py:50 - Best -- epoch=45, train MAE: 0.14777, val MAE: 0.24683, test MAE: 0.25108

2023-04-18 19:57:31,156 - logger.py:50 - Epoch: [48][0/468] 	 loss: 0.07515, MAE: 0.12196, time/step=1047ms, lr=4.69e-04
2023-04-18 19:57:53,854 - logger.py:50 - Epoch: [195][100/468] 	 loss: 0.02541, MAE: 0.04124, time/step=807ms, lr=1.37e-04
2023-04-18 19:58:52,510 - logger.py:50 - Epoch: [48][100/468] 	 loss: 0.08821, MAE: 0.14315, time/step=816ms, lr=4.69e-04
2023-04-18 19:59:13,185 - logger.py:50 - Epoch: [195][200/468] 	 loss: 0.02437, MAE: 0.03955, time/step=800ms, lr=1.37e-04
2023-04-18 20:00:12,989 - logger.py:50 - Epoch: [48][200/468] 	 loss: 0.08985, MAE: 0.14582, time/step=810ms, lr=4.69e-04
2023-04-18 20:00:32,678 - logger.py:50 - Epoch: [195][300/468] 	 loss: 0.02436, MAE: 0.03953, time/step=798ms, lr=1.37e-04
2023-04-18 20:01:33,340 - logger.py:50 - Epoch: [48][300/468] 	 loss: 0.08870, MAE: 0.14395, time/step=808ms, lr=4.69e-04
2023-04-18 20:01:51,577 - logger.py:50 - Epoch: [195][400/468] 	 loss: 0.02424, MAE: 0.03935, time/step=796ms, lr=1.37e-04
2023-04-18 20:02:45,913 - logger.py:50 - Epoch: [195][467/468] 	 loss: 0.02444, MAE: 0.03967, time/step=798ms, lr=1.37e-04
2023-04-18 20:02:54,385 - logger.py:50 - Epoch: [48][400/468] 	 loss: 0.08896, MAE: 0.14437, time/step=809ms, lr=4.69e-04
2023-04-18 20:02:58,611 - logger.py:50 - Epoch: [195] Target: [1] train MAE: 0.03967, val MAE: 0.21352, test MAE: 0.21812, Time: 386.26s
2023-04-18 20:02:58,611 - logger.py:50 - Best -- epoch=190, train MAE: 0.04078, val MAE: 0.21285, test MAE: 0.21869

2023-04-18 20:02:59,651 - logger.py:50 - Epoch: [196][0/468] 	 loss: 0.01862, MAE: 0.03022, time/step=1038ms, lr=1.35e-04
2023-04-18 20:03:48,527 - logger.py:50 - Epoch: [48][467/468] 	 loss: 0.08985, MAE: 0.14582, time/step=809ms, lr=4.69e-04
2023-04-18 20:04:02,569 - logger.py:50 - Epoch: [48] Target: [1] train MAE: 0.14582, val MAE: 0.25554, test MAE: 0.25889, Time: 392.46s
2023-04-18 20:04:02,569 - logger.py:50 - Best -- epoch=45, train MAE: 0.14777, val MAE: 0.24683, test MAE: 0.25108

2023-04-18 20:04:03,830 - logger.py:50 - Epoch: [49][0/468] 	 loss: 0.09378, MAE: 0.15220, time/step=1258ms, lr=4.68e-04
2023-04-18 20:04:18,808 - logger.py:50 - Epoch: [196][100/468] 	 loss: 0.02412, MAE: 0.03914, time/step=794ms, lr=1.35e-04
2023-04-18 20:05:24,466 - logger.py:50 - Epoch: [49][100/468] 	 loss: 0.08881, MAE: 0.14414, time/step=811ms, lr=4.68e-04
2023-04-18 20:05:38,797 - logger.py:50 - Epoch: [196][200/468] 	 loss: 0.02425, MAE: 0.03936, time/step=797ms, lr=1.35e-04
2023-04-18 20:06:46,050 - logger.py:50 - Epoch: [49][200/468] 	 loss: 0.09010, MAE: 0.14623, time/step=813ms, lr=4.68e-04
2023-04-18 20:06:58,401 - logger.py:50 - Epoch: [196][300/468] 	 loss: 0.02383, MAE: 0.03867, time/step=797ms, lr=1.35e-04
2023-04-18 20:08:06,683 - logger.py:50 - Epoch: [49][300/468] 	 loss: 0.09152, MAE: 0.14853, time/step=811ms, lr=4.68e-04
2023-04-18 20:08:18,086 - logger.py:50 - Epoch: [196][400/468] 	 loss: 0.02392, MAE: 0.03881, time/step=797ms, lr=1.35e-04
2023-04-18 20:09:12,339 - logger.py:50 - Epoch: [196][467/468] 	 loss: 0.02416, MAE: 0.03922, time/step=799ms, lr=1.35e-04
2023-04-18 20:09:24,946 - logger.py:50 - Epoch: [196] Target: [1] train MAE: 0.03922, val MAE: 0.21438, test MAE: 0.21898, Time: 386.33s
2023-04-18 20:09:24,946 - logger.py:50 - Best -- epoch=190, train MAE: 0.04078, val MAE: 0.21285, test MAE: 0.21869

2023-04-18 20:09:26,109 - logger.py:50 - Epoch: [197][0/468] 	 loss: 0.01746, MAE: 0.02833, time/step=1160ms, lr=1.33e-04
2023-04-18 20:09:28,203 - logger.py:50 - Epoch: [49][400/468] 	 loss: 0.09226, MAE: 0.14973, time/step=812ms, lr=4.68e-04
2023-04-18 20:10:21,568 - logger.py:50 - Epoch: [49][467/468] 	 loss: 0.09187, MAE: 0.14909, time/step=810ms, lr=4.68e-04
2023-04-18 20:10:35,623 - logger.py:50 - Epoch: [49] Target: [1] train MAE: 0.14909, val MAE: 0.25285, test MAE: 0.26004, Time: 393.05s
2023-04-18 20:10:35,623 - logger.py:50 - Best -- epoch=45, train MAE: 0.14777, val MAE: 0.24683, test MAE: 0.25108

2023-04-18 20:10:37,397 - logger.py:50 - Epoch: [50][0/468] 	 loss: 0.09078, MAE: 0.14733, time/step=1771ms, lr=4.67e-04
2023-04-18 20:10:46,057 - logger.py:50 - Epoch: [197][100/468] 	 loss: 0.02356, MAE: 0.03824, time/step=803ms, lr=1.33e-04
2023-04-18 20:11:58,381 - logger.py:50 - Epoch: [50][100/468] 	 loss: 0.08469, MAE: 0.13745, time/step=819ms, lr=4.67e-04
2023-04-18 20:12:05,611 - logger.py:50 - Epoch: [197][200/468] 	 loss: 0.02371, MAE: 0.03848, time/step=799ms, lr=1.33e-04
2023-04-18 20:13:19,463 - logger.py:50 - Epoch: [50][200/468] 	 loss: 0.08507, MAE: 0.13805, time/step=815ms, lr=4.67e-04
2023-04-18 20:13:25,276 - logger.py:50 - Epoch: [197][300/468] 	 loss: 0.02391, MAE: 0.03881, time/step=798ms, lr=1.33e-04
2023-04-18 20:14:40,278 - logger.py:50 - Epoch: [50][300/468] 	 loss: 0.08549, MAE: 0.13873, time/step=813ms, lr=4.67e-04
2023-04-18 20:14:44,391 - logger.py:50 - Epoch: [197][400/468] 	 loss: 0.02381, MAE: 0.03864, time/step=797ms, lr=1.33e-04
2023-04-18 20:15:37,829 - logger.py:50 - Epoch: [197][467/468] 	 loss: 0.02382, MAE: 0.03866, time/step=797ms, lr=1.33e-04
2023-04-18 20:15:50,553 - logger.py:50 - Epoch: [197] Target: [1] train MAE: 0.03866, val MAE: 0.21281, test MAE: 0.21804, Time: 385.61s
2023-04-18 20:15:50,554 - logger.py:50 - Best -- epoch=197, train MAE: 0.03866, val MAE: 0.21281, test MAE: 0.21804

2023-04-18 20:15:51,663 - logger.py:50 - Epoch: [198][0/468] 	 loss: 0.02287, MAE: 0.03712, time/step=1107ms, lr=1.30e-04
2023-04-18 20:15:59,841 - logger.py:50 - Epoch: [50][400/468] 	 loss: 0.08611, MAE: 0.13975, time/step=809ms, lr=4.67e-04
2023-04-18 20:16:53,903 - logger.py:50 - Epoch: [50][467/468] 	 loss: 0.08663, MAE: 0.14059, time/step=808ms, lr=4.67e-04
2023-04-18 20:17:07,976 - logger.py:50 - Epoch: [50] Target: [1] train MAE: 0.14059, val MAE: 0.25637, test MAE: 0.26744, Time: 392.35s
2023-04-18 20:17:07,977 - logger.py:50 - Best -- epoch=45, train MAE: 0.14777, val MAE: 0.24683, test MAE: 0.25108

2023-04-18 20:17:09,058 - logger.py:50 - Epoch: [51][0/468] 	 loss: 0.09006, MAE: 0.14616, time/step=1078ms, lr=4.65e-04
2023-04-18 20:17:11,181 - logger.py:50 - Epoch: [198][100/468] 	 loss: 0.02445, MAE: 0.03968, time/step=798ms, lr=1.30e-04
2023-04-18 20:18:29,839 - logger.py:50 - Epoch: [51][100/468] 	 loss: 0.08556, MAE: 0.13886, time/step=810ms, lr=4.65e-04
2023-04-18 20:18:30,877 - logger.py:50 - Epoch: [198][200/468] 	 loss: 0.02338, MAE: 0.03794, time/step=798ms, lr=1.30e-04
2023-04-18 20:19:50,430 - logger.py:50 - Epoch: [51][200/468] 	 loss: 0.08482, MAE: 0.13765, time/step=808ms, lr=4.65e-04
2023-04-18 20:19:50,765 - logger.py:50 - Epoch: [198][300/468] 	 loss: 0.02396, MAE: 0.03888, time/step=798ms, lr=1.30e-04
2023-04-18 20:21:09,886 - logger.py:50 - Epoch: [198][400/468] 	 loss: 0.02377, MAE: 0.03858, time/step=796ms, lr=1.30e-04
2023-04-18 20:21:10,631 - logger.py:50 - Epoch: [51][300/468] 	 loss: 0.08480, MAE: 0.13762, time/step=806ms, lr=4.65e-04
2023-04-18 20:22:03,637 - logger.py:50 - Epoch: [198][467/468] 	 loss: 0.02380, MAE: 0.03863, time/step=797ms, lr=1.30e-04
2023-04-18 20:22:16,289 - logger.py:50 - Epoch: [198] Target: [1] train MAE: 0.03863, val MAE: 0.21405, test MAE: 0.21730, Time: 385.74s
2023-04-18 20:22:16,289 - logger.py:50 - Best -- epoch=197, train MAE: 0.03866, val MAE: 0.21281, test MAE: 0.21804

2023-04-18 20:22:17,459 - logger.py:50 - Epoch: [199][0/468] 	 loss: 0.01860, MAE: 0.03019, time/step=1168ms, lr=1.28e-04
2023-04-18 20:22:30,504 - logger.py:50 - Epoch: [51][400/468] 	 loss: 0.08601, MAE: 0.13958, time/step=804ms, lr=4.65e-04
2023-04-18 20:23:25,425 - logger.py:50 - Epoch: [51][467/468] 	 loss: 0.08623, MAE: 0.13994, time/step=807ms, lr=4.65e-04
2023-04-18 20:23:36,629 - logger.py:50 - Epoch: [199][100/468] 	 loss: 0.02404, MAE: 0.03901, time/step=795ms, lr=1.28e-04
2023-04-18 20:23:39,379 - logger.py:50 - Epoch: [51] Target: [1] train MAE: 0.13994, val MAE: 0.24346, test MAE: 0.25014, Time: 391.40s
2023-04-18 20:23:39,380 - logger.py:50 - Best -- epoch=51, train MAE: 0.13994, val MAE: 0.24346, test MAE: 0.25014

2023-04-18 20:23:40,547 - logger.py:50 - Epoch: [52][0/468] 	 loss: 0.09403, MAE: 0.15260, time/step=1165ms, lr=4.64e-04
2023-04-18 20:24:56,073 - logger.py:50 - Epoch: [199][200/468] 	 loss: 0.02330, MAE: 0.03781, time/step=795ms, lr=1.28e-04
2023-04-18 20:25:01,251 - logger.py:50 - Epoch: [52][100/468] 	 loss: 0.07963, MAE: 0.12924, time/step=811ms, lr=4.64e-04
2023-04-18 20:26:15,592 - logger.py:50 - Epoch: [199][300/468] 	 loss: 0.02374, MAE: 0.03852, time/step=795ms, lr=1.28e-04
2023-04-18 20:26:21,513 - logger.py:50 - Epoch: [52][200/468] 	 loss: 0.08023, MAE: 0.13021, time/step=807ms, lr=4.64e-04
2023-04-18 20:27:35,263 - logger.py:50 - Epoch: [199][400/468] 	 loss: 0.02376, MAE: 0.03857, time/step=795ms, lr=1.28e-04
2023-04-18 20:27:41,668 - logger.py:50 - Epoch: [52][300/468] 	 loss: 0.08029, MAE: 0.13031, time/step=805ms, lr=4.64e-04
2023-04-18 20:28:28,475 - logger.py:50 - Epoch: [199][467/468] 	 loss: 0.02366, MAE: 0.03841, time/step=795ms, lr=1.28e-04
2023-04-18 20:28:41,114 - logger.py:50 - Epoch: [199] Target: [1] train MAE: 0.03841, val MAE: 0.21378, test MAE: 0.21725, Time: 384.82s
2023-04-18 20:28:41,114 - logger.py:50 - Best -- epoch=197, train MAE: 0.03866, val MAE: 0.21281, test MAE: 0.21804

2023-04-18 20:28:42,163 - logger.py:50 - Epoch: [200][0/468] 	 loss: 0.01734, MAE: 0.02814, time/step=1047ms, lr=1.26e-04
2023-04-18 20:29:02,758 - logger.py:50 - Epoch: [52][400/468] 	 loss: 0.08232, MAE: 0.13359, time/step=806ms, lr=4.64e-04
2023-04-18 20:29:57,156 - logger.py:50 - Epoch: [52][467/468] 	 loss: 0.08361, MAE: 0.13569, time/step=807ms, lr=4.64e-04
2023-04-18 20:30:02,090 - logger.py:50 - Epoch: [200][100/468] 	 loss: 0.02415, MAE: 0.03920, time/step=802ms, lr=1.26e-04
2023-04-18 20:30:11,164 - logger.py:50 - Epoch: [52] Target: [1] train MAE: 0.13569, val MAE: 0.25121, test MAE: 0.25362, Time: 391.78s
2023-04-18 20:30:11,164 - logger.py:50 - Best -- epoch=51, train MAE: 0.13994, val MAE: 0.24346, test MAE: 0.25014

2023-04-18 20:30:12,335 - logger.py:50 - Epoch: [53][0/468] 	 loss: 0.09776, MAE: 0.15865, time/step=1168ms, lr=4.63e-04
2023-04-18 20:31:21,387 - logger.py:50 - Epoch: [200][200/468] 	 loss: 0.02390, MAE: 0.03879, time/step=797ms, lr=1.26e-04
2023-04-18 20:31:32,770 - logger.py:50 - Epoch: [53][100/468] 	 loss: 0.08190, MAE: 0.13292, time/step=808ms, lr=4.63e-04
2023-04-18 20:32:39,812 - logger.py:50 - Epoch: [200][300/468] 	 loss: 0.02382, MAE: 0.03866, time/step=793ms, lr=1.26e-04
2023-04-18 20:32:53,768 - logger.py:50 - Epoch: [53][200/468] 	 loss: 0.08115, MAE: 0.13170, time/step=809ms, lr=4.63e-04
2023-04-18 20:33:59,839 - logger.py:50 - Epoch: [200][400/468] 	 loss: 0.02358, MAE: 0.03827, time/step=795ms, lr=1.26e-04
2023-04-18 20:34:13,520 - logger.py:50 - Epoch: [53][300/468] 	 loss: 0.08264, MAE: 0.13412, time/step=805ms, lr=4.63e-04
2023-04-18 20:34:52,828 - logger.py:50 - Epoch: [200][467/468] 	 loss: 0.02345, MAE: 0.03806, time/step=794ms, lr=1.26e-04
2023-04-18 20:35:05,458 - logger.py:50 - Epoch: [200] Target: [1] train MAE: 0.03806, val MAE: 0.21558, test MAE: 0.21490, Time: 384.34s
2023-04-18 20:35:05,459 - logger.py:50 - Best -- epoch=197, train MAE: 0.03866, val MAE: 0.21281, test MAE: 0.21804

2023-04-18 20:35:06,637 - logger.py:50 - Epoch: [201][0/468] 	 loss: 0.01943, MAE: 0.03154, time/step=1176ms, lr=1.23e-04
2023-04-18 20:35:34,502 - logger.py:50 - Epoch: [53][400/468] 	 loss: 0.08402, MAE: 0.13636, time/step=806ms, lr=4.63e-04
2023-04-18 20:36:26,566 - logger.py:50 - Epoch: [201][100/468] 	 loss: 0.02298, MAE: 0.03729, time/step=803ms, lr=1.23e-04
2023-04-18 20:36:28,501 - logger.py:50 - Epoch: [53][467/468] 	 loss: 0.08512, MAE: 0.13814, time/step=806ms, lr=4.63e-04
2023-04-18 20:36:42,557 - logger.py:50 - Epoch: [53] Target: [1] train MAE: 0.13814, val MAE: 0.24252, test MAE: 0.24839, Time: 391.39s
2023-04-18 20:36:42,558 - logger.py:50 - Best -- epoch=53, train MAE: 0.13814, val MAE: 0.24252, test MAE: 0.24839

2023-04-18 20:36:43,594 - logger.py:50 - Epoch: [54][0/468] 	 loss: 0.07463, MAE: 0.12111, time/step=1034ms, lr=4.61e-04
2023-04-18 20:37:47,130 - logger.py:50 - Epoch: [201][200/468] 	 loss: 0.02322, MAE: 0.03768, time/step=804ms, lr=1.23e-04
2023-04-18 20:38:04,819 - logger.py:50 - Epoch: [54][100/468] 	 loss: 0.08206, MAE: 0.13317, time/step=814ms, lr=4.61e-04
2023-04-18 20:39:06,563 - logger.py:50 - Epoch: [201][300/468] 	 loss: 0.02338, MAE: 0.03795, time/step=801ms, lr=1.23e-04
2023-04-18 20:39:24,970 - logger.py:50 - Epoch: [54][200/468] 	 loss: 0.08325, MAE: 0.13511, time/step=808ms, lr=4.61e-04
2023-04-18 20:40:25,763 - logger.py:50 - Epoch: [201][400/468] 	 loss: 0.02331, MAE: 0.03784, time/step=799ms, lr=1.23e-04
2023-04-18 20:40:45,634 - logger.py:50 - Epoch: [54][300/468] 	 loss: 0.08403, MAE: 0.13638, time/step=808ms, lr=4.61e-04
2023-04-18 20:41:19,437 - logger.py:50 - Epoch: [201][467/468] 	 loss: 0.02328, MAE: 0.03779, time/step=799ms, lr=1.23e-04
2023-04-18 20:41:32,217 - logger.py:50 - Epoch: [201] Target: [1] train MAE: 0.03779, val MAE: 0.21458, test MAE: 0.21593, Time: 386.76s
2023-04-18 20:41:32,217 - logger.py:50 - Best -- epoch=197, train MAE: 0.03866, val MAE: 0.21281, test MAE: 0.21804

2023-04-18 20:41:33,300 - logger.py:50 - Epoch: [202][0/468] 	 loss: 0.03121, MAE: 0.05065, time/step=1080ms, lr=1.21e-04
2023-04-18 20:42:05,512 - logger.py:50 - Epoch: [54][400/468] 	 loss: 0.08514, MAE: 0.13817, time/step=805ms, lr=4.61e-04
2023-04-18 20:42:53,764 - logger.py:50 - Epoch: [202][100/468] 	 loss: 0.02255, MAE: 0.03660, time/step=807ms, lr=1.21e-04
2023-04-18 20:43:00,592 - logger.py:50 - Epoch: [54][467/468] 	 loss: 0.08483, MAE: 0.13766, time/step=808ms, lr=4.61e-04
2023-04-18 20:43:14,576 - logger.py:50 - Epoch: [54] Target: [1] train MAE: 0.13766, val MAE: 0.25075, test MAE: 0.24758, Time: 392.02s
2023-04-18 20:43:14,576 - logger.py:50 - Best -- epoch=53, train MAE: 0.13814, val MAE: 0.24252, test MAE: 0.24839

2023-04-18 20:43:15,676 - logger.py:50 - Epoch: [55][0/468] 	 loss: 0.12681, MAE: 0.20579, time/step=1097ms, lr=4.60e-04
2023-04-18 20:44:12,630 - logger.py:50 - Epoch: [202][200/468] 	 loss: 0.02282, MAE: 0.03703, time/step=798ms, lr=1.21e-04
2023-04-18 20:44:35,637 - logger.py:50 - Epoch: [55][100/468] 	 loss: 0.08395, MAE: 0.13624, time/step=803ms, lr=4.60e-04
2023-04-18 20:45:32,536 - logger.py:50 - Epoch: [202][300/468] 	 loss: 0.02328, MAE: 0.03779, time/step=798ms, lr=1.21e-04
2023-04-18 20:45:56,639 - logger.py:50 - Epoch: [55][200/468] 	 loss: 0.08278, MAE: 0.13435, time/step=806ms, lr=4.60e-04
2023-04-18 20:46:52,390 - logger.py:50 - Epoch: [202][400/468] 	 loss: 0.02311, MAE: 0.03750, time/step=798ms, lr=1.21e-04
2023-04-18 20:47:16,921 - logger.py:50 - Epoch: [55][300/468] 	 loss: 0.08251, MAE: 0.13391, time/step=805ms, lr=4.60e-04
2023-04-18 20:47:45,729 - logger.py:50 - Epoch: [202][467/468] 	 loss: 0.02311, MAE: 0.03751, time/step=798ms, lr=1.21e-04
2023-04-18 20:47:58,408 - logger.py:50 - Epoch: [202] Target: [1] train MAE: 0.03751, val MAE: 0.21365, test MAE: 0.21787, Time: 386.19s
2023-04-18 20:47:58,409 - logger.py:50 - Best -- epoch=197, train MAE: 0.03866, val MAE: 0.21281, test MAE: 0.21804

2023-04-18 20:47:59,618 - logger.py:50 - Epoch: [203][0/468] 	 loss: 0.01949, MAE: 0.03163, time/step=1207ms, lr=1.19e-04
2023-04-18 20:48:37,869 - logger.py:50 - Epoch: [55][400/468] 	 loss: 0.08250, MAE: 0.13389, time/step=806ms, lr=4.60e-04
2023-04-18 20:49:19,740 - logger.py:50 - Epoch: [203][100/468] 	 loss: 0.02277, MAE: 0.03695, time/step=805ms, lr=1.19e-04
2023-04-18 20:49:32,334 - logger.py:50 - Epoch: [55][467/468] 	 loss: 0.08281, MAE: 0.13440, time/step=807ms, lr=4.60e-04
2023-04-18 20:49:46,328 - logger.py:50 - Epoch: [55] Target: [1] train MAE: 0.13440, val MAE: 0.24431, test MAE: 0.24555, Time: 391.75s
2023-04-18 20:49:46,328 - logger.py:50 - Best -- epoch=53, train MAE: 0.13814, val MAE: 0.24252, test MAE: 0.24839

2023-04-18 20:49:47,460 - logger.py:50 - Epoch: [56][0/468] 	 loss: 0.07627, MAE: 0.12378, time/step=1130ms, lr=4.58e-04
2023-04-18 20:50:38,911 - logger.py:50 - Epoch: [203][200/468] 	 loss: 0.02317, MAE: 0.03760, time/step=799ms, lr=1.19e-04
2023-04-18 20:51:07,763 - logger.py:50 - Epoch: [56][100/468] 	 loss: 0.07901, MAE: 0.12823, time/step=806ms, lr=4.58e-04
2023-04-18 20:51:58,672 - logger.py:50 - Epoch: [203][300/468] 	 loss: 0.02315, MAE: 0.03758, time/step=798ms, lr=1.19e-04
2023-04-18 20:52:28,647 - logger.py:50 - Epoch: [56][200/468] 	 loss: 0.07872, MAE: 0.12776, time/step=808ms, lr=4.58e-04
2023-04-18 20:53:18,567 - logger.py:50 - Epoch: [203][400/468] 	 loss: 0.02312, MAE: 0.03753, time/step=798ms, lr=1.19e-04
2023-04-18 20:53:49,243 - logger.py:50 - Epoch: [56][300/468] 	 loss: 0.08007, MAE: 0.12995, time/step=807ms, lr=4.58e-04
2023-04-18 20:54:11,770 - logger.py:50 - Epoch: [203][467/468] 	 loss: 0.02300, MAE: 0.03733, time/step=798ms, lr=1.19e-04
2023-04-18 20:54:24,456 - logger.py:50 - Epoch: [203] Target: [1] train MAE: 0.03733, val MAE: 0.21399, test MAE: 0.21577, Time: 386.05s
2023-04-18 20:54:24,456 - logger.py:50 - Best -- epoch=197, train MAE: 0.03866, val MAE: 0.21281, test MAE: 0.21804

2023-04-18 20:54:25,630 - logger.py:50 - Epoch: [204][0/468] 	 loss: 0.01533, MAE: 0.02487, time/step=1171ms, lr=1.17e-04
2023-04-18 20:55:09,974 - logger.py:50 - Epoch: [56][400/468] 	 loss: 0.07968, MAE: 0.12932, time/step=807ms, lr=4.58e-04
2023-04-18 20:55:45,293 - logger.py:50 - Epoch: [204][100/468] 	 loss: 0.02348, MAE: 0.03811, time/step=800ms, lr=1.17e-04
2023-04-18 20:56:03,989 - logger.py:50 - Epoch: [56][467/468] 	 loss: 0.07968, MAE: 0.12931, time/step=807ms, lr=4.58e-04
2023-04-18 20:56:17,988 - logger.py:50 - Epoch: [56] Target: [1] train MAE: 0.12931, val MAE: 0.24401, test MAE: 0.24159, Time: 391.66s
2023-04-18 20:56:17,988 - logger.py:50 - Best -- epoch=53, train MAE: 0.13814, val MAE: 0.24252, test MAE: 0.24839

2023-04-18 20:56:19,100 - logger.py:50 - Epoch: [57][0/468] 	 loss: 0.06641, MAE: 0.10778, time/step=1110ms, lr=4.57e-04
2023-04-18 20:57:05,768 - logger.py:50 - Epoch: [204][200/468] 	 loss: 0.02311, MAE: 0.03750, time/step=803ms, lr=1.17e-04
2023-04-18 20:57:39,141 - logger.py:50 - Epoch: [57][100/468] 	 loss: 0.07744, MAE: 0.12568, time/step=803ms, lr=4.57e-04
2023-04-18 20:58:24,736 - logger.py:50 - Epoch: [204][300/468] 	 loss: 0.02293, MAE: 0.03721, time/step=798ms, lr=1.17e-04
2023-04-18 20:58:59,129 - logger.py:50 - Epoch: [57][200/468] 	 loss: 0.07811, MAE: 0.12677, time/step=802ms, lr=4.57e-04
2023-04-18 20:59:44,732 - logger.py:50 - Epoch: [204][400/468] 	 loss: 0.02303, MAE: 0.03738, time/step=799ms, lr=1.17e-04
2023-04-18 21:00:20,515 - logger.py:50 - Epoch: [57][300/468] 	 loss: 0.07731, MAE: 0.12547, time/step=806ms, lr=4.57e-04
2023-04-18 21:00:37,566 - logger.py:50 - Epoch: [204][467/468] 	 loss: 0.02298, MAE: 0.03729, time/step=797ms, lr=1.17e-04
2023-04-18 21:00:50,316 - logger.py:50 - Epoch: [204] Target: [1] train MAE: 0.03729, val MAE: 0.21290, test MAE: 0.21669, Time: 385.86s
2023-04-18 21:00:50,317 - logger.py:50 - Best -- epoch=197, train MAE: 0.03866, val MAE: 0.21281, test MAE: 0.21804

2023-04-18 21:00:51,473 - logger.py:50 - Epoch: [205][0/468] 	 loss: 0.02307, MAE: 0.03743, time/step=1154ms, lr=1.15e-04
2023-04-18 21:01:40,840 - logger.py:50 - Epoch: [57][400/468] 	 loss: 0.07769, MAE: 0.12609, time/step=805ms, lr=4.57e-04
2023-04-18 21:02:11,090 - logger.py:50 - Epoch: [205][100/468] 	 loss: 0.02378, MAE: 0.03860, time/step=800ms, lr=1.15e-04
2023-04-18 21:02:35,020 - logger.py:50 - Epoch: [57][467/468] 	 loss: 0.07807, MAE: 0.12671, time/step=806ms, lr=4.57e-04
2023-04-18 21:02:48,989 - logger.py:50 - Epoch: [57] Target: [1] train MAE: 0.12671, val MAE: 0.24349, test MAE: 0.25157, Time: 391.00s
2023-04-18 21:02:48,989 - logger.py:50 - Best -- epoch=53, train MAE: 0.13814, val MAE: 0.24252, test MAE: 0.24839

2023-04-18 21:02:50,148 - logger.py:50 - Epoch: [58][0/468] 	 loss: 0.07379, MAE: 0.11976, time/step=1156ms, lr=4.55e-04
2023-04-18 21:03:30,508 - logger.py:50 - Epoch: [205][200/468] 	 loss: 0.02331, MAE: 0.03784, time/step=797ms, lr=1.15e-04
2023-04-18 21:04:11,028 - logger.py:50 - Epoch: [58][100/468] 	 loss: 0.07407, MAE: 0.12021, time/step=812ms, lr=4.55e-04
2023-04-18 21:04:49,996 - logger.py:50 - Epoch: [205][300/468] 	 loss: 0.02339, MAE: 0.03797, time/step=796ms, lr=1.15e-04
2023-04-18 21:05:31,110 - logger.py:50 - Epoch: [58][200/468] 	 loss: 0.07500, MAE: 0.12173, time/step=807ms, lr=4.55e-04
2023-04-18 21:06:09,951 - logger.py:50 - Epoch: [205][400/468] 	 loss: 0.02343, MAE: 0.03802, time/step=797ms, lr=1.15e-04
2023-04-18 21:06:51,865 - logger.py:50 - Epoch: [58][300/468] 	 loss: 0.07554, MAE: 0.12259, time/step=807ms, lr=4.55e-04
2023-04-18 21:07:02,973 - logger.py:50 - Epoch: [205][467/468] 	 loss: 0.02318, MAE: 0.03762, time/step=796ms, lr=1.15e-04
2023-04-18 21:07:15,632 - logger.py:50 - Epoch: [205] Target: [1] train MAE: 0.03762, val MAE: 0.21305, test MAE: 0.21566, Time: 385.32s
2023-04-18 21:07:15,632 - logger.py:50 - Best -- epoch=197, train MAE: 0.03866, val MAE: 0.21281, test MAE: 0.21804

2023-04-18 21:07:16,816 - logger.py:50 - Epoch: [206][0/468] 	 loss: 0.02117, MAE: 0.03436, time/step=1182ms, lr=1.12e-04
2023-04-18 21:08:12,381 - logger.py:50 - Epoch: [58][400/468] 	 loss: 0.07588, MAE: 0.12315, time/step=806ms, lr=4.55e-04
2023-04-18 21:08:36,723 - logger.py:50 - Epoch: [206][100/468] 	 loss: 0.02306, MAE: 0.03742, time/step=803ms, lr=1.12e-04
2023-04-18 21:09:06,314 - logger.py:50 - Epoch: [58][467/468] 	 loss: 0.07607, MAE: 0.12345, time/step=806ms, lr=4.55e-04
2023-04-18 21:09:20,281 - logger.py:50 - Epoch: [58] Target: [1] train MAE: 0.12345, val MAE: 0.24835, test MAE: 0.25662, Time: 391.29s
2023-04-18 21:09:20,281 - logger.py:50 - Best -- epoch=53, train MAE: 0.13814, val MAE: 0.24252, test MAE: 0.24839

2023-04-18 21:09:21,437 - logger.py:50 - Epoch: [59][0/468] 	 loss: 0.09778, MAE: 0.15869, time/step=1154ms, lr=4.54e-04
2023-04-18 21:09:56,339 - logger.py:50 - Epoch: [206][200/468] 	 loss: 0.02271, MAE: 0.03685, time/step=800ms, lr=1.12e-04
2023-04-18 21:10:41,702 - logger.py:50 - Epoch: [59][100/468] 	 loss: 0.07445, MAE: 0.12082, time/step=806ms, lr=4.54e-04
2023-04-18 21:11:16,142 - logger.py:50 - Epoch: [206][300/468] 	 loss: 0.02266, MAE: 0.03677, time/step=799ms, lr=1.12e-04
2023-04-18 21:12:03,279 - logger.py:50 - Epoch: [59][200/468] 	 loss: 0.07703, MAE: 0.12501, time/step=811ms, lr=4.54e-04
2023-04-18 21:12:35,766 - logger.py:50 - Epoch: [206][400/468] 	 loss: 0.02250, MAE: 0.03652, time/step=798ms, lr=1.12e-04
2023-04-18 21:13:24,044 - logger.py:50 - Epoch: [59][300/468] 	 loss: 0.07727, MAE: 0.12539, time/step=810ms, lr=4.54e-04
2023-04-18 21:13:28,541 - logger.py:50 - Epoch: [206][467/468] 	 loss: 0.02274, MAE: 0.03691, time/step=797ms, lr=1.12e-04
2023-04-18 21:13:41,264 - logger.py:50 - Epoch: [206] Target: [1] train MAE: 0.03691, val MAE: 0.21394, test MAE: 0.21492, Time: 385.63s
2023-04-18 21:13:41,264 - logger.py:50 - Best -- epoch=197, train MAE: 0.03866, val MAE: 0.21281, test MAE: 0.21804

2023-04-18 21:13:42,409 - logger.py:50 - Epoch: [207][0/468] 	 loss: 0.01897, MAE: 0.03079, time/step=1142ms, lr=1.10e-04
2023-04-18 21:14:44,754 - logger.py:50 - Epoch: [59][400/468] 	 loss: 0.07724, MAE: 0.12535, time/step=809ms, lr=4.54e-04
2023-04-18 21:15:03,190 - logger.py:50 - Epoch: [207][100/468] 	 loss: 0.02172, MAE: 0.03525, time/step=811ms, lr=1.10e-04
2023-04-18 21:15:38,348 - logger.py:50 - Epoch: [59][467/468] 	 loss: 0.07746, MAE: 0.12571, time/step=808ms, lr=4.54e-04
2023-04-18 21:15:52,337 - logger.py:50 - Epoch: [59] Target: [1] train MAE: 0.12571, val MAE: 0.25352, test MAE: 0.25568, Time: 392.06s
2023-04-18 21:15:52,338 - logger.py:50 - Best -- epoch=53, train MAE: 0.13814, val MAE: 0.24252, test MAE: 0.24839

2023-04-18 21:15:53,895 - logger.py:50 - Epoch: [60][0/468] 	 loss: 0.04682, MAE: 0.07599, time/step=1555ms, lr=4.52e-04
2023-04-18 21:16:21,806 - logger.py:50 - Epoch: [207][200/468] 	 loss: 0.02293, MAE: 0.03721, time/step=799ms, lr=1.10e-04
2023-04-18 21:17:14,104 - logger.py:50 - Epoch: [60][100/468] 	 loss: 0.07589, MAE: 0.12316, time/step=810ms, lr=4.52e-04
2023-04-18 21:17:42,116 - logger.py:50 - Epoch: [207][300/468] 	 loss: 0.02298, MAE: 0.03730, time/step=800ms, lr=1.10e-04
2023-04-18 21:18:34,650 - logger.py:50 - Epoch: [60][200/468] 	 loss: 0.07716, MAE: 0.12523, time/step=808ms, lr=4.52e-04
2023-04-18 21:19:01,670 - logger.py:50 - Epoch: [207][400/468] 	 loss: 0.02272, MAE: 0.03687, time/step=799ms, lr=1.10e-04
2023-04-18 21:19:54,690 - logger.py:50 - Epoch: [60][300/468] 	 loss: 0.07890, MAE: 0.12804, time/step=805ms, lr=4.52e-04
2023-04-18 21:19:55,867 - logger.py:50 - Epoch: [207][467/468] 	 loss: 0.02270, MAE: 0.03684, time/step=800ms, lr=1.10e-04
2023-04-18 21:20:08,548 - logger.py:50 - Epoch: [207] Target: [1] train MAE: 0.03684, val MAE: 0.21197, test MAE: 0.21665, Time: 387.28s
2023-04-18 21:20:08,548 - logger.py:50 - Best -- epoch=207, train MAE: 0.03684, val MAE: 0.21197, test MAE: 0.21665

2023-04-18 21:20:09,709 - logger.py:50 - Epoch: [208][0/468] 	 loss: 0.01907, MAE: 0.03095, time/step=1159ms, lr=1.08e-04
2023-04-18 21:21:15,272 - logger.py:50 - Epoch: [60][400/468] 	 loss: 0.07938, MAE: 0.12883, time/step=805ms, lr=4.52e-04
2023-04-18 21:21:29,374 - logger.py:50 - Epoch: [208][100/468] 	 loss: 0.02338, MAE: 0.03794, time/step=800ms, lr=1.08e-04
2023-04-18 21:22:09,737 - logger.py:50 - Epoch: [60][467/468] 	 loss: 0.07954, MAE: 0.12908, time/step=806ms, lr=4.52e-04
2023-04-18 21:22:23,729 - logger.py:50 - Epoch: [60] Target: [1] train MAE: 0.12908, val MAE: 0.24710, test MAE: 0.25046, Time: 391.39s
2023-04-18 21:22:23,730 - logger.py:50 - Best -- epoch=53, train MAE: 0.13814, val MAE: 0.24252, test MAE: 0.24839

2023-04-18 21:22:24,791 - logger.py:50 - Epoch: [61][0/468] 	 loss: 0.07270, MAE: 0.11798, time/step=1059ms, lr=4.51e-04
2023-04-18 21:22:49,079 - logger.py:50 - Epoch: [208][200/468] 	 loss: 0.02275, MAE: 0.03692, time/step=799ms, lr=1.08e-04
2023-04-18 21:23:44,840 - logger.py:50 - Epoch: [61][100/468] 	 loss: 0.07480, MAE: 0.12139, time/step=803ms, lr=4.51e-04
2023-04-18 21:24:09,060 - logger.py:50 - Epoch: [208][300/468] 	 loss: 0.02298, MAE: 0.03729, time/step=799ms, lr=1.08e-04
2023-04-18 21:25:04,903 - logger.py:50 - Epoch: [61][200/468] 	 loss: 0.07444, MAE: 0.12081, time/step=802ms, lr=4.51e-04
2023-04-18 21:25:27,990 - logger.py:50 - Epoch: [208][400/468] 	 loss: 0.02251, MAE: 0.03653, time/step=797ms, lr=1.08e-04
2023-04-18 21:26:21,509 - logger.py:50 - Epoch: [208][467/468] 	 loss: 0.02234, MAE: 0.03626, time/step=797ms, lr=1.08e-04
2023-04-18 21:26:26,955 - logger.py:50 - Epoch: [61][300/468] 	 loss: 0.07465, MAE: 0.12115, time/step=808ms, lr=4.51e-04
2023-04-18 21:26:34,109 - logger.py:50 - Epoch: [208] Target: [1] train MAE: 0.03626, val MAE: 0.21303, test MAE: 0.21357, Time: 385.56s
2023-04-18 21:26:34,110 - logger.py:50 - Best -- epoch=207, train MAE: 0.03684, val MAE: 0.21197, test MAE: 0.21665

2023-04-18 21:26:35,235 - logger.py:50 - Epoch: [209][0/468] 	 loss: 0.02990, MAE: 0.04852, time/step=1124ms, lr=1.06e-04
2023-04-18 21:27:48,208 - logger.py:50 - Epoch: [61][400/468] 	 loss: 0.07452, MAE: 0.12093, time/step=809ms, lr=4.51e-04
2023-04-18 21:27:54,707 - logger.py:50 - Epoch: [209][100/468] 	 loss: 0.02344, MAE: 0.03804, time/step=798ms, lr=1.06e-04
2023-04-18 21:28:41,289 - logger.py:50 - Epoch: [61][467/468] 	 loss: 0.07485, MAE: 0.12148, time/step=807ms, lr=4.51e-04
2023-04-18 21:28:55,308 - logger.py:50 - Epoch: [61] Target: [1] train MAE: 0.12148, val MAE: 0.23734, test MAE: 0.24460, Time: 391.58s
2023-04-18 21:28:55,308 - logger.py:50 - Best -- epoch=61, train MAE: 0.12148, val MAE: 0.23734, test MAE: 0.24460

2023-04-18 21:28:56,485 - logger.py:50 - Epoch: [62][0/468] 	 loss: 0.08851, MAE: 0.14364, time/step=1175ms, lr=4.49e-04
2023-04-18 21:29:14,271 - logger.py:50 - Epoch: [209][200/468] 	 loss: 0.02297, MAE: 0.03728, time/step=797ms, lr=1.06e-04
2023-04-18 21:30:18,126 - logger.py:50 - Epoch: [62][100/468] 	 loss: 0.07345, MAE: 0.11921, time/step=820ms, lr=4.49e-04
2023-04-18 21:30:33,985 - logger.py:50 - Epoch: [209][300/468] 	 loss: 0.02242, MAE: 0.03639, time/step=797ms, lr=1.06e-04
2023-04-18 21:31:39,417 - logger.py:50 - Epoch: [62][200/468] 	 loss: 0.07401, MAE: 0.12011, time/step=816ms, lr=4.49e-04
2023-04-18 21:31:53,175 - logger.py:50 - Epoch: [209][400/468] 	 loss: 0.02203, MAE: 0.03575, time/step=796ms, lr=1.06e-04
2023-04-18 21:32:46,648 - logger.py:50 - Epoch: [209][467/468] 	 loss: 0.02206, MAE: 0.03580, time/step=796ms, lr=1.06e-04
2023-04-18 21:32:58,907 - logger.py:50 - Epoch: [62][300/468] 	 loss: 0.07439, MAE: 0.12073, time/step=809ms, lr=4.49e-04
2023-04-18 21:32:59,296 - logger.py:50 - Epoch: [209] Target: [1] train MAE: 0.03580, val MAE: 0.21002, test MAE: 0.21507, Time: 385.19s
2023-04-18 21:32:59,296 - logger.py:50 - Best -- epoch=209, train MAE: 0.03580, val MAE: 0.21002, test MAE: 0.21507

2023-04-18 21:33:00,472 - logger.py:50 - Epoch: [210][0/468] 	 loss: 0.01588, MAE: 0.02578, time/step=1173ms, lr=1.04e-04
2023-04-18 21:34:18,758 - logger.py:50 - Epoch: [210][100/468] 	 loss: 0.02241, MAE: 0.03637, time/step=787ms, lr=1.04e-04
2023-04-18 21:34:18,906 - logger.py:50 - Epoch: [62][400/468] 	 loss: 0.07339, MAE: 0.11911, time/step=807ms, lr=4.49e-04
2023-04-18 21:35:12,771 - logger.py:50 - Epoch: [62][467/468] 	 loss: 0.07390, MAE: 0.11993, time/step=807ms, lr=4.49e-04
2023-04-18 21:35:26,790 - logger.py:50 - Epoch: [62] Target: [1] train MAE: 0.11993, val MAE: 0.24025, test MAE: 0.24917, Time: 391.48s
2023-04-18 21:35:26,791 - logger.py:50 - Best -- epoch=61, train MAE: 0.12148, val MAE: 0.23734, test MAE: 0.24460

2023-04-18 21:35:27,980 - logger.py:50 - Epoch: [63][0/468] 	 loss: 0.06572, MAE: 0.10666, time/step=1187ms, lr=4.48e-04
2023-04-18 21:35:38,105 - logger.py:50 - Epoch: [210][200/468] 	 loss: 0.02201, MAE: 0.03572, time/step=790ms, lr=1.04e-04
2023-04-18 21:36:48,752 - logger.py:50 - Epoch: [63][100/468] 	 loss: 0.07176, MAE: 0.11645, time/step=811ms, lr=4.48e-04
2023-04-18 21:36:58,658 - logger.py:50 - Epoch: [210][300/468] 	 loss: 0.02199, MAE: 0.03568, time/step=795ms, lr=1.04e-04
2023-04-18 21:38:08,766 - logger.py:50 - Epoch: [63][200/468] 	 loss: 0.07256, MAE: 0.11775, time/step=806ms, lr=4.48e-04
2023-04-18 21:38:18,207 - logger.py:50 - Epoch: [210][400/468] 	 loss: 0.02185, MAE: 0.03546, time/step=795ms, lr=1.04e-04
2023-04-18 21:39:11,374 - logger.py:50 - Epoch: [210][467/468] 	 loss: 0.02191, MAE: 0.03556, time/step=795ms, lr=1.04e-04
2023-04-18 21:39:24,017 - logger.py:50 - Epoch: [210] Target: [1] train MAE: 0.03556, val MAE: 0.21206, test MAE: 0.21498, Time: 384.72s
2023-04-18 21:39:24,018 - logger.py:50 - Best -- epoch=209, train MAE: 0.03580, val MAE: 0.21002, test MAE: 0.21507

2023-04-18 21:39:25,041 - logger.py:50 - Epoch: [211][0/468] 	 loss: 0.02826, MAE: 0.04586, time/step=1021ms, lr=1.02e-04
2023-04-18 21:39:28,632 - logger.py:50 - Epoch: [63][300/468] 	 loss: 0.07194, MAE: 0.11675, time/step=803ms, lr=4.48e-04
2023-04-18 21:40:44,895 - logger.py:50 - Epoch: [211][100/468] 	 loss: 0.02126, MAE: 0.03450, time/step=801ms, lr=1.02e-04
2023-04-18 21:40:49,739 - logger.py:50 - Epoch: [63][400/468] 	 loss: 0.07289, MAE: 0.11830, time/step=805ms, lr=4.48e-04
2023-04-18 21:41:43,983 - logger.py:50 - Epoch: [63][467/468] 	 loss: 0.07418, MAE: 0.12039, time/step=806ms, lr=4.48e-04
2023-04-18 21:41:57,954 - logger.py:50 - Epoch: [63] Target: [1] train MAE: 0.12039, val MAE: 0.24538, test MAE: 0.24930, Time: 391.16s
2023-04-18 21:41:57,954 - logger.py:50 - Best -- epoch=61, train MAE: 0.12148, val MAE: 0.23734, test MAE: 0.24460

2023-04-18 21:41:59,180 - logger.py:50 - Epoch: [64][0/468] 	 loss: 0.05836, MAE: 0.09472, time/step=1223ms, lr=4.46e-04
2023-04-18 21:42:04,356 - logger.py:50 - Epoch: [211][200/468] 	 loss: 0.02152, MAE: 0.03493, time/step=798ms, lr=1.02e-04
2023-04-18 21:43:19,707 - logger.py:50 - Epoch: [64][100/468] 	 loss: 0.07422, MAE: 0.12045, time/step=809ms, lr=4.46e-04
2023-04-18 21:43:23,369 - logger.py:50 - Epoch: [211][300/468] 	 loss: 0.02159, MAE: 0.03503, time/step=795ms, lr=1.02e-04
2023-04-18 21:44:40,309 - logger.py:50 - Epoch: [64][200/468] 	 loss: 0.07645, MAE: 0.12408, time/step=808ms, lr=4.46e-04
2023-04-18 21:44:43,035 - logger.py:50 - Epoch: [211][400/468] 	 loss: 0.02195, MAE: 0.03563, time/step=796ms, lr=1.02e-04
2023-04-18 21:45:36,541 - logger.py:50 - Epoch: [211][467/468] 	 loss: 0.02194, MAE: 0.03560, time/step=796ms, lr=1.02e-04
2023-04-18 21:45:49,294 - logger.py:50 - Epoch: [211] Target: [1] train MAE: 0.03560, val MAE: 0.21351, test MAE: 0.21417, Time: 385.28s
2023-04-18 21:45:49,295 - logger.py:50 - Best -- epoch=209, train MAE: 0.03580, val MAE: 0.21002, test MAE: 0.21507

2023-04-18 21:45:50,294 - logger.py:50 - Epoch: [212][0/468] 	 loss: 0.01886, MAE: 0.03061, time/step=996ms, lr=9.97e-05
2023-04-18 21:46:01,228 - logger.py:50 - Epoch: [64][300/468] 	 loss: 0.07675, MAE: 0.12455, time/step=808ms, lr=4.46e-04
2023-04-18 21:47:10,263 - logger.py:50 - Epoch: [212][100/468] 	 loss: 0.02156, MAE: 0.03499, time/step=802ms, lr=9.97e-05
2023-04-18 21:47:22,530 - logger.py:50 - Epoch: [64][400/468] 	 loss: 0.07635, MAE: 0.12391, time/step=809ms, lr=4.46e-04
2023-04-18 21:48:16,287 - logger.py:50 - Epoch: [64][467/468] 	 loss: 0.07699, MAE: 0.12495, time/step=808ms, lr=4.46e-04
2023-04-18 21:48:29,941 - logger.py:50 - Epoch: [212][200/468] 	 loss: 0.02144, MAE: 0.03480, time/step=799ms, lr=9.97e-05
2023-04-18 21:48:30,279 - logger.py:50 - Epoch: [64] Target: [1] train MAE: 0.12495, val MAE: 0.24801, test MAE: 0.24916, Time: 392.32s
2023-04-18 21:48:30,280 - logger.py:50 - Best -- epoch=61, train MAE: 0.12148, val MAE: 0.23734, test MAE: 0.24460

2023-04-18 21:48:31,389 - logger.py:50 - Epoch: [65][0/468] 	 loss: 0.06262, MAE: 0.10163, time/step=1107ms, lr=4.44e-04
2023-04-18 21:49:50,089 - logger.py:50 - Epoch: [212][300/468] 	 loss: 0.02181, MAE: 0.03540, time/step=800ms, lr=9.97e-05
2023-04-18 21:49:52,130 - logger.py:50 - Epoch: [65][100/468] 	 loss: 0.07325, MAE: 0.11887, time/step=810ms, lr=4.44e-04
2023-04-18 21:51:08,855 - logger.py:50 - Epoch: [212][400/468] 	 loss: 0.02172, MAE: 0.03526, time/step=797ms, lr=9.97e-05
2023-04-18 21:51:12,108 - logger.py:50 - Epoch: [65][200/468] 	 loss: 0.07408, MAE: 0.12022, time/step=805ms, lr=4.44e-04
2023-04-18 21:52:02,538 - logger.py:50 - Epoch: [212][467/468] 	 loss: 0.02173, MAE: 0.03526, time/step=798ms, lr=9.97e-05
2023-04-18 21:52:15,237 - logger.py:50 - Epoch: [212] Target: [1] train MAE: 0.03526, val MAE: 0.21138, test MAE: 0.21356, Time: 385.94s
2023-04-18 21:52:15,237 - logger.py:50 - Best -- epoch=209, train MAE: 0.03580, val MAE: 0.21002, test MAE: 0.21507

2023-04-18 21:52:16,416 - logger.py:50 - Epoch: [213][0/468] 	 loss: 0.01929, MAE: 0.03131, time/step=1175ms, lr=9.76e-05
2023-04-18 21:52:32,758 - logger.py:50 - Epoch: [65][300/468] 	 loss: 0.07405, MAE: 0.12018, time/step=806ms, lr=4.44e-04
2023-04-18 21:53:37,337 - logger.py:50 - Epoch: [213][100/468] 	 loss: 0.02195, MAE: 0.03562, time/step=813ms, lr=9.76e-05
2023-04-18 21:53:53,050 - logger.py:50 - Epoch: [65][400/468] 	 loss: 0.07451, MAE: 0.12092, time/step=805ms, lr=4.44e-04
2023-04-18 21:54:47,512 - logger.py:50 - Epoch: [65][467/468] 	 loss: 0.07460, MAE: 0.12107, time/step=806ms, lr=4.44e-04
2023-04-18 21:54:57,278 - logger.py:50 - Epoch: [213][200/468] 	 loss: 0.02152, MAE: 0.03493, time/step=806ms, lr=9.76e-05
2023-04-18 21:55:01,504 - logger.py:50 - Epoch: [65] Target: [1] train MAE: 0.12107, val MAE: 0.23616, test MAE: 0.23815, Time: 391.22s
2023-04-18 21:55:01,504 - logger.py:50 - Best -- epoch=65, train MAE: 0.12107, val MAE: 0.23616, test MAE: 0.23815

2023-04-18 21:55:02,609 - logger.py:50 - Epoch: [66][0/468] 	 loss: 0.07595, MAE: 0.12326, time/step=1103ms, lr=4.43e-04
2023-04-18 21:56:16,229 - logger.py:50 - Epoch: [213][300/468] 	 loss: 0.02205, MAE: 0.03579, time/step=801ms, lr=9.76e-05
2023-04-18 21:56:23,128 - logger.py:50 - Epoch: [66][100/468] 	 loss: 0.07059, MAE: 0.11456, time/step=808ms, lr=4.43e-04
2023-04-18 21:57:35,466 - logger.py:50 - Epoch: [213][400/468] 	 loss: 0.02190, MAE: 0.03555, time/step=799ms, lr=9.76e-05
2023-04-18 21:57:43,522 - logger.py:50 - Epoch: [66][200/468] 	 loss: 0.07163, MAE: 0.11624, time/step=806ms, lr=4.43e-04
2023-04-18 21:58:28,555 - logger.py:50 - Epoch: [213][467/468] 	 loss: 0.02168, MAE: 0.03518, time/step=798ms, lr=9.76e-05
2023-04-18 21:58:41,265 - logger.py:50 - Epoch: [213] Target: [1] train MAE: 0.03518, val MAE: 0.21189, test MAE: 0.21374, Time: 386.03s
2023-04-18 21:58:41,265 - logger.py:50 - Best -- epoch=209, train MAE: 0.03580, val MAE: 0.21002, test MAE: 0.21507

2023-04-18 21:58:42,464 - logger.py:50 - Epoch: [214][0/468] 	 loss: 0.01916, MAE: 0.03110, time/step=1197ms, lr=9.55e-05
2023-04-18 21:59:04,252 - logger.py:50 - Epoch: [66][300/468] 	 loss: 0.07218, MAE: 0.11713, time/step=806ms, lr=4.43e-04
2023-04-18 22:00:02,995 - logger.py:50 - Epoch: [214][100/468] 	 loss: 0.02032, MAE: 0.03297, time/step=809ms, lr=9.55e-05
2023-04-18 22:00:24,920 - logger.py:50 - Epoch: [66][400/468] 	 loss: 0.07251, MAE: 0.11768, time/step=807ms, lr=4.43e-04
2023-04-18 22:01:19,089 - logger.py:50 - Epoch: [66][467/468] 	 loss: 0.07241, MAE: 0.11751, time/step=807ms, lr=4.43e-04
2023-04-18 22:01:21,908 - logger.py:50 - Epoch: [214][200/468] 	 loss: 0.02108, MAE: 0.03420, time/step=799ms, lr=9.55e-05
2023-04-18 22:01:33,099 - logger.py:50 - Epoch: [66] Target: [1] train MAE: 0.11751, val MAE: 0.24011, test MAE: 0.24252, Time: 391.59s
2023-04-18 22:01:33,100 - logger.py:50 - Best -- epoch=65, train MAE: 0.12107, val MAE: 0.23616, test MAE: 0.23815

2023-04-18 22:01:34,391 - logger.py:50 - Epoch: [67][0/468] 	 loss: 0.07217, MAE: 0.11713, time/step=1289ms, lr=4.41e-04
2023-04-18 22:02:41,653 - logger.py:50 - Epoch: [214][300/468] 	 loss: 0.02153, MAE: 0.03494, time/step=799ms, lr=9.55e-05
2023-04-18 22:02:55,362 - logger.py:50 - Epoch: [67][100/468] 	 loss: 0.07229, MAE: 0.11732, time/step=814ms, lr=4.41e-04
2023-04-18 22:04:02,065 - logger.py:50 - Epoch: [214][400/468] 	 loss: 0.02161, MAE: 0.03506, time/step=800ms, lr=9.55e-05
2023-04-18 22:04:15,569 - logger.py:50 - Epoch: [67][200/468] 	 loss: 0.07386, MAE: 0.11987, time/step=808ms, lr=4.41e-04
2023-04-18 22:04:55,124 - logger.py:50 - Epoch: [214][467/468] 	 loss: 0.02164, MAE: 0.03512, time/step=799ms, lr=9.55e-05
2023-04-18 22:05:07,753 - logger.py:50 - Epoch: [214] Target: [1] train MAE: 0.03512, val MAE: 0.21125, test MAE: 0.21676, Time: 386.49s
2023-04-18 22:05:07,754 - logger.py:50 - Best -- epoch=209, train MAE: 0.03580, val MAE: 0.21002, test MAE: 0.21507

2023-04-18 22:05:08,928 - logger.py:50 - Epoch: [215][0/468] 	 loss: 0.02091, MAE: 0.03393, time/step=1172ms, lr=9.35e-05
2023-04-18 22:05:36,456 - logger.py:50 - Epoch: [67][300/468] 	 loss: 0.07337, MAE: 0.11907, time/step=808ms, lr=4.41e-04
2023-04-18 22:06:28,408 - logger.py:50 - Epoch: [215][100/468] 	 loss: 0.02108, MAE: 0.03422, time/step=799ms, lr=9.35e-05
2023-04-18 22:06:57,148 - logger.py:50 - Epoch: [67][400/468] 	 loss: 0.07338, MAE: 0.11909, time/step=808ms, lr=4.41e-04
2023-04-18 22:07:47,462 - logger.py:50 - Epoch: [215][200/468] 	 loss: 0.02175, MAE: 0.03530, time/step=795ms, lr=9.35e-05
2023-04-18 22:07:50,579 - logger.py:50 - Epoch: [67][467/468] 	 loss: 0.07323, MAE: 0.11885, time/step=807ms, lr=4.41e-04
2023-04-18 22:08:04,522 - logger.py:50 - Epoch: [67] Target: [1] train MAE: 0.11885, val MAE: 0.23775, test MAE: 0.24232, Time: 391.42s
2023-04-18 22:08:04,523 - logger.py:50 - Best -- epoch=65, train MAE: 0.12107, val MAE: 0.23616, test MAE: 0.23815

2023-04-18 22:08:05,680 - logger.py:50 - Epoch: [68][0/468] 	 loss: 0.07962, MAE: 0.12921, time/step=1155ms, lr=4.39e-04
2023-04-18 22:09:06,998 - logger.py:50 - Epoch: [215][300/468] 	 loss: 0.02147, MAE: 0.03484, time/step=795ms, lr=9.35e-05
2023-04-18 22:09:26,687 - logger.py:50 - Epoch: [68][100/468] 	 loss: 0.06689, MAE: 0.10855, time/step=813ms, lr=4.39e-04
2023-04-18 22:10:27,161 - logger.py:50 - Epoch: [215][400/468] 	 loss: 0.02144, MAE: 0.03480, time/step=797ms, lr=9.35e-05
2023-04-18 22:10:47,747 - logger.py:50 - Epoch: [68][200/468] 	 loss: 0.06787, MAE: 0.11015, time/step=812ms, lr=4.39e-04
2023-04-18 22:11:20,523 - logger.py:50 - Epoch: [215][467/468] 	 loss: 0.02144, MAE: 0.03479, time/step=797ms, lr=9.35e-05
2023-04-18 22:11:33,214 - logger.py:50 - Epoch: [215] Target: [1] train MAE: 0.03479, val MAE: 0.21255, test MAE: 0.21683, Time: 385.46s
2023-04-18 22:11:33,214 - logger.py:50 - Best -- epoch=209, train MAE: 0.03580, val MAE: 0.21002, test MAE: 0.21507

2023-04-18 22:11:34,331 - logger.py:50 - Epoch: [216][0/468] 	 loss: 0.02125, MAE: 0.03448, time/step=1114ms, lr=9.15e-05
2023-04-18 22:12:08,446 - logger.py:50 - Epoch: [68][300/468] 	 loss: 0.07021, MAE: 0.11394, time/step=810ms, lr=4.39e-04
2023-04-18 22:12:54,644 - logger.py:50 - Epoch: [216][100/468] 	 loss: 0.02087, MAE: 0.03387, time/step=806ms, lr=9.15e-05
2023-04-18 22:13:28,235 - logger.py:50 - Epoch: [68][400/468] 	 loss: 0.07013, MAE: 0.11382, time/step=807ms, lr=4.39e-04
2023-04-18 22:14:14,417 - logger.py:50 - Epoch: [216][200/468] 	 loss: 0.02108, MAE: 0.03422, time/step=802ms, lr=9.15e-05
2023-04-18 22:14:22,084 - logger.py:50 - Epoch: [68][467/468] 	 loss: 0.06963, MAE: 0.11300, time/step=807ms, lr=4.39e-04
2023-04-18 22:14:36,080 - logger.py:50 - Epoch: [68] Target: [1] train MAE: 0.11300, val MAE: 0.24148, test MAE: 0.24034, Time: 391.56s
2023-04-18 22:14:36,081 - logger.py:50 - Best -- epoch=65, train MAE: 0.12107, val MAE: 0.23616, test MAE: 0.23815

2023-04-18 22:14:37,233 - logger.py:50 - Epoch: [69][0/468] 	 loss: 0.06189, MAE: 0.10044, time/step=1149ms, lr=4.38e-04
2023-04-18 22:15:33,768 - logger.py:50 - Epoch: [216][300/468] 	 loss: 0.02140, MAE: 0.03472, time/step=799ms, lr=9.15e-05
2023-04-18 22:15:57,419 - logger.py:50 - Epoch: [69][100/468] 	 loss: 0.06752, MAE: 0.10958, time/step=805ms, lr=4.38e-04
2023-04-18 22:16:52,447 - logger.py:50 - Epoch: [216][400/468] 	 loss: 0.02135, MAE: 0.03465, time/step=796ms, lr=9.15e-05
2023-04-18 22:17:17,585 - logger.py:50 - Epoch: [69][200/468] 	 loss: 0.06596, MAE: 0.10704, time/step=803ms, lr=4.38e-04
2023-04-18 22:17:45,941 - logger.py:50 - Epoch: [216][467/468] 	 loss: 0.02114, MAE: 0.03430, time/step=796ms, lr=9.15e-05
2023-04-18 22:17:58,556 - logger.py:50 - Epoch: [216] Target: [1] train MAE: 0.03430, val MAE: 0.21170, test MAE: 0.21770, Time: 385.34s
2023-04-18 22:17:58,557 - logger.py:50 - Best -- epoch=209, train MAE: 0.03580, val MAE: 0.21002, test MAE: 0.21507

2023-04-18 22:17:59,605 - logger.py:50 - Epoch: [217][0/468] 	 loss: 0.03563, MAE: 0.05782, time/step=1047ms, lr=8.95e-05
2023-04-18 22:18:39,230 - logger.py:50 - Epoch: [69][300/468] 	 loss: 0.06606, MAE: 0.10721, time/step=808ms, lr=4.38e-04
2023-04-18 22:19:19,395 - logger.py:50 - Epoch: [217][100/468] 	 loss: 0.02101, MAE: 0.03409, time/step=800ms, lr=8.95e-05
2023-04-18 22:20:00,345 - logger.py:50 - Epoch: [69][400/468] 	 loss: 0.06609, MAE: 0.10726, time/step=809ms, lr=4.38e-04
2023-04-18 22:20:40,261 - logger.py:50 - Epoch: [217][200/468] 	 loss: 0.02141, MAE: 0.03475, time/step=804ms, lr=8.95e-05
2023-04-18 22:20:54,624 - logger.py:50 - Epoch: [69][467/468] 	 loss: 0.06668, MAE: 0.10822, time/step=809ms, lr=4.38e-04
2023-04-18 22:21:08,609 - logger.py:50 - Epoch: [69] Target: [1] train MAE: 0.10822, val MAE: 0.23766, test MAE: 0.24147, Time: 392.53s
2023-04-18 22:21:08,609 - logger.py:50 - Best -- epoch=65, train MAE: 0.12107, val MAE: 0.23616, test MAE: 0.23815

2023-04-18 22:21:10,228 - logger.py:50 - Epoch: [70][0/468] 	 loss: 0.10022, MAE: 0.16264, time/step=1616ms, lr=4.36e-04
2023-04-18 22:21:59,511 - logger.py:50 - Epoch: [217][300/468] 	 loss: 0.02146, MAE: 0.03483, time/step=801ms, lr=8.95e-05
2023-04-18 22:22:30,259 - logger.py:50 - Epoch: [70][100/468] 	 loss: 0.06470, MAE: 0.10500, time/step=808ms, lr=4.36e-04
2023-04-18 22:23:18,824 - logger.py:50 - Epoch: [217][400/468] 	 loss: 0.02110, MAE: 0.03425, time/step=799ms, lr=8.95e-05
2023-04-18 22:23:50,639 - logger.py:50 - Epoch: [70][200/468] 	 loss: 0.06687, MAE: 0.10852, time/step=806ms, lr=4.36e-04
2023-04-18 22:24:12,521 - logger.py:50 - Epoch: [217][467/468] 	 loss: 0.02100, MAE: 0.03409, time/step=799ms, lr=8.95e-05
2023-04-18 22:24:25,281 - logger.py:50 - Epoch: [217] Target: [1] train MAE: 0.03409, val MAE: 0.21236, test MAE: 0.21587, Time: 386.72s
2023-04-18 22:24:25,281 - logger.py:50 - Best -- epoch=209, train MAE: 0.03580, val MAE: 0.21002, test MAE: 0.21507

2023-04-18 22:24:26,385 - logger.py:50 - Epoch: [218][0/468] 	 loss: 0.01962, MAE: 0.03184, time/step=1101ms, lr=8.75e-05
2023-04-18 22:25:11,781 - logger.py:50 - Epoch: [70][300/468] 	 loss: 0.06796, MAE: 0.11029, time/step=808ms, lr=4.36e-04
2023-04-18 22:25:45,872 - logger.py:50 - Epoch: [218][100/468] 	 loss: 0.02052, MAE: 0.03329, time/step=798ms, lr=8.75e-05
2023-04-18 22:26:32,711 - logger.py:50 - Epoch: [70][400/468] 	 loss: 0.06762, MAE: 0.10975, time/step=808ms, lr=4.36e-04
2023-04-18 22:27:05,527 - logger.py:50 - Epoch: [218][200/468] 	 loss: 0.02018, MAE: 0.03276, time/step=797ms, lr=8.75e-05
2023-04-18 22:27:26,458 - logger.py:50 - Epoch: [70][467/468] 	 loss: 0.06740, MAE: 0.10939, time/step=807ms, lr=4.36e-04
2023-04-18 22:27:40,435 - logger.py:50 - Epoch: [70] Target: [1] train MAE: 0.10939, val MAE: 0.23861, test MAE: 0.23635, Time: 391.83s
2023-04-18 22:27:40,435 - logger.py:50 - Best -- epoch=65, train MAE: 0.12107, val MAE: 0.23616, test MAE: 0.23815

2023-04-18 22:27:41,584 - logger.py:50 - Epoch: [71][0/468] 	 loss: 0.05100, MAE: 0.08277, time/step=1147ms, lr=4.34e-04
2023-04-18 22:28:24,529 - logger.py:50 - Epoch: [218][300/468] 	 loss: 0.02053, MAE: 0.03332, time/step=795ms, lr=8.75e-05
2023-04-18 22:29:02,111 - logger.py:50 - Epoch: [71][100/468] 	 loss: 0.06662, MAE: 0.10812, time/step=809ms, lr=4.34e-04
2023-04-18 22:29:44,441 - logger.py:50 - Epoch: [218][400/468] 	 loss: 0.02079, MAE: 0.03374, time/step=796ms, lr=8.75e-05
2023-04-18 22:30:23,358 - logger.py:50 - Epoch: [71][200/468] 	 loss: 0.06652, MAE: 0.10795, time/step=811ms, lr=4.34e-04
2023-04-18 22:30:37,712 - logger.py:50 - Epoch: [218][467/468] 	 loss: 0.02104, MAE: 0.03414, time/step=796ms, lr=8.75e-05
2023-04-18 22:30:50,366 - logger.py:50 - Epoch: [218] Target: [1] train MAE: 0.03414, val MAE: 0.21205, test MAE: 0.21416, Time: 385.08s
2023-04-18 22:30:50,366 - logger.py:50 - Best -- epoch=209, train MAE: 0.03580, val MAE: 0.21002, test MAE: 0.21507

2023-04-18 22:30:51,489 - logger.py:50 - Epoch: [219][0/468] 	 loss: 0.02598, MAE: 0.04216, time/step=1119ms, lr=8.55e-05
2023-04-18 22:31:43,343 - logger.py:50 - Epoch: [71][300/468] 	 loss: 0.06624, MAE: 0.10750, time/step=807ms, lr=4.34e-04
2023-04-18 22:32:11,944 - logger.py:50 - Epoch: [219][100/468] 	 loss: 0.02048, MAE: 0.03323, time/step=808ms, lr=8.55e-05
2023-04-18 22:33:03,603 - logger.py:50 - Epoch: [71][400/468] 	 loss: 0.06761, MAE: 0.10972, time/step=806ms, lr=4.34e-04
2023-04-18 22:33:30,706 - logger.py:50 - Epoch: [219][200/468] 	 loss: 0.02078, MAE: 0.03373, time/step=798ms, lr=8.55e-05
2023-04-18 22:33:57,574 - logger.py:50 - Epoch: [71][467/468] 	 loss: 0.06811, MAE: 0.11053, time/step=806ms, lr=4.34e-04
2023-04-18 22:34:11,562 - logger.py:50 - Epoch: [71] Target: [1] train MAE: 0.11053, val MAE: 0.24208, test MAE: 0.24367, Time: 391.13s
2023-04-18 22:34:11,562 - logger.py:50 - Best -- epoch=65, train MAE: 0.12107, val MAE: 0.23616, test MAE: 0.23815

2023-04-18 22:34:12,767 - logger.py:50 - Epoch: [72][0/468] 	 loss: 0.06781, MAE: 0.11005, time/step=1203ms, lr=4.32e-04
2023-04-18 22:34:50,094 - logger.py:50 - Epoch: [219][300/468] 	 loss: 0.02055, MAE: 0.03335, time/step=796ms, lr=8.55e-05
2023-04-18 22:35:32,765 - logger.py:50 - Epoch: [72][100/468] 	 loss: 0.06530, MAE: 0.10597, time/step=804ms, lr=4.32e-04
2023-04-18 22:36:09,779 - logger.py:50 - Epoch: [219][400/468] 	 loss: 0.02083, MAE: 0.03381, time/step=797ms, lr=8.55e-05
2023-04-18 22:36:54,214 - logger.py:50 - Epoch: [72][200/468] 	 loss: 0.06612, MAE: 0.10730, time/step=809ms, lr=4.32e-04
2023-04-18 22:37:03,286 - logger.py:50 - Epoch: [219][467/468] 	 loss: 0.02074, MAE: 0.03365, time/step=797ms, lr=8.55e-05
2023-04-18 22:37:15,960 - logger.py:50 - Epoch: [219] Target: [1] train MAE: 0.03365, val MAE: 0.21161, test MAE: 0.21566, Time: 385.59s
2023-04-18 22:37:15,961 - logger.py:50 - Best -- epoch=209, train MAE: 0.03580, val MAE: 0.21002, test MAE: 0.21507

2023-04-18 22:37:17,108 - logger.py:50 - Epoch: [220][0/468] 	 loss: 0.02133, MAE: 0.03462, time/step=1145ms, lr=8.36e-05
2023-04-18 22:38:14,453 - logger.py:50 - Epoch: [72][300/468] 	 loss: 0.06637, MAE: 0.10772, time/step=807ms, lr=4.32e-04
2023-04-18 22:38:36,976 - logger.py:50 - Epoch: [220][100/468] 	 loss: 0.02153, MAE: 0.03494, time/step=802ms, lr=8.36e-05
2023-04-18 22:39:34,505 - logger.py:50 - Epoch: [72][400/468] 	 loss: 0.06628, MAE: 0.10757, time/step=805ms, lr=4.32e-04
2023-04-18 22:39:56,518 - logger.py:50 - Epoch: [220][200/468] 	 loss: 0.02070, MAE: 0.03359, time/step=799ms, lr=8.36e-05
2023-04-18 22:40:28,891 - logger.py:50 - Epoch: [72][467/468] 	 loss: 0.06650, MAE: 0.10792, time/step=806ms, lr=4.32e-04
2023-04-18 22:40:42,818 - logger.py:50 - Epoch: [72] Target: [1] train MAE: 0.10792, val MAE: 0.24156, test MAE: 0.24924, Time: 391.26s
2023-04-18 22:40:42,818 - logger.py:50 - Best -- epoch=65, train MAE: 0.12107, val MAE: 0.23616, test MAE: 0.23815

2023-04-18 22:40:44,078 - logger.py:50 - Epoch: [73][0/468] 	 loss: 0.06948, MAE: 0.11276, time/step=1258ms, lr=4.31e-04
2023-04-18 22:41:16,157 - logger.py:50 - Epoch: [220][300/468] 	 loss: 0.02092, MAE: 0.03396, time/step=798ms, lr=8.36e-05
2023-04-18 22:42:04,324 - logger.py:50 - Epoch: [73][100/468] 	 loss: 0.06570, MAE: 0.10663, time/step=807ms, lr=4.31e-04
2023-04-18 22:42:35,888 - logger.py:50 - Epoch: [220][400/468] 	 loss: 0.02072, MAE: 0.03363, time/step=798ms, lr=8.36e-05
2023-04-18 22:43:24,845 - logger.py:50 - Epoch: [73][200/468] 	 loss: 0.06511, MAE: 0.10567, time/step=806ms, lr=4.31e-04
2023-04-18 22:43:28,921 - logger.py:50 - Epoch: [220][467/468] 	 loss: 0.02091, MAE: 0.03393, time/step=797ms, lr=8.36e-05
2023-04-18 22:43:41,520 - logger.py:50 - Epoch: [220] Target: [1] train MAE: 0.03393, val MAE: 0.21157, test MAE: 0.21578, Time: 385.56s
2023-04-18 22:43:41,520 - logger.py:50 - Best -- epoch=209, train MAE: 0.03580, val MAE: 0.21002, test MAE: 0.21507

2023-04-18 22:43:42,653 - logger.py:50 - Epoch: [221][0/468] 	 loss: 0.03753, MAE: 0.06091, time/step=1131ms, lr=8.16e-05
2023-04-18 22:44:45,494 - logger.py:50 - Epoch: [73][300/468] 	 loss: 0.06551, MAE: 0.10632, time/step=806ms, lr=4.31e-04
2023-04-18 22:45:02,571 - logger.py:50 - Epoch: [221][100/468] 	 loss: 0.01991, MAE: 0.03232, time/step=802ms, lr=8.16e-05
2023-04-18 22:46:06,222 - logger.py:50 - Epoch: [73][400/468] 	 loss: 0.06570, MAE: 0.10663, time/step=806ms, lr=4.31e-04
2023-04-18 22:46:22,956 - logger.py:50 - Epoch: [221][200/468] 	 loss: 0.02030, MAE: 0.03295, time/step=803ms, lr=8.16e-05
2023-04-18 22:47:00,189 - logger.py:50 - Epoch: [73][467/468] 	 loss: 0.06570, MAE: 0.10663, time/step=806ms, lr=4.31e-04
2023-04-18 22:47:14,178 - logger.py:50 - Epoch: [73] Target: [1] train MAE: 0.10663, val MAE: 0.23409, test MAE: 0.24454, Time: 391.36s
2023-04-18 22:47:14,178 - logger.py:50 - Best -- epoch=73, train MAE: 0.10663, val MAE: 0.23409, test MAE: 0.24454

2023-04-18 22:47:15,371 - logger.py:50 - Epoch: [74][0/468] 	 loss: 0.05421, MAE: 0.08797, time/step=1190ms, lr=4.29e-04
2023-04-18 22:47:42,199 - logger.py:50 - Epoch: [221][300/468] 	 loss: 0.02030, MAE: 0.03295, time/step=800ms, lr=8.16e-05
2023-04-18 22:48:35,557 - logger.py:50 - Epoch: [74][100/468] 	 loss: 0.06244, MAE: 0.10134, time/step=806ms, lr=4.29e-04
2023-04-18 22:49:01,748 - logger.py:50 - Epoch: [221][400/468] 	 loss: 0.02041, MAE: 0.03312, time/step=799ms, lr=8.16e-05
2023-04-18 22:49:55,426 - logger.py:50 - Epoch: [221][467/468] 	 loss: 0.02054, MAE: 0.03334, time/step=799ms, lr=8.16e-05
2023-04-18 22:49:56,096 - logger.py:50 - Epoch: [74][200/468] 	 loss: 0.06171, MAE: 0.10015, time/step=806ms, lr=4.29e-04
2023-04-18 22:50:08,026 - logger.py:50 - Epoch: [221] Target: [1] train MAE: 0.03334, val MAE: 0.21042, test MAE: 0.21533, Time: 386.51s
2023-04-18 22:50:08,027 - logger.py:50 - Best -- epoch=209, train MAE: 0.03580, val MAE: 0.21002, test MAE: 0.21507

2023-04-18 22:50:09,210 - logger.py:50 - Epoch: [222][0/468] 	 loss: 0.02007, MAE: 0.03256, time/step=1181ms, lr=7.97e-05
2023-04-18 22:51:16,442 - logger.py:50 - Epoch: [74][300/468] 	 loss: 0.06285, MAE: 0.10200, time/step=805ms, lr=4.29e-04
2023-04-18 22:51:28,493 - logger.py:50 - Epoch: [222][100/468] 	 loss: 0.02039, MAE: 0.03309, time/step=797ms, lr=7.97e-05
2023-04-18 22:52:36,662 - logger.py:50 - Epoch: [74][400/468] 	 loss: 0.06352, MAE: 0.10308, time/step=804ms, lr=4.29e-04
2023-04-18 22:52:47,650 - logger.py:50 - Epoch: [222][200/468] 	 loss: 0.02061, MAE: 0.03346, time/step=794ms, lr=7.97e-05
2023-04-18 22:53:31,876 - logger.py:50 - Epoch: [74][467/468] 	 loss: 0.06360, MAE: 0.10322, time/step=807ms, lr=4.29e-04
2023-04-18 22:53:45,857 - logger.py:50 - Epoch: [74] Target: [1] train MAE: 0.10322, val MAE: 0.23506, test MAE: 0.24659, Time: 391.68s
2023-04-18 22:53:45,858 - logger.py:50 - Best -- epoch=73, train MAE: 0.10663, val MAE: 0.23409, test MAE: 0.24454

2023-04-18 22:53:46,934 - logger.py:50 - Epoch: [75][0/468] 	 loss: 0.08780, MAE: 0.14249, time/step=1074ms, lr=4.27e-04
2023-04-18 22:54:08,490 - logger.py:50 - Epoch: [222][300/468] 	 loss: 0.02060, MAE: 0.03343, time/step=799ms, lr=7.97e-05
2023-04-18 22:55:07,689 - logger.py:50 - Epoch: [75][100/468] 	 loss: 0.06197, MAE: 0.10057, time/step=810ms, lr=4.27e-04
2023-04-18 22:55:27,621 - logger.py:50 - Epoch: [222][400/468] 	 loss: 0.02056, MAE: 0.03337, time/step=797ms, lr=7.97e-05
2023-04-18 22:56:20,528 - logger.py:50 - Epoch: [222][467/468] 	 loss: 0.02055, MAE: 0.03336, time/step=796ms, lr=7.97e-05
2023-04-18 22:56:28,282 - logger.py:50 - Epoch: [75][200/468] 	 loss: 0.06498, MAE: 0.10546, time/step=808ms, lr=4.27e-04
2023-04-18 22:56:33,189 - logger.py:50 - Epoch: [222] Target: [1] train MAE: 0.03336, val MAE: 0.21182, test MAE: 0.21769, Time: 385.16s
2023-04-18 22:56:33,189 - logger.py:50 - Best -- epoch=209, train MAE: 0.03580, val MAE: 0.21002, test MAE: 0.21507

2023-04-18 22:56:34,360 - logger.py:50 - Epoch: [223][0/468] 	 loss: 0.01949, MAE: 0.03163, time/step=1168ms, lr=7.78e-05
2023-04-18 22:57:49,276 - logger.py:50 - Epoch: [75][300/468] 	 loss: 0.06502, MAE: 0.10552, time/step=809ms, lr=4.27e-04
2023-04-18 22:57:53,358 - logger.py:50 - Epoch: [223][100/468] 	 loss: 0.01927, MAE: 0.03128, time/step=794ms, lr=7.78e-05
2023-04-18 22:59:10,167 - logger.py:50 - Epoch: [75][400/468] 	 loss: 0.06457, MAE: 0.10478, time/step=809ms, lr=4.27e-04
2023-04-18 22:59:12,670 - logger.py:50 - Epoch: [223][200/468] 	 loss: 0.02009, MAE: 0.03260, time/step=793ms, lr=7.78e-05
2023-04-18 23:00:03,561 - logger.py:50 - Epoch: [75][467/468] 	 loss: 0.06453, MAE: 0.10473, time/step=807ms, lr=4.27e-04
2023-04-18 23:00:17,523 - logger.py:50 - Epoch: [75] Target: [1] train MAE: 0.10473, val MAE: 0.23281, test MAE: 0.23655, Time: 391.67s
2023-04-18 23:00:17,524 - logger.py:50 - Best -- epoch=75, train MAE: 0.10473, val MAE: 0.23281, test MAE: 0.23655

2023-04-18 23:00:18,679 - logger.py:50 - Epoch: [76][0/468] 	 loss: 0.05332, MAE: 0.08653, time/step=1152ms, lr=4.25e-04
2023-04-18 23:00:32,136 - logger.py:50 - Epoch: [223][300/468] 	 loss: 0.02028, MAE: 0.03291, time/step=794ms, lr=7.78e-05
2023-04-18 23:01:39,223 - logger.py:50 - Epoch: [76][100/468] 	 loss: 0.06163, MAE: 0.10001, time/step=809ms, lr=4.25e-04
2023-04-18 23:01:52,132 - logger.py:50 - Epoch: [223][400/468] 	 loss: 0.02048, MAE: 0.03324, time/step=795ms, lr=7.78e-05
2023-04-18 23:02:45,143 - logger.py:50 - Epoch: [223][467/468] 	 loss: 0.02035, MAE: 0.03302, time/step=795ms, lr=7.78e-05
2023-04-18 23:02:57,751 - logger.py:50 - Epoch: [223] Target: [1] train MAE: 0.03302, val MAE: 0.21137, test MAE: 0.21436, Time: 384.56s
2023-04-18 23:02:57,751 - logger.py:50 - Best -- epoch=209, train MAE: 0.03580, val MAE: 0.21002, test MAE: 0.21507

2023-04-18 23:02:58,984 - logger.py:50 - Epoch: [224][0/468] 	 loss: 0.01605, MAE: 0.02604, time/step=1230ms, lr=7.59e-05
2023-04-18 23:03:00,068 - logger.py:50 - Epoch: [76][200/468] 	 loss: 0.06235, MAE: 0.10119, time/step=809ms, lr=4.25e-04
2023-04-18 23:04:18,291 - logger.py:50 - Epoch: [224][100/468] 	 loss: 0.01970, MAE: 0.03197, time/step=797ms, lr=7.59e-05
2023-04-18 23:04:20,926 - logger.py:50 - Epoch: [76][300/468] 	 loss: 0.06254, MAE: 0.10150, time/step=809ms, lr=4.25e-04
2023-04-18 23:05:38,050 - logger.py:50 - Epoch: [224][200/468] 	 loss: 0.02022, MAE: 0.03281, time/step=797ms, lr=7.59e-05
2023-04-18 23:05:40,862 - logger.py:50 - Epoch: [76][400/468] 	 loss: 0.06310, MAE: 0.10241, time/step=806ms, lr=4.25e-04
2023-04-18 23:06:34,748 - logger.py:50 - Epoch: [76][467/468] 	 loss: 0.06386, MAE: 0.10364, time/step=806ms, lr=4.25e-04
2023-04-18 23:06:48,734 - logger.py:50 - Epoch: [76] Target: [1] train MAE: 0.10364, val MAE: 0.23333, test MAE: 0.24090, Time: 391.21s
2023-04-18 23:06:48,734 - logger.py:50 - Best -- epoch=75, train MAE: 0.10473, val MAE: 0.23281, test MAE: 0.23655

2023-04-18 23:06:49,890 - logger.py:50 - Epoch: [77][0/468] 	 loss: 0.05195, MAE: 0.08430, time/step=1153ms, lr=4.23e-04
2023-04-18 23:06:56,938 - logger.py:50 - Epoch: [224][300/468] 	 loss: 0.02056, MAE: 0.03337, time/step=795ms, lr=7.59e-05
2023-04-18 23:08:10,487 - logger.py:50 - Epoch: [77][100/468] 	 loss: 0.06324, MAE: 0.10263, time/step=809ms, lr=4.23e-04
2023-04-18 23:08:16,693 - logger.py:50 - Epoch: [224][400/468] 	 loss: 0.02055, MAE: 0.03336, time/step=795ms, lr=7.59e-05
2023-04-18 23:09:10,059 - logger.py:50 - Epoch: [224][467/468] 	 loss: 0.02040, MAE: 0.03310, time/step=796ms, lr=7.59e-05
2023-04-18 23:09:22,702 - logger.py:50 - Epoch: [224] Target: [1] train MAE: 0.03310, val MAE: 0.21074, test MAE: 0.21541, Time: 384.95s
2023-04-18 23:09:22,702 - logger.py:50 - Best -- epoch=209, train MAE: 0.03580, val MAE: 0.21002, test MAE: 0.21507

2023-04-18 23:09:23,820 - logger.py:50 - Epoch: [225][0/468] 	 loss: 0.01190, MAE: 0.01931, time/step=1115ms, lr=7.41e-05
2023-04-18 23:09:31,534 - logger.py:50 - Epoch: [77][200/468] 	 loss: 0.06264, MAE: 0.10165, time/step=810ms, lr=4.23e-04
2023-04-18 23:10:42,738 - logger.py:50 - Epoch: [225][100/468] 	 loss: 0.02173, MAE: 0.03527, time/step=792ms, lr=7.41e-05
2023-04-18 23:10:51,252 - logger.py:50 - Epoch: [77][300/468] 	 loss: 0.06231, MAE: 0.10113, time/step=806ms, lr=4.23e-04
2023-04-18 23:12:02,092 - logger.py:50 - Epoch: [225][200/468] 	 loss: 0.02074, MAE: 0.03366, time/step=793ms, lr=7.41e-05
2023-04-18 23:12:12,470 - logger.py:50 - Epoch: [77][400/468] 	 loss: 0.06262, MAE: 0.10162, time/step=807ms, lr=4.23e-04
2023-04-18 23:13:06,109 - logger.py:50 - Epoch: [77][467/468] 	 loss: 0.06313, MAE: 0.10245, time/step=806ms, lr=4.23e-04
2023-04-18 23:13:20,134 - logger.py:50 - Epoch: [77] Target: [1] train MAE: 0.10245, val MAE: 0.23691, test MAE: 0.23574, Time: 391.40s
2023-04-18 23:13:20,134 - logger.py:50 - Best -- epoch=75, train MAE: 0.10473, val MAE: 0.23281, test MAE: 0.23655

2023-04-18 23:13:21,153 - logger.py:50 - Epoch: [78][0/468] 	 loss: 0.04894, MAE: 0.07942, time/step=1017ms, lr=4.21e-04
2023-04-18 23:13:22,158 - logger.py:50 - Epoch: [225][300/468] 	 loss: 0.02035, MAE: 0.03302, time/step=796ms, lr=7.41e-05
2023-04-18 23:14:40,431 - logger.py:50 - Epoch: [78][100/468] 	 loss: 0.06334, MAE: 0.10279, time/step=795ms, lr=4.21e-04
2023-04-18 23:14:41,290 - logger.py:50 - Epoch: [225][400/468] 	 loss: 0.02033, MAE: 0.03299, time/step=794ms, lr=7.41e-05
2023-04-18 23:15:34,465 - logger.py:50 - Epoch: [225][467/468] 	 loss: 0.02026, MAE: 0.03288, time/step=794ms, lr=7.41e-05
2023-04-18 23:15:47,060 - logger.py:50 - Epoch: [225] Target: [1] train MAE: 0.03288, val MAE: 0.21047, test MAE: 0.21466, Time: 384.36s
2023-04-18 23:15:47,060 - logger.py:50 - Best -- epoch=209, train MAE: 0.03580, val MAE: 0.21002, test MAE: 0.21507

2023-04-18 23:15:48,154 - logger.py:50 - Epoch: [226][0/468] 	 loss: 0.01329, MAE: 0.02158, time/step=1091ms, lr=7.22e-05
2023-04-18 23:16:01,057 - logger.py:50 - Epoch: [78][200/468] 	 loss: 0.06241, MAE: 0.10128, time/step=801ms, lr=4.21e-04
2023-04-18 23:17:07,667 - logger.py:50 - Epoch: [226][100/468] 	 loss: 0.01930, MAE: 0.03132, time/step=798ms, lr=7.22e-05
2023-04-18 23:17:20,810 - logger.py:50 - Epoch: [78][300/468] 	 loss: 0.06179, MAE: 0.10028, time/step=800ms, lr=4.21e-04
2023-04-18 23:18:27,825 - logger.py:50 - Epoch: [226][200/468] 	 loss: 0.01982, MAE: 0.03216, time/step=800ms, lr=7.22e-05
2023-04-18 23:18:42,302 - logger.py:50 - Epoch: [78][400/468] 	 loss: 0.06230, MAE: 0.10111, time/step=803ms, lr=4.21e-04
2023-04-18 23:19:36,928 - logger.py:50 - Epoch: [78][467/468] 	 loss: 0.06347, MAE: 0.10300, time/step=805ms, lr=4.21e-04
2023-04-18 23:19:46,793 - logger.py:50 - Epoch: [226][300/468] 	 loss: 0.02020, MAE: 0.03278, time/step=796ms, lr=7.22e-05
2023-04-18 23:19:50,948 - logger.py:50 - Epoch: [78] Target: [1] train MAE: 0.10300, val MAE: 0.24204, test MAE: 0.24064, Time: 390.81s
2023-04-18 23:19:50,949 - logger.py:50 - Best -- epoch=75, train MAE: 0.10473, val MAE: 0.23281, test MAE: 0.23655

2023-04-18 23:19:52,073 - logger.py:50 - Epoch: [79][0/468] 	 loss: 0.05372, MAE: 0.08718, time/step=1122ms, lr=4.19e-04
2023-04-18 23:21:06,673 - logger.py:50 - Epoch: [226][400/468] 	 loss: 0.02018, MAE: 0.03274, time/step=797ms, lr=7.22e-05
2023-04-18 23:21:12,597 - logger.py:50 - Epoch: [79][100/468] 	 loss: 0.06413, MAE: 0.10407, time/step=808ms, lr=4.19e-04
2023-04-18 23:22:00,066 - logger.py:50 - Epoch: [226][467/468] 	 loss: 0.02013, MAE: 0.03267, time/step=797ms, lr=7.22e-05
2023-04-18 23:22:12,716 - logger.py:50 - Epoch: [226] Target: [1] train MAE: 0.03267, val MAE: 0.21120, test MAE: 0.21510, Time: 385.66s
2023-04-18 23:22:12,716 - logger.py:50 - Best -- epoch=209, train MAE: 0.03580, val MAE: 0.21002, test MAE: 0.21507

2023-04-18 23:22:13,871 - logger.py:50 - Epoch: [227][0/468] 	 loss: 0.01926, MAE: 0.03126, time/step=1151ms, lr=7.04e-05
2023-04-18 23:22:33,698 - logger.py:50 - Epoch: [79][200/468] 	 loss: 0.06283, MAE: 0.10196, time/step=810ms, lr=4.19e-04
2023-04-18 23:23:33,154 - logger.py:50 - Epoch: [227][100/468] 	 loss: 0.02003, MAE: 0.03250, time/step=796ms, lr=7.04e-05
2023-04-18 23:23:53,860 - logger.py:50 - Epoch: [79][300/468] 	 loss: 0.06322, MAE: 0.10260, time/step=807ms, lr=4.19e-04
2023-04-18 23:24:53,774 - logger.py:50 - Epoch: [227][200/468] 	 loss: 0.01908, MAE: 0.03097, time/step=801ms, lr=7.04e-05
2023-04-18 23:25:15,102 - logger.py:50 - Epoch: [79][400/468] 	 loss: 0.06293, MAE: 0.10212, time/step=808ms, lr=4.19e-04
2023-04-18 23:26:09,250 - logger.py:50 - Epoch: [79][467/468] 	 loss: 0.06377, MAE: 0.10349, time/step=808ms, lr=4.19e-04
2023-04-18 23:26:14,120 - logger.py:50 - Epoch: [227][300/468] 	 loss: 0.01967, MAE: 0.03193, time/step=802ms, lr=7.04e-05
2023-04-18 23:26:23,227 - logger.py:50 - Epoch: [79] Target: [1] train MAE: 0.10349, val MAE: 0.23537, test MAE: 0.23932, Time: 392.28s
2023-04-18 23:26:23,227 - logger.py:50 - Best -- epoch=75, train MAE: 0.10473, val MAE: 0.23281, test MAE: 0.23655

2023-04-18 23:26:24,940 - logger.py:50 - Epoch: [80][0/468] 	 loss: 0.10155, MAE: 0.16481, time/step=1710ms, lr=4.17e-04
2023-04-18 23:27:32,771 - logger.py:50 - Epoch: [227][400/468] 	 loss: 0.01985, MAE: 0.03221, time/step=798ms, lr=7.04e-05
2023-04-18 23:27:45,130 - logger.py:50 - Epoch: [80][100/468] 	 loss: 0.06041, MAE: 0.09804, time/step=811ms, lr=4.17e-04
2023-04-18 23:28:26,332 - logger.py:50 - Epoch: [227][467/468] 	 loss: 0.02001, MAE: 0.03248, time/step=798ms, lr=7.04e-05
2023-04-18 23:28:39,407 - logger.py:50 - Epoch: [227] Target: [1] train MAE: 0.03248, val MAE: 0.21133, test MAE: 0.21381, Time: 386.69s
2023-04-18 23:28:39,407 - logger.py:50 - Best -- epoch=209, train MAE: 0.03580, val MAE: 0.21002, test MAE: 0.21507

2023-04-18 23:28:40,522 - logger.py:50 - Epoch: [228][0/468] 	 loss: 0.01477, MAE: 0.02396, time/step=1113ms, lr=6.86e-05
2023-04-18 23:29:05,570 - logger.py:50 - Epoch: [80][200/468] 	 loss: 0.06075, MAE: 0.09859, time/step=808ms, lr=4.17e-04
2023-04-18 23:30:00,236 - logger.py:50 - Epoch: [228][100/468] 	 loss: 0.01880, MAE: 0.03052, time/step=800ms, lr=6.86e-05
2023-04-18 23:30:26,156 - logger.py:50 - Epoch: [80][300/468] 	 loss: 0.06095, MAE: 0.09891, time/step=807ms, lr=4.17e-04
2023-04-18 23:31:19,443 - logger.py:50 - Epoch: [228][200/468] 	 loss: 0.01935, MAE: 0.03140, time/step=796ms, lr=6.86e-05
2023-04-18 23:31:47,128 - logger.py:50 - Epoch: [80][400/468] 	 loss: 0.06095, MAE: 0.09892, time/step=808ms, lr=4.17e-04
2023-04-18 23:32:38,952 - logger.py:50 - Epoch: [228][300/468] 	 loss: 0.01939, MAE: 0.03147, time/step=796ms, lr=6.86e-05
2023-04-18 23:32:40,914 - logger.py:50 - Epoch: [80][467/468] 	 loss: 0.06101, MAE: 0.09902, time/step=807ms, lr=4.17e-04
2023-04-18 23:32:54,964 - logger.py:50 - Epoch: [80] Target: [1] train MAE: 0.09902, val MAE: 0.23098, test MAE: 0.23116, Time: 391.74s
2023-04-18 23:32:54,965 - logger.py:50 - Best -- epoch=80, train MAE: 0.09902, val MAE: 0.23098, test MAE: 0.23116

2023-04-18 23:32:56,160 - logger.py:50 - Epoch: [81][0/468] 	 loss: 0.05179, MAE: 0.08406, time/step=1193ms, lr=4.15e-04
2023-04-18 23:33:57,828 - logger.py:50 - Epoch: [228][400/468] 	 loss: 0.01990, MAE: 0.03230, time/step=794ms, lr=6.86e-05
2023-04-18 23:34:16,024 - logger.py:50 - Epoch: [81][100/468] 	 loss: 0.06070, MAE: 0.09851, time/step=803ms, lr=4.15e-04
2023-04-18 23:34:51,355 - logger.py:50 - Epoch: [228][467/468] 	 loss: 0.01984, MAE: 0.03220, time/step=795ms, lr=6.86e-05
2023-04-18 23:35:04,093 - logger.py:50 - Epoch: [228] Target: [1] train MAE: 0.03220, val MAE: 0.21130, test MAE: 0.21478, Time: 384.69s
2023-04-18 23:35:04,093 - logger.py:50 - Best -- epoch=209, train MAE: 0.03580, val MAE: 0.21002, test MAE: 0.21507

2023-04-18 23:35:05,317 - logger.py:50 - Epoch: [229][0/468] 	 loss: 0.01716, MAE: 0.02785, time/step=1221ms, lr=6.68e-05
2023-04-18 23:35:37,603 - logger.py:50 - Epoch: [81][200/468] 	 loss: 0.05894, MAE: 0.09565, time/step=809ms, lr=4.15e-04
2023-04-18 23:36:25,271 - logger.py:50 - Epoch: [229][100/468] 	 loss: 0.01887, MAE: 0.03062, time/step=804ms, lr=6.68e-05
2023-04-18 23:36:58,173 - logger.py:50 - Epoch: [81][300/468] 	 loss: 0.05909, MAE: 0.09590, time/step=808ms, lr=4.15e-04
2023-04-18 23:37:43,731 - logger.py:50 - Epoch: [229][200/468] 	 loss: 0.01981, MAE: 0.03215, time/step=794ms, lr=6.68e-05
2023-04-18 23:38:19,519 - logger.py:50 - Epoch: [81][400/468] 	 loss: 0.05940, MAE: 0.09640, time/step=809ms, lr=4.15e-04
2023-04-18 23:39:02,758 - logger.py:50 - Epoch: [229][300/468] 	 loss: 0.01995, MAE: 0.03237, time/step=793ms, lr=6.68e-05
2023-04-18 23:39:13,611 - logger.py:50 - Epoch: [81][467/468] 	 loss: 0.05921, MAE: 0.09609, time/step=809ms, lr=4.15e-04
2023-04-18 23:39:27,591 - logger.py:50 - Epoch: [81] Target: [1] train MAE: 0.09609, val MAE: 0.23522, test MAE: 0.23171, Time: 392.63s
2023-04-18 23:39:27,591 - logger.py:50 - Best -- epoch=80, train MAE: 0.09902, val MAE: 0.23098, test MAE: 0.23116

2023-04-18 23:39:28,705 - logger.py:50 - Epoch: [82][0/468] 	 loss: 0.04072, MAE: 0.06608, time/step=1113ms, lr=4.14e-04
2023-04-18 23:40:23,060 - logger.py:50 - Epoch: [229][400/468] 	 loss: 0.01951, MAE: 0.03167, time/step=795ms, lr=6.68e-05
2023-04-18 23:40:48,634 - logger.py:50 - Epoch: [82][100/468] 	 loss: 0.05899, MAE: 0.09574, time/step=802ms, lr=4.14e-04
2023-04-18 23:41:16,500 - logger.py:50 - Epoch: [229][467/468] 	 loss: 0.01982, MAE: 0.03217, time/step=796ms, lr=6.68e-05
2023-04-18 23:41:29,103 - logger.py:50 - Epoch: [229] Target: [1] train MAE: 0.03217, val MAE: 0.21097, test MAE: 0.21485, Time: 385.01s
2023-04-18 23:41:29,103 - logger.py:50 - Best -- epoch=209, train MAE: 0.03580, val MAE: 0.21002, test MAE: 0.21507

2023-04-18 23:41:30,240 - logger.py:50 - Epoch: [230][0/468] 	 loss: 0.02822, MAE: 0.04579, time/step=1135ms, lr=6.51e-05
2023-04-18 23:42:09,555 - logger.py:50 - Epoch: [82][200/468] 	 loss: 0.05847, MAE: 0.09488, time/step=806ms, lr=4.14e-04
2023-04-18 23:42:49,346 - logger.py:50 - Epoch: [230][100/468] 	 loss: 0.01900, MAE: 0.03083, time/step=794ms, lr=6.51e-05
2023-04-18 23:43:29,810 - logger.py:50 - Epoch: [82][300/468] 	 loss: 0.05925, MAE: 0.09615, time/step=805ms, lr=4.14e-04
2023-04-18 23:44:08,643 - logger.py:50 - Epoch: [230][200/468] 	 loss: 0.01913, MAE: 0.03104, time/step=794ms, lr=6.51e-05
2023-04-18 23:44:49,594 - logger.py:50 - Epoch: [82][400/468] 	 loss: 0.06056, MAE: 0.09828, time/step=803ms, lr=4.14e-04
2023-04-18 23:45:28,650 - logger.py:50 - Epoch: [230][300/468] 	 loss: 0.01939, MAE: 0.03147, time/step=796ms, lr=6.51e-05
2023-04-18 23:45:43,958 - logger.py:50 - Epoch: [82][467/468] 	 loss: 0.06138, MAE: 0.09961, time/step=804ms, lr=4.14e-04
2023-04-18 23:45:57,931 - logger.py:50 - Epoch: [82] Target: [1] train MAE: 0.09961, val MAE: 0.23810, test MAE: 0.24106, Time: 390.34s
2023-04-18 23:45:57,931 - logger.py:50 - Best -- epoch=80, train MAE: 0.09902, val MAE: 0.23098, test MAE: 0.23116

2023-04-18 23:45:59,089 - logger.py:50 - Epoch: [83][0/468] 	 loss: 0.06986, MAE: 0.11338, time/step=1155ms, lr=4.12e-04
2023-04-18 23:46:47,581 - logger.py:50 - Epoch: [230][400/468] 	 loss: 0.01963, MAE: 0.03186, time/step=794ms, lr=6.51e-05
2023-04-18 23:47:20,408 - logger.py:50 - Epoch: [83][100/468] 	 loss: 0.06225, MAE: 0.10102, time/step=817ms, lr=4.12e-04
2023-04-18 23:47:40,144 - logger.py:50 - Epoch: [230][467/468] 	 loss: 0.01971, MAE: 0.03199, time/step=793ms, lr=6.51e-05
2023-04-18 23:47:52,728 - logger.py:50 - Epoch: [230] Target: [1] train MAE: 0.03199, val MAE: 0.20976, test MAE: 0.21813, Time: 383.62s
2023-04-18 23:47:52,728 - logger.py:50 - Best -- epoch=230, train MAE: 0.03199, val MAE: 0.20976, test MAE: 0.21813

2023-04-18 23:47:53,821 - logger.py:50 - Epoch: [231][0/468] 	 loss: 0.02413, MAE: 0.03916, time/step=1091ms, lr=6.33e-05
2023-04-18 23:48:40,426 - logger.py:50 - Epoch: [83][200/468] 	 loss: 0.06055, MAE: 0.09827, time/step=808ms, lr=4.12e-04
2023-04-18 23:49:14,125 - logger.py:50 - Epoch: [231][100/468] 	 loss: 0.02058, MAE: 0.03340, time/step=806ms, lr=6.33e-05
2023-04-18 23:50:00,918 - logger.py:50 - Epoch: [83][300/468] 	 loss: 0.06087, MAE: 0.09878, time/step=807ms, lr=4.12e-04
2023-04-18 23:50:32,772 - logger.py:50 - Epoch: [231][200/468] 	 loss: 0.01967, MAE: 0.03193, time/step=796ms, lr=6.33e-05
2023-04-18 23:51:21,328 - logger.py:50 - Epoch: [83][400/468] 	 loss: 0.06064, MAE: 0.09842, time/step=806ms, lr=4.12e-04
2023-04-18 23:51:51,629 - logger.py:50 - Epoch: [231][300/468] 	 loss: 0.01970, MAE: 0.03197, time/step=794ms, lr=6.33e-05
2023-04-18 23:52:14,383 - logger.py:50 - Epoch: [83][467/468] 	 loss: 0.06023, MAE: 0.09774, time/step=804ms, lr=4.12e-04
2023-04-18 23:52:28,342 - logger.py:50 - Epoch: [83] Target: [1] train MAE: 0.09774, val MAE: 0.23128, test MAE: 0.23701, Time: 390.41s
2023-04-18 23:52:28,342 - logger.py:50 - Best -- epoch=80, train MAE: 0.09902, val MAE: 0.23098, test MAE: 0.23116

2023-04-18 23:52:29,467 - logger.py:50 - Epoch: [84][0/468] 	 loss: 0.09148, MAE: 0.14846, time/step=1122ms, lr=4.10e-04
2023-04-18 23:53:09,447 - logger.py:50 - Epoch: [231][400/468] 	 loss: 0.01980, MAE: 0.03213, time/step=790ms, lr=6.33e-05
2023-04-18 23:53:50,188 - logger.py:50 - Epoch: [84][100/468] 	 loss: 0.05761, MAE: 0.09350, time/step=810ms, lr=4.10e-04
2023-04-18 23:54:02,747 - logger.py:50 - Epoch: [231][467/468] 	 loss: 0.01968, MAE: 0.03194, time/step=791ms, lr=6.33e-05
2023-04-18 23:54:15,318 - logger.py:50 - Epoch: [231] Target: [1] train MAE: 0.03194, val MAE: 0.21212, test MAE: 0.21609, Time: 382.59s
2023-04-18 23:54:15,319 - logger.py:50 - Best -- epoch=230, train MAE: 0.03199, val MAE: 0.20976, test MAE: 0.21813

2023-04-18 23:54:16,505 - logger.py:50 - Epoch: [232][0/468] 	 loss: 0.02640, MAE: 0.04285, time/step=1185ms, lr=6.16e-05
2023-04-18 23:55:11,100 - logger.py:50 - Epoch: [84][200/468] 	 loss: 0.05840, MAE: 0.09478, time/step=810ms, lr=4.10e-04
2023-04-18 23:55:35,882 - logger.py:50 - Epoch: [232][100/468] 	 loss: 0.01930, MAE: 0.03133, time/step=798ms, lr=6.16e-05
2023-04-18 23:56:31,320 - logger.py:50 - Epoch: [84][300/468] 	 loss: 0.05756, MAE: 0.09342, time/step=807ms, lr=4.10e-04
2023-04-18 23:56:55,145 - logger.py:50 - Epoch: [232][200/468] 	 loss: 0.01941, MAE: 0.03150, time/step=795ms, lr=6.16e-05
2023-04-18 23:57:50,513 - logger.py:50 - Epoch: [84][400/468] 	 loss: 0.05787, MAE: 0.09392, time/step=803ms, lr=4.10e-04
2023-04-18 23:58:14,741 - logger.py:50 - Epoch: [232][300/468] 	 loss: 0.01961, MAE: 0.03183, time/step=795ms, lr=6.16e-05
2023-04-18 23:58:44,983 - logger.py:50 - Epoch: [84][467/468] 	 loss: 0.05835, MAE: 0.09469, time/step=805ms, lr=4.10e-04
2023-04-18 23:58:58,872 - logger.py:50 - Epoch: [84] Target: [1] train MAE: 0.09469, val MAE: 0.23304, test MAE: 0.23560, Time: 390.53s
2023-04-18 23:58:58,872 - logger.py:50 - Best -- epoch=80, train MAE: 0.09902, val MAE: 0.23098, test MAE: 0.23116

2023-04-18 23:59:00,041 - logger.py:50 - Epoch: [85][0/468] 	 loss: 0.05695, MAE: 0.09243, time/step=1167ms, lr=4.08e-04
2023-04-18 23:59:33,946 - logger.py:50 - Epoch: [232][400/468] 	 loss: 0.01933, MAE: 0.03137, time/step=795ms, lr=6.16e-05
2023-04-19 00:00:20,617 - logger.py:50 - Epoch: [85][100/468] 	 loss: 0.05638, MAE: 0.09151, time/step=809ms, lr=4.08e-04
2023-04-19 00:00:27,220 - logger.py:50 - Epoch: [232][467/468] 	 loss: 0.01951, MAE: 0.03166, time/step=795ms, lr=6.16e-05
2023-04-19 00:00:39,855 - logger.py:50 - Epoch: [232] Target: [1] train MAE: 0.03166, val MAE: 0.21282, test MAE: 0.21599, Time: 384.54s
2023-04-19 00:00:39,855 - logger.py:50 - Best -- epoch=230, train MAE: 0.03199, val MAE: 0.20976, test MAE: 0.21813

2023-04-19 00:00:41,059 - logger.py:50 - Epoch: [233][0/468] 	 loss: 0.01442, MAE: 0.02339, time/step=1202ms, lr=5.99e-05
2023-04-19 00:01:40,521 - logger.py:50 - Epoch: [85][200/468] 	 loss: 0.05715, MAE: 0.09276, time/step=804ms, lr=4.08e-04
2023-04-19 00:02:00,173 - logger.py:50 - Epoch: [233][100/468] 	 loss: 0.01836, MAE: 0.02979, time/step=795ms, lr=5.99e-05
2023-04-19 00:03:00,260 - logger.py:50 - Epoch: [85][300/468] 	 loss: 0.05731, MAE: 0.09301, time/step=802ms, lr=4.08e-04
2023-04-19 00:03:19,916 - logger.py:50 - Epoch: [233][200/468] 	 loss: 0.01890, MAE: 0.03067, time/step=796ms, lr=5.99e-05
2023-04-19 00:04:20,941 - logger.py:50 - Epoch: [85][400/468] 	 loss: 0.05739, MAE: 0.09314, time/step=803ms, lr=4.08e-04
2023-04-19 00:04:38,918 - logger.py:50 - Epoch: [233][300/468] 	 loss: 0.01931, MAE: 0.03134, time/step=794ms, lr=5.99e-05
2023-04-19 00:05:14,957 - logger.py:50 - Epoch: [85][467/468] 	 loss: 0.05777, MAE: 0.09376, time/step=804ms, lr=4.08e-04
2023-04-19 00:05:28,876 - logger.py:50 - Epoch: [85] Target: [1] train MAE: 0.09376, val MAE: 0.23559, test MAE: 0.24036, Time: 390.00s
2023-04-19 00:05:28,876 - logger.py:50 - Best -- epoch=80, train MAE: 0.09902, val MAE: 0.23098, test MAE: 0.23116

2023-04-19 00:05:30,069 - logger.py:50 - Epoch: [86][0/468] 	 loss: 0.09408, MAE: 0.15269, time/step=1191ms, lr=4.05e-04
2023-04-19 00:05:57,825 - logger.py:50 - Epoch: [233][400/468] 	 loss: 0.01964, MAE: 0.03187, time/step=793ms, lr=5.99e-05
2023-04-19 00:06:50,378 - logger.py:50 - Epoch: [86][100/468] 	 loss: 0.05829, MAE: 0.09461, time/step=807ms, lr=4.05e-04
2023-04-19 00:06:51,010 - logger.py:50 - Epoch: [233][467/468] 	 loss: 0.01955, MAE: 0.03173, time/step=793ms, lr=5.99e-05
2023-04-19 00:07:03,605 - logger.py:50 - Epoch: [233] Target: [1] train MAE: 0.03173, val MAE: 0.21130, test MAE: 0.21458, Time: 383.75s
2023-04-19 00:07:03,605 - logger.py:50 - Best -- epoch=230, train MAE: 0.03199, val MAE: 0.20976, test MAE: 0.21813

2023-04-19 00:07:04,689 - logger.py:50 - Epoch: [234][0/468] 	 loss: 0.01585, MAE: 0.02573, time/step=1081ms, lr=5.83e-05
2023-04-19 00:08:10,549 - logger.py:50 - Epoch: [86][200/468] 	 loss: 0.05670, MAE: 0.09201, time/step=804ms, lr=4.05e-04
2023-04-19 00:08:23,327 - logger.py:50 - Epoch: [234][100/468] 	 loss: 0.01956, MAE: 0.03174, time/step=789ms, lr=5.83e-05
2023-04-19 00:09:31,020 - logger.py:50 - Epoch: [86][300/468] 	 loss: 0.05633, MAE: 0.09142, time/step=804ms, lr=4.05e-04
2023-04-19 00:09:42,777 - logger.py:50 - Epoch: [234][200/468] 	 loss: 0.01962, MAE: 0.03185, time/step=792ms, lr=5.83e-05
2023-04-19 00:10:50,871 - logger.py:50 - Epoch: [86][400/468] 	 loss: 0.05727, MAE: 0.09294, time/step=803ms, lr=4.05e-04
2023-04-19 00:11:02,226 - logger.py:50 - Epoch: [234][300/468] 	 loss: 0.01969, MAE: 0.03196, time/step=793ms, lr=5.83e-05
2023-04-19 00:11:44,984 - logger.py:50 - Epoch: [86][467/468] 	 loss: 0.05734, MAE: 0.09306, time/step=804ms, lr=4.05e-04
2023-04-19 00:11:58,951 - logger.py:50 - Epoch: [86] Target: [1] train MAE: 0.09306, val MAE: 0.23004, test MAE: 0.23118, Time: 390.07s
2023-04-19 00:11:58,951 - logger.py:50 - Best -- epoch=86, train MAE: 0.09306, val MAE: 0.23004, test MAE: 0.23118

2023-04-19 00:11:59,982 - logger.py:50 - Epoch: [87][0/468] 	 loss: 0.07347, MAE: 0.11923, time/step=1029ms, lr=4.03e-04
2023-04-19 00:12:21,290 - logger.py:50 - Epoch: [234][400/468] 	 loss: 0.01930, MAE: 0.03132, time/step=792ms, lr=5.83e-05
2023-04-19 00:13:14,349 - logger.py:50 - Epoch: [234][467/468] 	 loss: 0.01934, MAE: 0.03139, time/step=792ms, lr=5.83e-05
2023-04-19 00:13:20,623 - logger.py:50 - Epoch: [87][100/468] 	 loss: 0.05617, MAE: 0.09115, time/step=809ms, lr=4.03e-04
2023-04-19 00:13:26,919 - logger.py:50 - Epoch: [234] Target: [1] train MAE: 0.03139, val MAE: 0.21116, test MAE: 0.21542, Time: 383.31s
2023-04-19 00:13:26,919 - logger.py:50 - Best -- epoch=230, train MAE: 0.03199, val MAE: 0.20976, test MAE: 0.21813

2023-04-19 00:13:28,014 - logger.py:50 - Epoch: [235][0/468] 	 loss: 0.01816, MAE: 0.02947, time/step=1093ms, lr=5.66e-05
2023-04-19 00:14:40,468 - logger.py:50 - Epoch: [87][200/468] 	 loss: 0.05680, MAE: 0.09218, time/step=804ms, lr=4.03e-04
2023-04-19 00:14:47,040 - logger.py:50 - Epoch: [235][100/468] 	 loss: 0.01952, MAE: 0.03167, time/step=793ms, lr=5.66e-05
2023-04-19 00:16:00,393 - logger.py:50 - Epoch: [87][300/468] 	 loss: 0.05602, MAE: 0.09091, time/step=802ms, lr=4.03e-04
2023-04-19 00:16:05,824 - logger.py:50 - Epoch: [235][200/468] 	 loss: 0.01936, MAE: 0.03142, time/step=791ms, lr=5.66e-05
2023-04-19 00:17:21,232 - logger.py:50 - Epoch: [87][400/468] 	 loss: 0.05639, MAE: 0.09151, time/step=804ms, lr=4.03e-04
2023-04-19 00:17:24,565 - logger.py:50 - Epoch: [235][300/468] 	 loss: 0.01912, MAE: 0.03104, time/step=790ms, lr=5.66e-05
2023-04-19 00:18:14,958 - logger.py:50 - Epoch: [87][467/468] 	 loss: 0.05635, MAE: 0.09144, time/step=803ms, lr=4.03e-04
2023-04-19 00:18:28,851 - logger.py:50 - Epoch: [87] Target: [1] train MAE: 0.09144, val MAE: 0.22716, test MAE: 0.23476, Time: 389.90s
2023-04-19 00:18:28,852 - logger.py:50 - Best -- epoch=87, train MAE: 0.09144, val MAE: 0.22716, test MAE: 0.23476

2023-04-19 00:18:30,054 - logger.py:50 - Epoch: [88][0/468] 	 loss: 0.03954, MAE: 0.06416, time/step=1200ms, lr=4.01e-04
2023-04-19 00:18:44,030 - logger.py:50 - Epoch: [235][400/468] 	 loss: 0.01910, MAE: 0.03100, time/step=791ms, lr=5.66e-05
2023-04-19 00:19:37,342 - logger.py:50 - Epoch: [235][467/468] 	 loss: 0.01924, MAE: 0.03123, time/step=791ms, lr=5.66e-05
2023-04-19 00:19:49,945 - logger.py:50 - Epoch: [235] Target: [1] train MAE: 0.03123, val MAE: 0.21189, test MAE: 0.21451, Time: 383.03s
2023-04-19 00:19:49,946 - logger.py:50 - Best -- epoch=230, train MAE: 0.03199, val MAE: 0.20976, test MAE: 0.21813

2023-04-19 00:19:51,036 - logger.py:50 - Epoch: [236][0/468] 	 loss: 0.03990, MAE: 0.06475, time/step=1088ms, lr=5.50e-05
2023-04-19 00:19:51,172 - logger.py:50 - Epoch: [88][100/468] 	 loss: 0.05497, MAE: 0.08921, time/step=815ms, lr=4.01e-04
2023-04-19 00:21:10,470 - logger.py:50 - Epoch: [236][100/468] 	 loss: 0.01900, MAE: 0.03084, time/step=797ms, lr=5.50e-05
2023-04-19 00:21:10,852 - logger.py:50 - Epoch: [88][200/468] 	 loss: 0.05544, MAE: 0.08997, time/step=806ms, lr=4.01e-04
2023-04-19 00:22:30,375 - logger.py:50 - Epoch: [236][200/468] 	 loss: 0.01887, MAE: 0.03062, time/step=798ms, lr=5.50e-05
2023-04-19 00:22:31,234 - logger.py:50 - Epoch: [88][300/468] 	 loss: 0.05591, MAE: 0.09074, time/step=805ms, lr=4.01e-04
2023-04-19 00:23:49,544 - logger.py:50 - Epoch: [236][300/468] 	 loss: 0.01909, MAE: 0.03099, time/step=796ms, lr=5.50e-05
2023-04-19 00:23:52,067 - logger.py:50 - Epoch: [88][400/468] 	 loss: 0.05538, MAE: 0.08988, time/step=806ms, lr=4.01e-04
2023-04-19 00:24:45,486 - logger.py:50 - Epoch: [88][467/468] 	 loss: 0.05529, MAE: 0.08974, time/step=805ms, lr=4.01e-04
2023-04-19 00:24:59,454 - logger.py:50 - Epoch: [88] Target: [1] train MAE: 0.08974, val MAE: 0.23098, test MAE: 0.23665, Time: 390.60s
2023-04-19 00:24:59,454 - logger.py:50 - Best -- epoch=87, train MAE: 0.09144, val MAE: 0.22716, test MAE: 0.23476

2023-04-19 00:25:00,630 - logger.py:50 - Epoch: [89][0/468] 	 loss: 0.07199, MAE: 0.11683, time/step=1174ms, lr=3.99e-04
2023-04-19 00:25:07,988 - logger.py:50 - Epoch: [236][400/468] 	 loss: 0.01942, MAE: 0.03151, time/step=793ms, lr=5.50e-05
2023-04-19 00:26:00,724 - logger.py:50 - Epoch: [236][467/468] 	 loss: 0.01919, MAE: 0.03114, time/step=792ms, lr=5.50e-05
2023-04-19 00:26:13,329 - logger.py:50 - Epoch: [236] Target: [1] train MAE: 0.03114, val MAE: 0.21149, test MAE: 0.21580, Time: 383.38s
2023-04-19 00:26:13,329 - logger.py:50 - Best -- epoch=230, train MAE: 0.03199, val MAE: 0.20976, test MAE: 0.21813

2023-04-19 00:26:14,462 - logger.py:50 - Epoch: [237][0/468] 	 loss: 0.01753, MAE: 0.02845, time/step=1130ms, lr=5.34e-05
2023-04-19 00:26:21,566 - logger.py:50 - Epoch: [89][100/468] 	 loss: 0.05548, MAE: 0.09004, time/step=813ms, lr=3.99e-04
2023-04-19 00:27:33,811 - logger.py:50 - Epoch: [237][100/468] 	 loss: 0.01905, MAE: 0.03092, time/step=797ms, lr=5.34e-05
2023-04-19 00:27:41,689 - logger.py:50 - Epoch: [89][200/468] 	 loss: 0.05562, MAE: 0.09027, time/step=807ms, lr=3.99e-04
2023-04-19 00:28:51,820 - logger.py:50 - Epoch: [237][200/468] 	 loss: 0.01894, MAE: 0.03074, time/step=788ms, lr=5.34e-05
2023-04-19 00:29:02,333 - logger.py:50 - Epoch: [89][300/468] 	 loss: 0.05582, MAE: 0.09059, time/step=807ms, lr=3.99e-04
2023-04-19 00:30:11,432 - logger.py:50 - Epoch: [237][300/468] 	 loss: 0.01916, MAE: 0.03110, time/step=791ms, lr=5.34e-05
2023-04-19 00:30:22,237 - logger.py:50 - Epoch: [89][400/468] 	 loss: 0.05612, MAE: 0.09107, time/step=805ms, lr=3.99e-04
2023-04-19 00:31:16,056 - logger.py:50 - Epoch: [89][467/468] 	 loss: 0.05622, MAE: 0.09124, time/step=805ms, lr=3.99e-04
2023-04-19 00:31:29,962 - logger.py:50 - Epoch: [89] Target: [1] train MAE: 0.09124, val MAE: 0.23219, test MAE: 0.23973, Time: 390.51s
2023-04-19 00:31:29,962 - logger.py:50 - Best -- epoch=87, train MAE: 0.09144, val MAE: 0.22716, test MAE: 0.23476

2023-04-19 00:31:30,877 - logger.py:50 - Epoch: [237][400/468] 	 loss: 0.01898, MAE: 0.03080, time/step=792ms, lr=5.34e-05
2023-04-19 00:31:31,127 - logger.py:50 - Epoch: [90][0/468] 	 loss: 0.05274, MAE: 0.08559, time/step=1163ms, lr=3.97e-04
2023-04-19 00:32:24,709 - logger.py:50 - Epoch: [237][467/468] 	 loss: 0.01901, MAE: 0.03086, time/step=794ms, lr=5.34e-05
2023-04-19 00:32:37,299 - logger.py:50 - Epoch: [237] Target: [1] train MAE: 0.03086, val MAE: 0.21075, test MAE: 0.21474, Time: 383.97s
2023-04-19 00:32:37,299 - logger.py:50 - Best -- epoch=230, train MAE: 0.03199, val MAE: 0.20976, test MAE: 0.21813

2023-04-19 00:32:38,492 - logger.py:50 - Epoch: [238][0/468] 	 loss: 0.02945, MAE: 0.04780, time/step=1190ms, lr=5.18e-05
2023-04-19 00:32:51,733 - logger.py:50 - Epoch: [90][100/468] 	 loss: 0.05734, MAE: 0.09306, time/step=810ms, lr=3.97e-04
2023-04-19 00:33:57,922 - logger.py:50 - Epoch: [238][100/468] 	 loss: 0.01901, MAE: 0.03085, time/step=798ms, lr=5.18e-05
2023-04-19 00:34:12,175 - logger.py:50 - Epoch: [90][200/468] 	 loss: 0.05774, MAE: 0.09371, time/step=807ms, lr=3.97e-04
2023-04-19 00:35:16,783 - logger.py:50 - Epoch: [238][200/468] 	 loss: 0.01848, MAE: 0.03000, time/step=793ms, lr=5.18e-05
2023-04-19 00:35:31,314 - logger.py:50 - Epoch: [90][300/468] 	 loss: 0.05802, MAE: 0.09416, time/step=802ms, lr=3.97e-04
2023-04-19 00:36:35,688 - logger.py:50 - Epoch: [238][300/468] 	 loss: 0.01861, MAE: 0.03020, time/step=792ms, lr=5.18e-05
2023-04-19 00:36:51,474 - logger.py:50 - Epoch: [90][400/468] 	 loss: 0.05770, MAE: 0.09364, time/step=802ms, lr=3.97e-04
2023-04-19 00:37:45,637 - logger.py:50 - Epoch: [90][467/468] 	 loss: 0.05761, MAE: 0.09350, time/step=803ms, lr=3.97e-04
2023-04-19 00:37:54,844 - logger.py:50 - Epoch: [238][400/468] 	 loss: 0.01878, MAE: 0.03047, time/step=792ms, lr=5.18e-05
2023-04-19 00:37:59,557 - logger.py:50 - Epoch: [90] Target: [1] train MAE: 0.09350, val MAE: 0.22883, test MAE: 0.23372, Time: 389.60s
2023-04-19 00:37:59,558 - logger.py:50 - Best -- epoch=87, train MAE: 0.09144, val MAE: 0.22716, test MAE: 0.23476

2023-04-19 00:38:00,659 - logger.py:50 - Epoch: [91][0/468] 	 loss: 0.06709, MAE: 0.10888, time/step=1099ms, lr=3.95e-04
2023-04-19 00:38:47,968 - logger.py:50 - Epoch: [238][467/468] 	 loss: 0.01900, MAE: 0.03084, time/step=792ms, lr=5.18e-05
2023-04-19 00:39:00,553 - logger.py:50 - Epoch: [238] Target: [1] train MAE: 0.03084, val MAE: 0.21067, test MAE: 0.21616, Time: 383.25s
2023-04-19 00:39:00,554 - logger.py:50 - Best -- epoch=230, train MAE: 0.03199, val MAE: 0.20976, test MAE: 0.21813

2023-04-19 00:39:01,730 - logger.py:50 - Epoch: [239][0/468] 	 loss: 0.01574, MAE: 0.02554, time/step=1174ms, lr=5.02e-05
2023-04-19 00:39:21,789 - logger.py:50 - Epoch: [91][100/468] 	 loss: 0.05606, MAE: 0.09098, time/step=814ms, lr=3.95e-04
2023-04-19 00:40:20,477 - logger.py:50 - Epoch: [239][100/468] 	 loss: 0.01980, MAE: 0.03213, time/step=791ms, lr=5.02e-05
2023-04-19 00:40:41,271 - logger.py:50 - Epoch: [91][200/468] 	 loss: 0.05568, MAE: 0.09037, time/step=805ms, lr=3.95e-04
2023-04-19 00:41:40,262 - logger.py:50 - Epoch: [239][200/468] 	 loss: 0.01923, MAE: 0.03120, time/step=795ms, lr=5.02e-05
2023-04-19 00:42:02,044 - logger.py:50 - Epoch: [91][300/468] 	 loss: 0.05684, MAE: 0.09225, time/step=806ms, lr=3.95e-04
2023-04-19 00:42:59,801 - logger.py:50 - Epoch: [239][300/468] 	 loss: 0.01915, MAE: 0.03109, time/step=795ms, lr=5.02e-05
2023-04-19 00:43:22,436 - logger.py:50 - Epoch: [91][400/468] 	 loss: 0.05723, MAE: 0.09288, time/step=805ms, lr=3.95e-04
2023-04-19 00:44:15,927 - logger.py:50 - Epoch: [91][467/468] 	 loss: 0.05657, MAE: 0.09180, time/step=804ms, lr=3.95e-04
2023-04-19 00:44:19,288 - logger.py:50 - Epoch: [239][400/468] 	 loss: 0.01899, MAE: 0.03082, time/step=795ms, lr=5.02e-05
2023-04-19 00:44:29,819 - logger.py:50 - Epoch: [91] Target: [1] train MAE: 0.09180, val MAE: 0.23722, test MAE: 0.23263, Time: 390.26s
2023-04-19 00:44:29,819 - logger.py:50 - Best -- epoch=87, train MAE: 0.09144, val MAE: 0.22716, test MAE: 0.23476

2023-04-19 00:44:30,883 - logger.py:50 - Epoch: [92][0/468] 	 loss: 0.04804, MAE: 0.07797, time/step=1062ms, lr=3.93e-04
2023-04-19 00:45:11,660 - logger.py:50 - Epoch: [239][467/468] 	 loss: 0.01883, MAE: 0.03056, time/step=793ms, lr=5.02e-05
2023-04-19 00:45:24,238 - logger.py:50 - Epoch: [239] Target: [1] train MAE: 0.03056, val MAE: 0.21058, test MAE: 0.21562, Time: 383.68s
2023-04-19 00:45:24,238 - logger.py:50 - Best -- epoch=230, train MAE: 0.03199, val MAE: 0.20976, test MAE: 0.21813

2023-04-19 00:45:25,342 - logger.py:50 - Epoch: [240][0/468] 	 loss: 0.01966, MAE: 0.03190, time/step=1101ms, lr=4.87e-05
2023-04-19 00:45:51,288 - logger.py:50 - Epoch: [92][100/468] 	 loss: 0.05544, MAE: 0.08997, time/step=807ms, lr=3.93e-04
2023-04-19 00:46:48,802 - logger.py:50 - Epoch: [240][100/468] 	 loss: 0.01850, MAE: 0.03002, time/step=837ms, lr=4.87e-05
2023-04-19 00:47:15,451 - logger.py:50 - Epoch: [92][200/468] 	 loss: 0.05412, MAE: 0.08784, time/step=824ms, lr=3.93e-04
2023-04-19 00:48:07,065 - logger.py:50 - Epoch: [240][200/468] 	 loss: 0.01866, MAE: 0.03028, time/step=810ms, lr=4.87e-05
2023-04-19 00:48:36,485 - logger.py:50 - Epoch: [92][300/468] 	 loss: 0.05530, MAE: 0.08974, time/step=819ms, lr=3.93e-04
2023-04-19 00:49:26,393 - logger.py:50 - Epoch: [240][300/468] 	 loss: 0.01885, MAE: 0.03060, time/step=804ms, lr=4.87e-05
2023-04-19 00:49:57,468 - logger.py:50 - Epoch: [92][400/468] 	 loss: 0.05453, MAE: 0.08849, time/step=817ms, lr=3.93e-04
2023-04-19 00:50:45,881 - logger.py:50 - Epoch: [240][400/468] 	 loss: 0.01877, MAE: 0.03046, time/step=802ms, lr=4.87e-05
2023-04-19 00:50:50,679 - logger.py:50 - Epoch: [92][467/468] 	 loss: 0.05462, MAE: 0.08864, time/step=814ms, lr=3.93e-04
2023-04-19 00:51:04,700 - logger.py:50 - Epoch: [92] Target: [1] train MAE: 0.08864, val MAE: 0.23544, test MAE: 0.24368, Time: 394.88s
2023-04-19 00:51:04,700 - logger.py:50 - Best -- epoch=87, train MAE: 0.09144, val MAE: 0.22716, test MAE: 0.23476

2023-04-19 00:51:05,807 - logger.py:50 - Epoch: [93][0/468] 	 loss: 0.04285, MAE: 0.06955, time/step=1105ms, lr=3.91e-04
2023-04-19 00:51:39,328 - logger.py:50 - Epoch: [240][467/468] 	 loss: 0.01882, MAE: 0.03055, time/step=801ms, lr=4.87e-05
2023-04-19 00:51:52,044 - logger.py:50 - Epoch: [240] Target: [1] train MAE: 0.03055, val MAE: 0.21018, test MAE: 0.21522, Time: 387.81s
2023-04-19 00:51:52,044 - logger.py:50 - Best -- epoch=230, train MAE: 0.03199, val MAE: 0.20976, test MAE: 0.21813

2023-04-19 00:51:53,281 - logger.py:50 - Epoch: [241][0/468] 	 loss: 0.02991, MAE: 0.04854, time/step=1233ms, lr=4.71e-05
2023-04-19 00:52:27,236 - logger.py:50 - Epoch: [93][100/468] 	 loss: 0.05088, MAE: 0.08257, time/step=817ms, lr=3.91e-04
2023-04-19 00:53:11,581 - logger.py:50 - Epoch: [241][100/468] 	 loss: 0.01989, MAE: 0.03228, time/step=787ms, lr=4.71e-05
2023-04-19 00:53:47,504 - logger.py:50 - Epoch: [93][200/468] 	 loss: 0.05190, MAE: 0.08422, time/step=810ms, lr=3.91e-04
2023-04-19 00:54:33,050 - logger.py:50 - Epoch: [241][200/468] 	 loss: 0.01887, MAE: 0.03063, time/step=801ms, lr=4.71e-05
2023-04-19 00:55:07,822 - logger.py:50 - Epoch: [93][300/468] 	 loss: 0.05198, MAE: 0.08436, time/step=808ms, lr=3.91e-04
2023-04-19 00:55:52,889 - logger.py:50 - Epoch: [241][300/468] 	 loss: 0.01883, MAE: 0.03056, time/step=800ms, lr=4.71e-05
2023-04-19 00:56:27,531 - logger.py:50 - Epoch: [93][400/468] 	 loss: 0.05272, MAE: 0.08557, time/step=805ms, lr=3.91e-04
2023-04-19 00:57:12,526 - logger.py:50 - Epoch: [241][400/468] 	 loss: 0.01879, MAE: 0.03049, time/step=799ms, lr=4.71e-05
2023-04-19 00:57:20,909 - logger.py:50 - Epoch: [93][467/468] 	 loss: 0.05295, MAE: 0.08593, time/step=804ms, lr=3.91e-04
2023-04-19 00:57:34,866 - logger.py:50 - Epoch: [93] Target: [1] train MAE: 0.08593, val MAE: 0.23465, test MAE: 0.23307, Time: 390.17s
2023-04-19 00:57:34,866 - logger.py:50 - Best -- epoch=87, train MAE: 0.09144, val MAE: 0.22716, test MAE: 0.23476

2023-04-19 00:57:36,074 - logger.py:50 - Epoch: [94][0/468] 	 loss: 0.04445, MAE: 0.07214, time/step=1206ms, lr=3.89e-04
2023-04-19 00:58:05,520 - logger.py:50 - Epoch: [241][467/468] 	 loss: 0.01874, MAE: 0.03041, time/step=798ms, lr=4.71e-05
2023-04-19 00:58:18,203 - logger.py:50 - Epoch: [241] Target: [1] train MAE: 0.03041, val MAE: 0.21115, test MAE: 0.21566, Time: 386.16s
2023-04-19 00:58:18,203 - logger.py:50 - Best -- epoch=230, train MAE: 0.03199, val MAE: 0.20976, test MAE: 0.21813

2023-04-19 00:58:19,348 - logger.py:50 - Epoch: [242][0/468] 	 loss: 0.02417, MAE: 0.03923, time/step=1142ms, lr=4.56e-05
2023-04-19 00:58:56,572 - logger.py:50 - Epoch: [94][100/468] 	 loss: 0.05365, MAE: 0.08707, time/step=809ms, lr=3.89e-04
2023-04-19 00:59:38,689 - logger.py:50 - Epoch: [242][100/468] 	 loss: 0.01870, MAE: 0.03035, time/step=797ms, lr=4.56e-05
2023-04-19 01:00:16,829 - logger.py:50 - Epoch: [94][200/468] 	 loss: 0.05384, MAE: 0.08738, time/step=806ms, lr=3.89e-04
2023-04-19 01:00:58,304 - logger.py:50 - Epoch: [242][200/468] 	 loss: 0.01881, MAE: 0.03052, time/step=797ms, lr=4.56e-05
2023-04-19 01:01:36,821 - logger.py:50 - Epoch: [94][300/468] 	 loss: 0.05423, MAE: 0.08800, time/step=804ms, lr=3.89e-04
2023-04-19 01:02:16,854 - logger.py:50 - Epoch: [242][300/468] 	 loss: 0.01885, MAE: 0.03060, time/step=793ms, lr=4.56e-05
2023-04-19 01:02:57,619 - logger.py:50 - Epoch: [94][400/468] 	 loss: 0.05459, MAE: 0.08859, time/step=805ms, lr=3.89e-04
2023-04-19 01:03:36,366 - logger.py:50 - Epoch: [242][400/468] 	 loss: 0.01879, MAE: 0.03049, time/step=793ms, lr=4.56e-05
2023-04-19 01:03:51,507 - logger.py:50 - Epoch: [94][467/468] 	 loss: 0.05437, MAE: 0.08824, time/step=805ms, lr=3.89e-04
2023-04-19 01:04:05,471 - logger.py:50 - Epoch: [94] Target: [1] train MAE: 0.08824, val MAE: 0.23623, test MAE: 0.23912, Time: 390.61s
2023-04-19 01:04:05,472 - logger.py:50 - Best -- epoch=87, train MAE: 0.09144, val MAE: 0.22716, test MAE: 0.23476

2023-04-19 01:04:06,719 - logger.py:50 - Epoch: [95][0/468] 	 loss: 0.04299, MAE: 0.06977, time/step=1244ms, lr=3.86e-04
2023-04-19 01:04:29,657 - logger.py:50 - Epoch: [242][467/468] 	 loss: 0.01874, MAE: 0.03041, time/step=794ms, lr=4.56e-05
2023-04-19 01:04:42,358 - logger.py:50 - Epoch: [242] Target: [1] train MAE: 0.03041, val MAE: 0.21095, test MAE: 0.21563, Time: 384.16s
2023-04-19 01:04:42,358 - logger.py:50 - Best -- epoch=230, train MAE: 0.03199, val MAE: 0.20976, test MAE: 0.21813

2023-04-19 01:04:43,452 - logger.py:50 - Epoch: [243][0/468] 	 loss: 0.01596, MAE: 0.02590, time/step=1091ms, lr=4.41e-05
2023-04-19 01:05:27,021 - logger.py:50 - Epoch: [95][100/468] 	 loss: 0.05430, MAE: 0.08813, time/step=807ms, lr=3.86e-04
2023-04-19 01:06:02,288 - logger.py:50 - Epoch: [243][100/468] 	 loss: 0.01687, MAE: 0.02737, time/step=791ms, lr=4.41e-05
2023-04-19 01:06:47,923 - logger.py:50 - Epoch: [95][200/468] 	 loss: 0.05396, MAE: 0.08757, time/step=808ms, lr=3.86e-04
2023-04-19 01:07:22,777 - logger.py:50 - Epoch: [243][200/468] 	 loss: 0.01808, MAE: 0.02935, time/step=798ms, lr=4.41e-05
2023-04-19 01:08:08,040 - logger.py:50 - Epoch: [95][300/468] 	 loss: 0.05418, MAE: 0.08794, time/step=806ms, lr=3.86e-04
2023-04-19 01:08:42,794 - logger.py:50 - Epoch: [243][300/468] 	 loss: 0.01833, MAE: 0.02974, time/step=799ms, lr=4.41e-05
2023-04-19 01:09:27,770 - logger.py:50 - Epoch: [95][400/468] 	 loss: 0.05407, MAE: 0.08775, time/step=804ms, lr=3.86e-04
2023-04-19 01:10:02,436 - logger.py:50 - Epoch: [243][400/468] 	 loss: 0.01843, MAE: 0.02991, time/step=798ms, lr=4.41e-05
2023-04-19 01:10:21,791 - logger.py:50 - Epoch: [95][467/468] 	 loss: 0.05392, MAE: 0.08751, time/step=804ms, lr=3.86e-04
2023-04-19 01:10:35,783 - logger.py:50 - Epoch: [95] Target: [1] train MAE: 0.08751, val MAE: 0.23422, test MAE: 0.23578, Time: 390.31s
2023-04-19 01:10:35,784 - logger.py:50 - Best -- epoch=87, train MAE: 0.09144, val MAE: 0.22716, test MAE: 0.23476

2023-04-19 01:10:36,894 - logger.py:50 - Epoch: [96][0/468] 	 loss: 0.04886, MAE: 0.07930, time/step=1107ms, lr=3.84e-04
2023-04-19 01:10:55,330 - logger.py:50 - Epoch: [243][467/468] 	 loss: 0.01848, MAE: 0.03000, time/step=797ms, lr=4.41e-05
2023-04-19 01:11:08,052 - logger.py:50 - Epoch: [243] Target: [1] train MAE: 0.03000, val MAE: 0.21051, test MAE: 0.21533, Time: 385.69s
2023-04-19 01:11:08,052 - logger.py:50 - Best -- epoch=230, train MAE: 0.03199, val MAE: 0.20976, test MAE: 0.21813

2023-04-19 01:11:09,195 - logger.py:50 - Epoch: [244][0/468] 	 loss: 0.01167, MAE: 0.01893, time/step=1140ms, lr=4.27e-05
2023-04-19 01:11:58,149 - logger.py:50 - Epoch: [96][100/468] 	 loss: 0.05321, MAE: 0.08636, time/step=815ms, lr=3.84e-04
2023-04-19 01:12:28,338 - logger.py:50 - Epoch: [244][100/468] 	 loss: 0.01835, MAE: 0.02978, time/step=795ms, lr=4.27e-05
2023-04-19 01:13:18,607 - logger.py:50 - Epoch: [96][200/468] 	 loss: 0.05156, MAE: 0.08368, time/step=810ms, lr=3.84e-04
2023-04-19 01:13:48,839 - logger.py:50 - Epoch: [244][200/468] 	 loss: 0.01874, MAE: 0.03042, time/step=800ms, lr=4.27e-05
2023-04-19 01:14:38,860 - logger.py:50 - Epoch: [96][300/468] 	 loss: 0.05208, MAE: 0.08452, time/step=808ms, lr=3.84e-04
2023-04-19 01:15:07,908 - logger.py:50 - Epoch: [244][300/468] 	 loss: 0.01864, MAE: 0.03025, time/step=797ms, lr=4.27e-05
2023-04-19 01:15:59,481 - logger.py:50 - Epoch: [96][400/468] 	 loss: 0.05198, MAE: 0.08436, time/step=807ms, lr=3.84e-04
2023-04-19 01:16:28,343 - logger.py:50 - Epoch: [244][400/468] 	 loss: 0.01866, MAE: 0.03028, time/step=799ms, lr=4.27e-05
2023-04-19 01:16:52,764 - logger.py:50 - Epoch: [96][467/468] 	 loss: 0.05216, MAE: 0.08465, time/step=806ms, lr=3.84e-04
2023-04-19 01:17:06,800 - logger.py:50 - Epoch: [96] Target: [1] train MAE: 0.08465, val MAE: 0.23023, test MAE: 0.23738, Time: 391.02s
2023-04-19 01:17:06,800 - logger.py:50 - Best -- epoch=87, train MAE: 0.09144, val MAE: 0.22716, test MAE: 0.23476

2023-04-19 01:17:07,939 - logger.py:50 - Epoch: [97][0/468] 	 loss: 0.04660, MAE: 0.07563, time/step=1137ms, lr=3.82e-04
2023-04-19 01:17:21,827 - logger.py:50 - Epoch: [244][467/468] 	 loss: 0.01844, MAE: 0.02993, time/step=799ms, lr=4.27e-05
2023-04-19 01:17:34,648 - logger.py:50 - Epoch: [244] Target: [1] train MAE: 0.02993, val MAE: 0.21062, test MAE: 0.21498, Time: 386.60s
2023-04-19 01:17:34,648 - logger.py:50 - Best -- epoch=230, train MAE: 0.03199, val MAE: 0.20976, test MAE: 0.21813

2023-04-19 01:17:35,803 - logger.py:50 - Epoch: [245][0/468] 	 loss: 0.01389, MAE: 0.02254, time/step=1152ms, lr=4.13e-05
2023-04-19 01:18:29,087 - logger.py:50 - Epoch: [97][100/468] 	 loss: 0.04965, MAE: 0.08058, time/step=815ms, lr=3.82e-04
2023-04-19 01:18:55,506 - logger.py:50 - Epoch: [245][100/468] 	 loss: 0.01770, MAE: 0.02873, time/step=801ms, lr=4.13e-05
2023-04-19 01:19:49,138 - logger.py:50 - Epoch: [97][200/468] 	 loss: 0.05178, MAE: 0.08403, time/step=808ms, lr=3.82e-04
2023-04-19 01:20:15,529 - logger.py:50 - Epoch: [245][200/468] 	 loss: 0.01761, MAE: 0.02857, time/step=800ms, lr=4.13e-05
2023-04-19 01:21:09,575 - logger.py:50 - Epoch: [97][300/468] 	 loss: 0.05145, MAE: 0.08350, time/step=807ms, lr=3.82e-04
2023-04-19 01:21:34,643 - logger.py:50 - Epoch: [245][300/468] 	 loss: 0.01820, MAE: 0.02954, time/step=797ms, lr=4.13e-05
2023-04-19 01:22:30,154 - logger.py:50 - Epoch: [97][400/468] 	 loss: 0.05142, MAE: 0.08345, time/step=806ms, lr=3.82e-04
2023-04-19 01:22:54,203 - logger.py:50 - Epoch: [245][400/468] 	 loss: 0.01848, MAE: 0.02999, time/step=797ms, lr=4.13e-05
2023-04-19 01:23:23,661 - logger.py:50 - Epoch: [97][467/468] 	 loss: 0.05185, MAE: 0.08414, time/step=805ms, lr=3.82e-04
2023-04-19 01:23:37,598 - logger.py:50 - Epoch: [97] Target: [1] train MAE: 0.08414, val MAE: 0.23355, test MAE: 0.24084, Time: 390.80s
2023-04-19 01:23:37,598 - logger.py:50 - Best -- epoch=87, train MAE: 0.09144, val MAE: 0.22716, test MAE: 0.23476

2023-04-19 01:23:38,848 - logger.py:50 - Epoch: [98][0/468] 	 loss: 0.05060, MAE: 0.08212, time/step=1248ms, lr=3.80e-04
2023-04-19 01:23:47,348 - logger.py:50 - Epoch: [245][467/468] 	 loss: 0.01841, MAE: 0.02988, time/step=796ms, lr=4.13e-05
2023-04-19 01:24:00,010 - logger.py:50 - Epoch: [245] Target: [1] train MAE: 0.02988, val MAE: 0.20980, test MAE: 0.21484, Time: 385.36s
2023-04-19 01:24:00,010 - logger.py:50 - Best -- epoch=230, train MAE: 0.03199, val MAE: 0.20976, test MAE: 0.21813

2023-04-19 01:24:01,141 - logger.py:50 - Epoch: [246][0/468] 	 loss: 0.01600, MAE: 0.02596, time/step=1129ms, lr=3.98e-05
2023-04-19 01:24:59,108 - logger.py:50 - Epoch: [98][100/468] 	 loss: 0.05496, MAE: 0.08919, time/step=807ms, lr=3.80e-04
2023-04-19 01:25:20,803 - logger.py:50 - Epoch: [246][100/468] 	 loss: 0.01805, MAE: 0.02930, time/step=800ms, lr=3.98e-05
2023-04-19 01:26:19,919 - logger.py:50 - Epoch: [98][200/468] 	 loss: 0.05483, MAE: 0.08898, time/step=808ms, lr=3.80e-04
2023-04-19 01:26:39,713 - logger.py:50 - Epoch: [246][200/468] 	 loss: 0.01876, MAE: 0.03044, time/step=795ms, lr=3.98e-05
2023-04-19 01:27:39,732 - logger.py:50 - Epoch: [98][300/468] 	 loss: 0.05493, MAE: 0.08915, time/step=804ms, lr=3.80e-04
2023-04-19 01:27:59,283 - logger.py:50 - Epoch: [246][300/468] 	 loss: 0.01858, MAE: 0.03016, time/step=795ms, lr=3.98e-05
2023-04-19 01:29:00,403 - logger.py:50 - Epoch: [98][400/468] 	 loss: 0.05428, MAE: 0.08808, time/step=805ms, lr=3.80e-04
2023-04-19 01:29:18,773 - logger.py:50 - Epoch: [246][400/468] 	 loss: 0.01846, MAE: 0.02996, time/step=795ms, lr=3.98e-05
2023-04-19 01:29:54,260 - logger.py:50 - Epoch: [98][467/468] 	 loss: 0.05410, MAE: 0.08780, time/step=805ms, lr=3.80e-04
2023-04-19 01:30:08,214 - logger.py:50 - Epoch: [98] Target: [1] train MAE: 0.08780, val MAE: 0.23314, test MAE: 0.23205, Time: 390.62s
2023-04-19 01:30:08,214 - logger.py:50 - Best -- epoch=87, train MAE: 0.09144, val MAE: 0.22716, test MAE: 0.23476

2023-04-19 01:30:09,355 - logger.py:50 - Epoch: [99][0/468] 	 loss: 0.04226, MAE: 0.06858, time/step=1139ms, lr=3.78e-04
2023-04-19 01:30:11,944 - logger.py:50 - Epoch: [246][467/468] 	 loss: 0.01840, MAE: 0.02986, time/step=795ms, lr=3.98e-05
2023-04-19 01:30:24,623 - logger.py:50 - Epoch: [246] Target: [1] train MAE: 0.02986, val MAE: 0.20985, test MAE: 0.21503, Time: 384.61s
2023-04-19 01:30:24,623 - logger.py:50 - Best -- epoch=230, train MAE: 0.03199, val MAE: 0.20976, test MAE: 0.21813

2023-04-19 01:30:25,693 - logger.py:50 - Epoch: [247][0/468] 	 loss: 0.01539, MAE: 0.02498, time/step=1067ms, lr=3.85e-05
2023-04-19 01:31:28,997 - logger.py:50 - Epoch: [99][100/468] 	 loss: 0.05148, MAE: 0.08355, time/step=800ms, lr=3.78e-04
2023-04-19 01:31:45,936 - logger.py:50 - Epoch: [247][100/468] 	 loss: 0.01849, MAE: 0.03000, time/step=805ms, lr=3.85e-05
2023-04-19 01:32:49,580 - logger.py:50 - Epoch: [99][200/468] 	 loss: 0.05196, MAE: 0.08432, time/step=803ms, lr=3.78e-04
2023-04-19 01:33:05,733 - logger.py:50 - Epoch: [247][200/468] 	 loss: 0.01847, MAE: 0.02997, time/step=802ms, lr=3.85e-05
2023-04-19 01:34:09,827 - logger.py:50 - Epoch: [99][300/468] 	 loss: 0.05185, MAE: 0.08414, time/step=803ms, lr=3.78e-04
2023-04-19 01:34:25,437 - logger.py:50 - Epoch: [247][300/468] 	 loss: 0.01823, MAE: 0.02958, time/step=800ms, lr=3.85e-05
2023-04-19 01:35:31,017 - logger.py:50 - Epoch: [99][400/468] 	 loss: 0.05208, MAE: 0.08452, time/step=805ms, lr=3.78e-04
2023-04-19 01:35:45,030 - logger.py:50 - Epoch: [247][400/468] 	 loss: 0.01817, MAE: 0.02949, time/step=799ms, lr=3.85e-05
2023-04-19 01:36:24,659 - logger.py:50 - Epoch: [99][467/468] 	 loss: 0.05231, MAE: 0.08490, time/step=804ms, lr=3.78e-04
2023-04-19 01:36:38,513 - logger.py:50 - Epoch: [247][467/468] 	 loss: 0.01825, MAE: 0.02961, time/step=799ms, lr=3.85e-05
2023-04-19 01:36:38,742 - logger.py:50 - Epoch: [99] Target: [1] train MAE: 0.08490, val MAE: 0.25096, test MAE: 0.24551, Time: 390.53s
2023-04-19 01:36:38,743 - logger.py:50 - Best -- epoch=87, train MAE: 0.09144, val MAE: 0.22716, test MAE: 0.23476

2023-04-19 01:36:40,352 - logger.py:50 - Epoch: [100][0/468] 	 loss: 0.05094, MAE: 0.08267, time/step=1607ms, lr=3.75e-04
2023-04-19 01:36:51,573 - logger.py:50 - Epoch: [247] Target: [1] train MAE: 0.02961, val MAE: 0.21094, test MAE: 0.21623, Time: 386.95s
2023-04-19 01:36:51,573 - logger.py:50 - Best -- epoch=230, train MAE: 0.03199, val MAE: 0.20976, test MAE: 0.21813

2023-04-19 01:36:52,726 - logger.py:50 - Epoch: [248][0/468] 	 loss: 0.01405, MAE: 0.02280, time/step=1151ms, lr=3.71e-05
2023-04-19 01:38:00,187 - logger.py:50 - Epoch: [100][100/468] 	 loss: 0.05021, MAE: 0.08148, time/step=806ms, lr=3.75e-04
2023-04-19 01:38:12,769 - logger.py:50 - Epoch: [248][100/468] 	 loss: 0.01831, MAE: 0.02972, time/step=804ms, lr=3.71e-05
2023-04-19 01:39:20,376 - logger.py:50 - Epoch: [100][200/468] 	 loss: 0.04980, MAE: 0.08082, time/step=804ms, lr=3.75e-04
2023-04-19 01:39:32,829 - logger.py:50 - Epoch: [248][200/468] 	 loss: 0.01826, MAE: 0.02964, time/step=802ms, lr=3.71e-05
2023-04-19 01:40:41,501 - logger.py:50 - Epoch: [100][300/468] 	 loss: 0.05086, MAE: 0.08254, time/step=806ms, lr=3.75e-04
2023-04-19 01:40:51,723 - logger.py:50 - Epoch: [248][300/468] 	 loss: 0.01830, MAE: 0.02970, time/step=798ms, lr=3.71e-05
2023-04-19 01:42:01,713 - logger.py:50 - Epoch: [100][400/468] 	 loss: 0.05084, MAE: 0.08251, time/step=805ms, lr=3.75e-04
2023-04-19 01:42:10,990 - logger.py:50 - Epoch: [248][400/468] 	 loss: 0.01833, MAE: 0.02975, time/step=797ms, lr=3.71e-05
2023-04-19 01:42:55,951 - logger.py:50 - Epoch: [100][467/468] 	 loss: 0.05133, MAE: 0.08330, time/step=806ms, lr=3.75e-04
2023-04-19 01:43:03,737 - logger.py:50 - Epoch: [248][467/468] 	 loss: 0.01815, MAE: 0.02946, time/step=795ms, lr=3.71e-05
2023-04-19 01:43:09,926 - logger.py:50 - Epoch: [100] Target: [1] train MAE: 0.08330, val MAE: 0.22954, test MAE: 0.23642, Time: 391.18s
2023-04-19 01:43:09,927 - logger.py:50 - Best -- epoch=87, train MAE: 0.09144, val MAE: 0.22716, test MAE: 0.23476

2023-04-19 01:43:11,140 - logger.py:50 - Epoch: [101][0/468] 	 loss: 0.06065, MAE: 0.09842, time/step=1212ms, lr=3.73e-04
2023-04-19 01:43:16,537 - logger.py:50 - Epoch: [248] Target: [1] train MAE: 0.02946, val MAE: 0.21065, test MAE: 0.21471, Time: 384.96s
2023-04-19 01:43:16,537 - logger.py:50 - Best -- epoch=230, train MAE: 0.03199, val MAE: 0.20976, test MAE: 0.21813

2023-04-19 01:43:17,566 - logger.py:50 - Epoch: [249][0/468] 	 loss: 0.02455, MAE: 0.03984, time/step=1027ms, lr=3.57e-05
2023-04-19 01:44:31,209 - logger.py:50 - Epoch: [101][100/468] 	 loss: 0.05100, MAE: 0.08277, time/step=805ms, lr=3.73e-04
2023-04-19 01:44:37,775 - logger.py:50 - Epoch: [249][100/468] 	 loss: 0.01785, MAE: 0.02897, time/step=804ms, lr=3.57e-05
2023-04-19 01:45:51,665 - logger.py:50 - Epoch: [101][200/468] 	 loss: 0.04926, MAE: 0.07995, time/step=805ms, lr=3.73e-04
2023-04-19 01:45:57,102 - logger.py:50 - Epoch: [249][200/468] 	 loss: 0.01813, MAE: 0.02943, time/step=799ms, lr=3.57e-05
2023-04-19 01:47:12,202 - logger.py:50 - Epoch: [101][300/468] 	 loss: 0.04901, MAE: 0.07953, time/step=805ms, lr=3.73e-04
2023-04-19 01:47:16,832 - logger.py:50 - Epoch: [249][300/468] 	 loss: 0.01810, MAE: 0.02938, time/step=798ms, lr=3.57e-05
2023-04-19 01:48:33,314 - logger.py:50 - Epoch: [101][400/468] 	 loss: 0.04909, MAE: 0.07967, time/step=806ms, lr=3.73e-04
2023-04-19 01:48:36,188 - logger.py:50 - Epoch: [249][400/468] 	 loss: 0.01807, MAE: 0.02933, time/step=797ms, lr=3.57e-05
2023-04-19 01:49:26,828 - logger.py:50 - Epoch: [101][467/468] 	 loss: 0.04938, MAE: 0.08014, time/step=805ms, lr=3.73e-04
2023-04-19 01:49:29,082 - logger.py:50 - Epoch: [249][467/468] 	 loss: 0.01817, MAE: 0.02950, time/step=796ms, lr=3.57e-05
2023-04-19 01:49:40,780 - logger.py:50 - Epoch: [101] Target: [1] train MAE: 0.08014, val MAE: 0.23259, test MAE: 0.23396, Time: 390.85s
2023-04-19 01:49:40,780 - logger.py:50 - Best -- epoch=87, train MAE: 0.09144, val MAE: 0.22716, test MAE: 0.23476

2023-04-19 01:49:41,798 - logger.py:50 - Epoch: [249] Target: [1] train MAE: 0.02950, val MAE: 0.21074, test MAE: 0.21429, Time: 385.26s
2023-04-19 01:49:41,798 - logger.py:50 - Best -- epoch=230, train MAE: 0.03199, val MAE: 0.20976, test MAE: 0.21813

2023-04-19 01:49:41,914 - logger.py:50 - Epoch: [102][0/468] 	 loss: 0.03888, MAE: 0.06310, time/step=1131ms, lr=3.71e-04
2023-04-19 01:49:42,952 - logger.py:50 - Epoch: [250][0/468] 	 loss: 0.01462, MAE: 0.02372, time/step=1152ms, lr=3.44e-05
2023-04-19 01:51:03,022 - logger.py:50 - Epoch: [102][100/468] 	 loss: 0.04814, MAE: 0.07813, time/step=814ms, lr=3.71e-04
2023-04-19 01:51:03,113 - logger.py:50 - Epoch: [250][100/468] 	 loss: 0.01726, MAE: 0.02801, time/step=805ms, lr=3.44e-05
2023-04-19 01:52:22,342 - logger.py:50 - Epoch: [102][200/468] 	 loss: 0.04760, MAE: 0.07724, time/step=804ms, lr=3.71e-04
2023-04-19 01:52:22,619 - logger.py:50 - Epoch: [250][200/468] 	 loss: 0.01766, MAE: 0.02866, time/step=800ms, lr=3.44e-05
2023-04-19 01:53:42,690 - logger.py:50 - Epoch: [250][300/468] 	 loss: 0.01821, MAE: 0.02956, time/step=800ms, lr=3.44e-05
2023-04-19 01:53:42,744 - logger.py:50 - Epoch: [102][300/468] 	 loss: 0.04801, MAE: 0.07791, time/step=804ms, lr=3.71e-04
2023-04-19 01:55:01,866 - logger.py:50 - Epoch: [250][400/468] 	 loss: 0.01804, MAE: 0.02928, time/step=798ms, lr=3.44e-05
2023-04-19 01:55:03,190 - logger.py:50 - Epoch: [102][400/468] 	 loss: 0.04839, MAE: 0.07852, time/step=804ms, lr=3.71e-04
2023-04-19 01:55:54,974 - logger.py:50 - Epoch: [250][467/468] 	 loss: 0.01807, MAE: 0.02933, time/step=797ms, lr=3.44e-05
2023-04-19 01:55:57,703 - logger.py:50 - Epoch: [102][467/468] 	 loss: 0.04865, MAE: 0.07896, time/step=805ms, lr=3.71e-04
2023-04-19 01:56:07,826 - logger.py:50 - Epoch: [250] Target: [1] train MAE: 0.02933, val MAE: 0.21163, test MAE: 0.21311, Time: 386.03s
2023-04-19 01:56:07,827 - logger.py:50 - Best -- epoch=230, train MAE: 0.03199, val MAE: 0.20976, test MAE: 0.21813

2023-04-19 01:56:08,925 - logger.py:50 - Epoch: [251][0/468] 	 loss: 0.01617, MAE: 0.02624, time/step=1096ms, lr=3.31e-05
2023-04-19 01:56:11,794 - logger.py:50 - Epoch: [102] Target: [1] train MAE: 0.07896, val MAE: 0.23618, test MAE: 0.23079, Time: 391.01s
2023-04-19 01:56:11,794 - logger.py:50 - Best -- epoch=87, train MAE: 0.09144, val MAE: 0.22716, test MAE: 0.23476

2023-04-19 01:56:12,944 - logger.py:50 - Epoch: [103][0/468] 	 loss: 0.03348, MAE: 0.05433, time/step=1147ms, lr=3.68e-04
2023-04-19 01:57:28,935 - logger.py:50 - Epoch: [251][100/468] 	 loss: 0.01835, MAE: 0.02978, time/step=803ms, lr=3.31e-05
2023-04-19 01:57:33,441 - logger.py:50 - Epoch: [103][100/468] 	 loss: 0.05033, MAE: 0.08168, time/step=808ms, lr=3.68e-04
2023-04-19 01:58:48,591 - logger.py:50 - Epoch: [251][200/468] 	 loss: 0.01822, MAE: 0.02957, time/step=800ms, lr=3.31e-05
2023-04-19 01:58:54,495 - logger.py:50 - Epoch: [103][200/468] 	 loss: 0.04939, MAE: 0.08016, time/step=809ms, lr=3.68e-04
2023-04-19 02:00:08,267 - logger.py:50 - Epoch: [251][300/468] 	 loss: 0.01835, MAE: 0.02978, time/step=799ms, lr=3.31e-05
2023-04-19 02:00:14,979 - logger.py:50 - Epoch: [103][300/468] 	 loss: 0.04949, MAE: 0.08032, time/step=808ms, lr=3.68e-04
2023-04-19 02:01:27,442 - logger.py:50 - Epoch: [251][400/468] 	 loss: 0.01818, MAE: 0.02950, time/step=797ms, lr=3.31e-05
2023-04-19 02:01:35,575 - logger.py:50 - Epoch: [103][400/468] 	 loss: 0.04965, MAE: 0.08058, time/step=807ms, lr=3.68e-04
2023-04-19 02:02:20,698 - logger.py:50 - Epoch: [251][467/468] 	 loss: 0.01816, MAE: 0.02947, time/step=797ms, lr=3.31e-05
2023-04-19 02:02:28,377 - logger.py:50 - Epoch: [103][467/468] 	 loss: 0.04963, MAE: 0.08055, time/step=805ms, lr=3.68e-04
2023-04-19 02:02:33,413 - logger.py:50 - Epoch: [251] Target: [1] train MAE: 0.02947, val MAE: 0.21122, test MAE: 0.21533, Time: 385.59s
2023-04-19 02:02:33,414 - logger.py:50 - Best -- epoch=230, train MAE: 0.03199, val MAE: 0.20976, test MAE: 0.21813

2023-04-19 02:02:34,546 - logger.py:50 - Epoch: [252][0/468] 	 loss: 0.01508, MAE: 0.02447, time/step=1130ms, lr=3.19e-05
2023-04-19 02:02:42,426 - logger.py:50 - Epoch: [103] Target: [1] train MAE: 0.08055, val MAE: 0.22540, test MAE: 0.23002, Time: 390.63s
2023-04-19 02:02:42,426 - logger.py:50 - Best -- epoch=103, train MAE: 0.08055, val MAE: 0.22540, test MAE: 0.23002

2023-04-19 02:02:43,491 - logger.py:50 - Epoch: [104][0/468] 	 loss: 0.05719, MAE: 0.09281, time/step=1062ms, lr=3.66e-04
2023-04-19 02:03:53,488 - logger.py:50 - Epoch: [252][100/468] 	 loss: 0.01724, MAE: 0.02798, time/step=793ms, lr=3.19e-05
2023-04-19 02:04:04,241 - logger.py:50 - Epoch: [104][100/468] 	 loss: 0.05079, MAE: 0.08242, time/step=810ms, lr=3.66e-04
2023-04-19 02:05:13,068 - logger.py:50 - Epoch: [252][200/468] 	 loss: 0.01770, MAE: 0.02872, time/step=794ms, lr=3.19e-05
2023-04-19 02:05:25,083 - logger.py:50 - Epoch: [104][200/468] 	 loss: 0.04869, MAE: 0.07902, time/step=809ms, lr=3.66e-04
2023-04-19 02:06:32,287 - logger.py:50 - Epoch: [252][300/468] 	 loss: 0.01783, MAE: 0.02894, time/step=794ms, lr=3.19e-05
2023-04-19 02:06:45,167 - logger.py:50 - Epoch: [104][300/468] 	 loss: 0.04861, MAE: 0.07888, time/step=806ms, lr=3.66e-04
2023-04-19 02:07:52,846 - logger.py:50 - Epoch: [252][400/468] 	 loss: 0.01778, MAE: 0.02885, time/step=797ms, lr=3.19e-05
2023-04-19 02:08:05,310 - logger.py:50 - Epoch: [104][400/468] 	 loss: 0.04895, MAE: 0.07944, time/step=805ms, lr=3.66e-04
2023-04-19 02:08:47,997 - logger.py:50 - Epoch: [252][467/468] 	 loss: 0.01795, MAE: 0.02912, time/step=800ms, lr=3.19e-05
2023-04-19 02:09:00,109 - logger.py:50 - Epoch: [104][467/468] 	 loss: 0.04898, MAE: 0.07949, time/step=807ms, lr=3.66e-04
2023-04-19 02:09:00,917 - logger.py:50 - Epoch: [252] Target: [1] train MAE: 0.02912, val MAE: 0.21071, test MAE: 0.21501, Time: 387.50s
2023-04-19 02:09:00,918 - logger.py:50 - Best -- epoch=230, train MAE: 0.03199, val MAE: 0.20976, test MAE: 0.21813

2023-04-19 02:09:02,175 - logger.py:50 - Epoch: [253][0/468] 	 loss: 0.02523, MAE: 0.04094, time/step=1255ms, lr=3.06e-05
2023-04-19 02:09:14,100 - logger.py:50 - Epoch: [104] Target: [1] train MAE: 0.07949, val MAE: 0.23012, test MAE: 0.23212, Time: 391.67s
2023-04-19 02:09:14,101 - logger.py:50 - Best -- epoch=103, train MAE: 0.08055, val MAE: 0.22540, test MAE: 0.23002

2023-04-19 02:09:15,252 - logger.py:50 - Epoch: [105][0/468] 	 loss: 0.05886, MAE: 0.09553, time/step=1149ms, lr=3.64e-04
2023-04-19 02:10:21,694 - logger.py:50 - Epoch: [253][100/468] 	 loss: 0.01812, MAE: 0.02940, time/step=800ms, lr=3.06e-05
2023-04-19 02:10:35,532 - logger.py:50 - Epoch: [105][100/468] 	 loss: 0.04816, MAE: 0.07815, time/step=806ms, lr=3.64e-04
2023-04-19 02:11:41,983 - logger.py:50 - Epoch: [253][200/468] 	 loss: 0.01779, MAE: 0.02888, time/step=801ms, lr=3.06e-05
2023-04-19 02:11:54,935 - logger.py:50 - Epoch: [105][200/468] 	 loss: 0.04802, MAE: 0.07793, time/step=800ms, lr=3.64e-04
2023-04-19 02:13:01,065 - logger.py:50 - Epoch: [253][300/468] 	 loss: 0.01805, MAE: 0.02929, time/step=798ms, lr=3.06e-05
2023-04-19 02:13:15,092 - logger.py:50 - Epoch: [105][300/468] 	 loss: 0.04818, MAE: 0.07818, time/step=801ms, lr=3.64e-04
2023-04-19 02:14:20,444 - logger.py:50 - Epoch: [253][400/468] 	 loss: 0.01787, MAE: 0.02900, time/step=797ms, lr=3.06e-05
2023-04-19 02:14:36,159 - logger.py:50 - Epoch: [105][400/468] 	 loss: 0.04829, MAE: 0.07837, time/step=803ms, lr=3.64e-04
2023-04-19 02:15:13,794 - logger.py:50 - Epoch: [253][467/468] 	 loss: 0.01797, MAE: 0.02916, time/step=797ms, lr=3.06e-05
2023-04-19 02:15:26,443 - logger.py:50 - Epoch: [253] Target: [1] train MAE: 0.02916, val MAE: 0.21048, test MAE: 0.21427, Time: 385.53s
2023-04-19 02:15:26,443 - logger.py:50 - Best -- epoch=230, train MAE: 0.03199, val MAE: 0.20976, test MAE: 0.21813

2023-04-19 02:15:27,566 - logger.py:50 - Epoch: [254][0/468] 	 loss: 0.01579, MAE: 0.02562, time/step=1121ms, lr=2.94e-05
2023-04-19 02:15:30,628 - logger.py:50 - Epoch: [105][467/468] 	 loss: 0.04849, MAE: 0.07870, time/step=805ms, lr=3.64e-04
2023-04-19 02:15:44,603 - logger.py:50 - Epoch: [105] Target: [1] train MAE: 0.07870, val MAE: 0.22795, test MAE: 0.23294, Time: 390.50s
2023-04-19 02:15:44,603 - logger.py:50 - Best -- epoch=103, train MAE: 0.08055, val MAE: 0.22540, test MAE: 0.23002

2023-04-19 02:15:45,625 - logger.py:50 - Epoch: [106][0/468] 	 loss: 0.04253, MAE: 0.06902, time/step=1019ms, lr=3.61e-04
2023-04-19 02:16:47,117 - logger.py:50 - Epoch: [254][100/468] 	 loss: 0.01672, MAE: 0.02714, time/step=799ms, lr=2.94e-05
2023-04-19 02:17:05,771 - logger.py:50 - Epoch: [106][100/468] 	 loss: 0.04803, MAE: 0.07795, time/step=804ms, lr=3.61e-04
2023-04-19 02:18:06,483 - logger.py:50 - Epoch: [254][200/468] 	 loss: 0.01702, MAE: 0.02762, time/step=796ms, lr=2.94e-05
2023-04-19 02:18:26,114 - logger.py:50 - Epoch: [106][200/468] 	 loss: 0.04813, MAE: 0.07811, time/step=804ms, lr=3.61e-04
2023-04-19 02:19:28,104 - logger.py:50 - Epoch: [254][300/468] 	 loss: 0.01747, MAE: 0.02835, time/step=803ms, lr=2.94e-05
2023-04-19 02:19:47,250 - logger.py:50 - Epoch: [106][300/468] 	 loss: 0.04784, MAE: 0.07764, time/step=806ms, lr=3.61e-04
2023-04-19 02:20:47,032 - logger.py:50 - Epoch: [254][400/468] 	 loss: 0.01781, MAE: 0.02890, time/step=799ms, lr=2.94e-05
2023-04-19 02:21:07,451 - logger.py:50 - Epoch: [106][400/468] 	 loss: 0.04817, MAE: 0.07817, time/step=805ms, lr=3.61e-04
2023-04-19 02:21:40,098 - logger.py:50 - Epoch: [254][467/468] 	 loss: 0.01788, MAE: 0.02901, time/step=798ms, lr=2.94e-05
2023-04-19 02:21:52,805 - logger.py:50 - Epoch: [254] Target: [1] train MAE: 0.02901, val MAE: 0.21107, test MAE: 0.21349, Time: 386.36s
2023-04-19 02:21:52,805 - logger.py:50 - Best -- epoch=230, train MAE: 0.03199, val MAE: 0.20976, test MAE: 0.21813

2023-04-19 02:21:54,001 - logger.py:50 - Epoch: [255][0/468] 	 loss: 0.01634, MAE: 0.02652, time/step=1193ms, lr=2.82e-05
2023-04-19 02:22:01,183 - logger.py:50 - Epoch: [106][467/468] 	 loss: 0.04841, MAE: 0.07856, time/step=805ms, lr=3.61e-04
2023-04-19 02:22:15,175 - logger.py:50 - Epoch: [106] Target: [1] train MAE: 0.07856, val MAE: 0.22980, test MAE: 0.22902, Time: 390.57s
2023-04-19 02:22:15,175 - logger.py:50 - Best -- epoch=103, train MAE: 0.08055, val MAE: 0.22540, test MAE: 0.23002

2023-04-19 02:22:16,336 - logger.py:50 - Epoch: [107][0/468] 	 loss: 0.03763, MAE: 0.06107, time/step=1158ms, lr=3.59e-04
2023-04-19 02:23:13,317 - logger.py:50 - Epoch: [255][100/468] 	 loss: 0.01764, MAE: 0.02862, time/step=797ms, lr=2.82e-05
2023-04-19 02:23:36,677 - logger.py:50 - Epoch: [107][100/468] 	 loss: 0.04791, MAE: 0.07775, time/step=807ms, lr=3.59e-04
2023-04-19 02:24:32,680 - logger.py:50 - Epoch: [255][200/468] 	 loss: 0.01767, MAE: 0.02868, time/step=795ms, lr=2.82e-05
2023-04-19 02:24:56,749 - logger.py:50 - Epoch: [107][200/468] 	 loss: 0.04743, MAE: 0.07697, time/step=804ms, lr=3.59e-04
2023-04-19 02:25:52,073 - logger.py:50 - Epoch: [255][300/468] 	 loss: 0.01764, MAE: 0.02863, time/step=795ms, lr=2.82e-05
2023-04-19 02:26:16,900 - logger.py:50 - Epoch: [107][300/468] 	 loss: 0.04727, MAE: 0.07671, time/step=803ms, lr=3.59e-04
2023-04-19 02:27:11,693 - logger.py:50 - Epoch: [255][400/468] 	 loss: 0.01766, MAE: 0.02866, time/step=795ms, lr=2.82e-05
2023-04-19 02:27:37,260 - logger.py:50 - Epoch: [107][400/468] 	 loss: 0.04806, MAE: 0.07800, time/step=803ms, lr=3.59e-04
2023-04-19 02:28:05,473 - logger.py:50 - Epoch: [255][467/468] 	 loss: 0.01790, MAE: 0.02905, time/step=796ms, lr=2.82e-05
2023-04-19 02:28:18,110 - logger.py:50 - Epoch: [255] Target: [1] train MAE: 0.02905, val MAE: 0.21108, test MAE: 0.21386, Time: 385.30s
2023-04-19 02:28:18,110 - logger.py:50 - Best -- epoch=230, train MAE: 0.03199, val MAE: 0.20976, test MAE: 0.21813

2023-04-19 02:28:19,305 - logger.py:50 - Epoch: [256][0/468] 	 loss: 0.01567, MAE: 0.02543, time/step=1192ms, lr=2.70e-05
2023-04-19 02:28:31,595 - logger.py:50 - Epoch: [107][467/468] 	 loss: 0.04827, MAE: 0.07834, time/step=804ms, lr=3.59e-04
2023-04-19 02:28:45,601 - logger.py:50 - Epoch: [107] Target: [1] train MAE: 0.07834, val MAE: 0.22364, test MAE: 0.22267, Time: 390.43s
2023-04-19 02:28:45,601 - logger.py:50 - Best -- epoch=107, train MAE: 0.07834, val MAE: 0.22364, test MAE: 0.22267

2023-04-19 02:28:46,596 - logger.py:50 - Epoch: [108][0/468] 	 loss: 0.04370, MAE: 0.07092, time/step=993ms, lr=3.57e-04
2023-04-19 02:29:38,476 - logger.py:50 - Epoch: [256][100/468] 	 loss: 0.01765, MAE: 0.02864, time/step=796ms, lr=2.70e-05
2023-04-19 02:30:07,792 - logger.py:50 - Epoch: [108][100/468] 	 loss: 0.04726, MAE: 0.07669, time/step=814ms, lr=3.57e-04
2023-04-19 02:30:56,967 - logger.py:50 - Epoch: [256][200/468] 	 loss: 0.01818, MAE: 0.02951, time/step=790ms, lr=2.70e-05
2023-04-19 02:31:27,684 - logger.py:50 - Epoch: [108][200/468] 	 loss: 0.04656, MAE: 0.07557, time/step=806ms, lr=3.57e-04
2023-04-19 02:32:17,131 - logger.py:50 - Epoch: [256][300/468] 	 loss: 0.01852, MAE: 0.03006, time/step=794ms, lr=2.70e-05
2023-04-19 02:32:48,098 - logger.py:50 - Epoch: [108][300/468] 	 loss: 0.04670, MAE: 0.07579, time/step=806ms, lr=3.57e-04
2023-04-19 02:33:36,549 - logger.py:50 - Epoch: [256][400/468] 	 loss: 0.01792, MAE: 0.02908, time/step=794ms, lr=2.70e-05
2023-04-19 02:34:08,586 - logger.py:50 - Epoch: [108][400/468] 	 loss: 0.04686, MAE: 0.07604, time/step=805ms, lr=3.57e-04
2023-04-19 02:34:29,895 - logger.py:50 - Epoch: [256][467/468] 	 loss: 0.01775, MAE: 0.02880, time/step=794ms, lr=2.70e-05
2023-04-19 02:34:42,709 - logger.py:50 - Epoch: [256] Target: [1] train MAE: 0.02880, val MAE: 0.21085, test MAE: 0.21312, Time: 384.60s
2023-04-19 02:34:42,710 - logger.py:50 - Best -- epoch=230, train MAE: 0.03199, val MAE: 0.20976, test MAE: 0.21813

2023-04-19 02:34:43,959 - logger.py:50 - Epoch: [257][0/468] 	 loss: 0.01779, MAE: 0.02888, time/step=1247ms, lr=2.59e-05
2023-04-19 02:35:02,690 - logger.py:50 - Epoch: [108][467/468] 	 loss: 0.04690, MAE: 0.07612, time/step=806ms, lr=3.57e-04
2023-04-19 02:35:16,696 - logger.py:50 - Epoch: [108] Target: [1] train MAE: 0.07612, val MAE: 0.22542, test MAE: 0.23005, Time: 391.09s
2023-04-19 02:35:16,697 - logger.py:50 - Best -- epoch=107, train MAE: 0.07834, val MAE: 0.22364, test MAE: 0.22267

2023-04-19 02:35:17,899 - logger.py:50 - Epoch: [109][0/468] 	 loss: 0.03914, MAE: 0.06352, time/step=1199ms, lr=3.54e-04
2023-04-19 02:36:04,019 - logger.py:50 - Epoch: [257][100/468] 	 loss: 0.01702, MAE: 0.02763, time/step=805ms, lr=2.59e-05
2023-04-19 02:36:38,496 - logger.py:50 - Epoch: [109][100/468] 	 loss: 0.04698, MAE: 0.07624, time/step=810ms, lr=3.54e-04
2023-04-19 02:37:23,477 - logger.py:50 - Epoch: [257][200/468] 	 loss: 0.01754, MAE: 0.02846, time/step=800ms, lr=2.59e-05
2023-04-19 02:37:58,587 - logger.py:50 - Epoch: [109][200/468] 	 loss: 0.04611, MAE: 0.07483, time/step=805ms, lr=3.54e-04
2023-04-19 02:38:43,057 - logger.py:50 - Epoch: [257][300/468] 	 loss: 0.01741, MAE: 0.02826, time/step=798ms, lr=2.59e-05
2023-04-19 02:39:18,971 - logger.py:50 - Epoch: [109][300/468] 	 loss: 0.04552, MAE: 0.07387, time/step=805ms, lr=3.54e-04
2023-04-19 02:40:01,661 - logger.py:50 - Epoch: [257][400/468] 	 loss: 0.01765, MAE: 0.02864, time/step=795ms, lr=2.59e-05
2023-04-19 02:40:39,252 - logger.py:50 - Epoch: [109][400/468] 	 loss: 0.04556, MAE: 0.07395, time/step=804ms, lr=3.54e-04
2023-04-19 02:40:55,247 - logger.py:50 - Epoch: [257][467/468] 	 loss: 0.01774, MAE: 0.02879, time/step=796ms, lr=2.59e-05
2023-04-19 02:41:07,883 - logger.py:50 - Epoch: [257] Target: [1] train MAE: 0.02879, val MAE: 0.21100, test MAE: 0.21362, Time: 385.17s
2023-04-19 02:41:07,883 - logger.py:50 - Best -- epoch=230, train MAE: 0.03199, val MAE: 0.20976, test MAE: 0.21813

2023-04-19 02:41:09,051 - logger.py:50 - Epoch: [258][0/468] 	 loss: 0.02846, MAE: 0.04619, time/step=1166ms, lr=2.47e-05
2023-04-19 02:41:33,401 - logger.py:50 - Epoch: [109][467/468] 	 loss: 0.04588, MAE: 0.07446, time/step=805ms, lr=3.54e-04
2023-04-19 02:41:47,440 - logger.py:50 - Epoch: [109] Target: [1] train MAE: 0.07446, val MAE: 0.22551, test MAE: 0.23093, Time: 390.74s
2023-04-19 02:41:47,440 - logger.py:50 - Best -- epoch=107, train MAE: 0.07834, val MAE: 0.22364, test MAE: 0.22267

2023-04-19 02:41:50,046 - logger.py:50 - Epoch: [110][0/468] 	 loss: 0.03690, MAE: 0.05988, time/step=2604ms, lr=3.52e-04
2023-04-19 02:42:27,495 - logger.py:50 - Epoch: [258][100/468] 	 loss: 0.01742, MAE: 0.02827, time/step=788ms, lr=2.47e-05
2023-04-19 02:43:10,749 - logger.py:50 - Epoch: [110][100/468] 	 loss: 0.04706, MAE: 0.07637, time/step=825ms, lr=3.52e-04
2023-04-19 02:43:47,625 - logger.py:50 - Epoch: [258][200/468] 	 loss: 0.01740, MAE: 0.02824, time/step=795ms, lr=2.47e-05
2023-04-19 02:44:30,806 - logger.py:50 - Epoch: [110][200/468] 	 loss: 0.04564, MAE: 0.07406, time/step=813ms, lr=3.52e-04
2023-04-19 02:45:07,040 - logger.py:50 - Epoch: [258][300/468] 	 loss: 0.01750, MAE: 0.02840, time/step=795ms, lr=2.47e-05
2023-04-19 02:45:50,269 - logger.py:50 - Epoch: [110][300/468] 	 loss: 0.04632, MAE: 0.07518, time/step=807ms, lr=3.52e-04
2023-04-19 02:46:26,600 - logger.py:50 - Epoch: [258][400/468] 	 loss: 0.01765, MAE: 0.02865, time/step=795ms, lr=2.47e-05
2023-04-19 02:47:11,218 - logger.py:50 - Epoch: [110][400/468] 	 loss: 0.04667, MAE: 0.07575, time/step=807ms, lr=3.52e-04
2023-04-19 02:47:20,348 - logger.py:50 - Epoch: [258][467/468] 	 loss: 0.01762, MAE: 0.02859, time/step=796ms, lr=2.47e-05
2023-04-19 02:47:33,005 - logger.py:50 - Epoch: [258] Target: [1] train MAE: 0.02859, val MAE: 0.21127, test MAE: 0.21335, Time: 385.12s
2023-04-19 02:47:33,005 - logger.py:50 - Best -- epoch=230, train MAE: 0.03199, val MAE: 0.20976, test MAE: 0.21813

2023-04-19 02:47:34,205 - logger.py:50 - Epoch: [259][0/468] 	 loss: 0.01253, MAE: 0.02034, time/step=1198ms, lr=2.36e-05
2023-04-19 02:48:04,875 - logger.py:50 - Epoch: [110][467/468] 	 loss: 0.04667, MAE: 0.07574, time/step=806ms, lr=3.52e-04
2023-04-19 02:48:18,840 - logger.py:50 - Epoch: [110] Target: [1] train MAE: 0.07574, val MAE: 0.23071, test MAE: 0.23436, Time: 391.40s
2023-04-19 02:48:18,841 - logger.py:50 - Best -- epoch=107, train MAE: 0.07834, val MAE: 0.22364, test MAE: 0.22267

2023-04-19 02:48:19,960 - logger.py:50 - Epoch: [111][0/468] 	 loss: 0.02893, MAE: 0.04695, time/step=1117ms, lr=3.50e-04
2023-04-19 02:48:53,183 - logger.py:50 - Epoch: [259][100/468] 	 loss: 0.01732, MAE: 0.02810, time/step=794ms, lr=2.36e-05
2023-04-19 02:49:40,923 - logger.py:50 - Epoch: [111][100/468] 	 loss: 0.04727, MAE: 0.07671, time/step=813ms, lr=3.50e-04
2023-04-19 02:50:13,285 - logger.py:50 - Epoch: [259][200/468] 	 loss: 0.01746, MAE: 0.02834, time/step=797ms, lr=2.36e-05
2023-04-19 02:51:01,065 - logger.py:50 - Epoch: [111][200/468] 	 loss: 0.04669, MAE: 0.07578, time/step=807ms, lr=3.50e-04
2023-04-19 02:51:32,948 - logger.py:50 - Epoch: [259][300/468] 	 loss: 0.01738, MAE: 0.02820, time/step=797ms, lr=2.36e-05
2023-04-19 02:52:21,500 - logger.py:50 - Epoch: [111][300/468] 	 loss: 0.04654, MAE: 0.07552, time/step=806ms, lr=3.50e-04
2023-04-19 02:52:52,881 - logger.py:50 - Epoch: [259][400/468] 	 loss: 0.01760, MAE: 0.02856, time/step=798ms, lr=2.36e-05
2023-04-19 02:53:41,959 - logger.py:50 - Epoch: [111][400/468] 	 loss: 0.04643, MAE: 0.07535, time/step=806ms, lr=3.50e-04
2023-04-19 02:53:45,285 - logger.py:50 - Epoch: [259][467/468] 	 loss: 0.01760, MAE: 0.02856, time/step=795ms, lr=2.36e-05
2023-04-19 02:53:57,909 - logger.py:50 - Epoch: [259] Target: [1] train MAE: 0.02856, val MAE: 0.21036, test MAE: 0.21413, Time: 384.90s
2023-04-19 02:53:57,910 - logger.py:50 - Best -- epoch=230, train MAE: 0.03199, val MAE: 0.20976, test MAE: 0.21813

2023-04-19 02:53:59,134 - logger.py:50 - Epoch: [260][0/468] 	 loss: 0.01306, MAE: 0.02119, time/step=1222ms, lr=2.26e-05
2023-04-19 02:54:35,735 - logger.py:50 - Epoch: [111][467/468] 	 loss: 0.04626, MAE: 0.07507, time/step=805ms, lr=3.50e-04
2023-04-19 02:54:49,735 - logger.py:50 - Epoch: [111] Target: [1] train MAE: 0.07507, val MAE: 0.22678, test MAE: 0.22757, Time: 390.89s
2023-04-19 02:54:49,735 - logger.py:50 - Best -- epoch=107, train MAE: 0.07834, val MAE: 0.22364, test MAE: 0.22267

2023-04-19 02:54:50,840 - logger.py:50 - Epoch: [112][0/468] 	 loss: 0.07338, MAE: 0.11908, time/step=1103ms, lr=3.47e-04
2023-04-19 02:55:18,840 - logger.py:50 - Epoch: [260][100/468] 	 loss: 0.01793, MAE: 0.02909, time/step=801ms, lr=2.26e-05
2023-04-19 02:56:10,756 - logger.py:50 - Epoch: [112][100/468] 	 loss: 0.04505, MAE: 0.07311, time/step=802ms, lr=3.47e-04
2023-04-19 02:56:37,924 - logger.py:50 - Epoch: [260][200/468] 	 loss: 0.01773, MAE: 0.02877, time/step=796ms, lr=2.26e-05
2023-04-19 02:57:31,085 - logger.py:50 - Epoch: [112][200/468] 	 loss: 0.04428, MAE: 0.07186, time/step=803ms, lr=3.47e-04
2023-04-19 02:57:57,199 - logger.py:50 - Epoch: [260][300/468] 	 loss: 0.01764, MAE: 0.02863, time/step=795ms, lr=2.26e-05
2023-04-19 02:58:50,868 - logger.py:50 - Epoch: [112][300/468] 	 loss: 0.04449, MAE: 0.07220, time/step=801ms, lr=3.47e-04
2023-04-19 02:59:15,923 - logger.py:50 - Epoch: [260][400/468] 	 loss: 0.01773, MAE: 0.02877, time/step=793ms, lr=2.26e-05
2023-04-19 03:00:09,806 - logger.py:50 - Epoch: [260][467/468] 	 loss: 0.01759, MAE: 0.02854, time/step=795ms, lr=2.26e-05
2023-04-19 03:00:12,267 - logger.py:50 - Epoch: [112][400/468] 	 loss: 0.04507, MAE: 0.07315, time/step=804ms, lr=3.47e-04
2023-04-19 03:00:22,433 - logger.py:50 - Epoch: [260] Target: [1] train MAE: 0.02854, val MAE: 0.21098, test MAE: 0.21455, Time: 384.52s
2023-04-19 03:00:22,433 - logger.py:50 - Best -- epoch=230, train MAE: 0.03199, val MAE: 0.20976, test MAE: 0.21813

2023-04-19 03:00:23,534 - logger.py:50 - Epoch: [261][0/468] 	 loss: 0.01738, MAE: 0.02821, time/step=1099ms, lr=2.15e-05
2023-04-19 03:01:06,413 - logger.py:50 - Epoch: [112][467/468] 	 loss: 0.04562, MAE: 0.07403, time/step=805ms, lr=3.47e-04
2023-04-19 03:01:20,413 - logger.py:50 - Epoch: [112] Target: [1] train MAE: 0.07403, val MAE: 0.22329, test MAE: 0.22594, Time: 390.68s
2023-04-19 03:01:20,413 - logger.py:50 - Best -- epoch=112, train MAE: 0.07403, val MAE: 0.22329, test MAE: 0.22594

2023-04-19 03:01:21,667 - logger.py:50 - Epoch: [113][0/468] 	 loss: 0.03422, MAE: 0.05553, time/step=1251ms, lr=3.45e-04
2023-04-19 03:01:42,741 - logger.py:50 - Epoch: [261][100/468] 	 loss: 0.01810, MAE: 0.02937, time/step=795ms, lr=2.15e-05
2023-04-19 03:02:41,764 - logger.py:50 - Epoch: [113][100/468] 	 loss: 0.04308, MAE: 0.06992, time/step=805ms, lr=3.45e-04
2023-04-19 03:03:03,138 - logger.py:50 - Epoch: [261][200/468] 	 loss: 0.01798, MAE: 0.02918, time/step=800ms, lr=2.15e-05
2023-04-19 03:04:01,568 - logger.py:50 - Epoch: [113][200/468] 	 loss: 0.04456, MAE: 0.07231, time/step=802ms, lr=3.45e-04
2023-04-19 03:04:22,686 - logger.py:50 - Epoch: [261][300/468] 	 loss: 0.01768, MAE: 0.02869, time/step=798ms, lr=2.15e-05
2023-04-19 03:05:21,562 - logger.py:50 - Epoch: [113][300/468] 	 loss: 0.04514, MAE: 0.07325, time/step=801ms, lr=3.45e-04
2023-04-19 03:05:42,684 - logger.py:50 - Epoch: [261][400/468] 	 loss: 0.01736, MAE: 0.02817, time/step=799ms, lr=2.15e-05
2023-04-19 03:06:36,140 - logger.py:50 - Epoch: [261][467/468] 	 loss: 0.01748, MAE: 0.02838, time/step=799ms, lr=2.15e-05
2023-04-19 03:06:42,687 - logger.py:50 - Epoch: [113][400/468] 	 loss: 0.04617, MAE: 0.07493, time/step=804ms, lr=3.45e-04
2023-04-19 03:06:48,803 - logger.py:50 - Epoch: [261] Target: [1] train MAE: 0.02838, val MAE: 0.21038, test MAE: 0.21426, Time: 386.37s
2023-04-19 03:06:48,803 - logger.py:50 - Best -- epoch=230, train MAE: 0.03199, val MAE: 0.20976, test MAE: 0.21813

2023-04-19 03:06:49,930 - logger.py:50 - Epoch: [262][0/468] 	 loss: 0.01278, MAE: 0.02074, time/step=1124ms, lr=2.05e-05
2023-04-19 03:07:36,660 - logger.py:50 - Epoch: [113][467/468] 	 loss: 0.04614, MAE: 0.07488, time/step=804ms, lr=3.45e-04
2023-04-19 03:07:50,609 - logger.py:50 - Epoch: [113] Target: [1] train MAE: 0.07488, val MAE: 0.22676, test MAE: 0.23593, Time: 390.20s
2023-04-19 03:07:50,609 - logger.py:50 - Best -- epoch=112, train MAE: 0.07403, val MAE: 0.22329, test MAE: 0.22594

2023-04-19 03:07:51,793 - logger.py:50 - Epoch: [114][0/468] 	 loss: 0.02875, MAE: 0.04666, time/step=1182ms, lr=3.42e-04
2023-04-19 03:08:09,216 - logger.py:50 - Epoch: [262][100/468] 	 loss: 0.01715, MAE: 0.02783, time/step=796ms, lr=2.05e-05
2023-04-19 03:09:11,961 - logger.py:50 - Epoch: [114][100/468] 	 loss: 0.04448, MAE: 0.07219, time/step=805ms, lr=3.42e-04
2023-04-19 03:09:28,487 - logger.py:50 - Epoch: [262][200/468] 	 loss: 0.01768, MAE: 0.02870, time/step=794ms, lr=2.05e-05
2023-04-19 03:10:31,952 - logger.py:50 - Epoch: [114][200/468] 	 loss: 0.04577, MAE: 0.07429, time/step=803ms, lr=3.42e-04
2023-04-19 03:10:49,197 - logger.py:50 - Epoch: [262][300/468] 	 loss: 0.01784, MAE: 0.02895, time/step=799ms, lr=2.05e-05
2023-04-19 03:11:52,761 - logger.py:50 - Epoch: [114][300/468] 	 loss: 0.04573, MAE: 0.07421, time/step=804ms, lr=3.42e-04
2023-04-19 03:12:09,486 - logger.py:50 - Epoch: [262][400/468] 	 loss: 0.01766, MAE: 0.02866, time/step=800ms, lr=2.05e-05
2023-04-19 03:13:02,334 - logger.py:50 - Epoch: [262][467/468] 	 loss: 0.01744, MAE: 0.02830, time/step=798ms, lr=2.05e-05
2023-04-19 03:13:13,433 - logger.py:50 - Epoch: [114][400/468] 	 loss: 0.04627, MAE: 0.07510, time/step=805ms, lr=3.42e-04
2023-04-19 03:13:15,029 - logger.py:50 - Epoch: [262] Target: [1] train MAE: 0.02830, val MAE: 0.21038, test MAE: 0.21362, Time: 386.23s
2023-04-19 03:13:15,029 - logger.py:50 - Best -- epoch=230, train MAE: 0.03199, val MAE: 0.20976, test MAE: 0.21813

2023-04-19 03:13:16,229 - logger.py:50 - Epoch: [263][0/468] 	 loss: 0.01807, MAE: 0.02932, time/step=1198ms, lr=1.95e-05
2023-04-19 03:14:08,062 - logger.py:50 - Epoch: [114][467/468] 	 loss: 0.04615, MAE: 0.07489, time/step=807ms, lr=3.42e-04
2023-04-19 03:14:21,967 - logger.py:50 - Epoch: [114] Target: [1] train MAE: 0.07489, val MAE: 0.22669, test MAE: 0.22668, Time: 391.36s
2023-04-19 03:14:21,967 - logger.py:50 - Best -- epoch=112, train MAE: 0.07403, val MAE: 0.22329, test MAE: 0.22594

2023-04-19 03:14:23,104 - logger.py:50 - Epoch: [115][0/468] 	 loss: 0.02716, MAE: 0.04408, time/step=1134ms, lr=3.40e-04
2023-04-19 03:14:36,682 - logger.py:50 - Epoch: [263][100/468] 	 loss: 0.01682, MAE: 0.02730, time/step=808ms, lr=1.95e-05
2023-04-19 03:15:42,900 - logger.py:50 - Epoch: [115][100/468] 	 loss: 0.04465, MAE: 0.07246, time/step=801ms, lr=3.40e-04
2023-04-19 03:15:56,006 - logger.py:50 - Epoch: [263][200/468] 	 loss: 0.01748, MAE: 0.02837, time/step=801ms, lr=1.95e-05
2023-04-19 03:17:03,273 - logger.py:50 - Epoch: [115][200/468] 	 loss: 0.04516, MAE: 0.07329, time/step=803ms, lr=3.40e-04
2023-04-19 03:17:15,586 - logger.py:50 - Epoch: [263][300/468] 	 loss: 0.01733, MAE: 0.02813, time/step=799ms, lr=1.95e-05
2023-04-19 03:18:24,355 - logger.py:50 - Epoch: [115][300/468] 	 loss: 0.04506, MAE: 0.07313, time/step=805ms, lr=3.40e-04
2023-04-19 03:18:35,117 - logger.py:50 - Epoch: [263][400/468] 	 loss: 0.01725, MAE: 0.02799, time/step=798ms, lr=1.95e-05
2023-04-19 03:19:27,945 - logger.py:50 - Epoch: [263][467/468] 	 loss: 0.01738, MAE: 0.02821, time/step=797ms, lr=1.95e-05
2023-04-19 03:19:40,614 - logger.py:50 - Epoch: [263] Target: [1] train MAE: 0.02821, val MAE: 0.21086, test MAE: 0.21226, Time: 385.58s
2023-04-19 03:19:40,614 - logger.py:50 - Best -- epoch=230, train MAE: 0.03199, val MAE: 0.20976, test MAE: 0.21813

2023-04-19 03:19:41,711 - logger.py:50 - Epoch: [264][0/468] 	 loss: 0.01881, MAE: 0.03053, time/step=1095ms, lr=1.85e-05
2023-04-19 03:19:45,087 - logger.py:50 - Epoch: [115][400/468] 	 loss: 0.04466, MAE: 0.07248, time/step=806ms, lr=3.40e-04
2023-04-19 03:20:38,429 - logger.py:50 - Epoch: [115][467/468] 	 loss: 0.04458, MAE: 0.07236, time/step=804ms, lr=3.40e-04
2023-04-19 03:20:52,386 - logger.py:50 - Epoch: [115] Target: [1] train MAE: 0.07236, val MAE: 0.22517, test MAE: 0.22963, Time: 390.42s
2023-04-19 03:20:52,386 - logger.py:50 - Best -- epoch=112, train MAE: 0.07403, val MAE: 0.22329, test MAE: 0.22594

2023-04-19 03:20:53,605 - logger.py:50 - Epoch: [116][0/468] 	 loss: 0.03403, MAE: 0.05522, time/step=1216ms, lr=3.37e-04
2023-04-19 03:21:01,116 - logger.py:50 - Epoch: [264][100/468] 	 loss: 0.01851, MAE: 0.03004, time/step=797ms, lr=1.85e-05
2023-04-19 03:22:13,460 - logger.py:50 - Epoch: [116][100/468] 	 loss: 0.04293, MAE: 0.06968, time/step=803ms, lr=3.37e-04
2023-04-19 03:22:20,611 - logger.py:50 - Epoch: [264][200/468] 	 loss: 0.01716, MAE: 0.02786, time/step=796ms, lr=1.85e-05
2023-04-19 03:23:34,098 - logger.py:50 - Epoch: [116][200/468] 	 loss: 0.04231, MAE: 0.06866, time/step=805ms, lr=3.37e-04
2023-04-19 03:23:40,167 - logger.py:50 - Epoch: [264][300/468] 	 loss: 0.01755, MAE: 0.02848, time/step=796ms, lr=1.85e-05
2023-04-19 03:24:54,292 - logger.py:50 - Epoch: [116][300/468] 	 loss: 0.04290, MAE: 0.06963, time/step=804ms, lr=3.37e-04
2023-04-19 03:24:59,236 - logger.py:50 - Epoch: [264][400/468] 	 loss: 0.01733, MAE: 0.02813, time/step=795ms, lr=1.85e-05
2023-04-19 03:25:52,148 - logger.py:50 - Epoch: [264][467/468] 	 loss: 0.01728, MAE: 0.02804, time/step=794ms, lr=1.85e-05
2023-04-19 03:26:04,931 - logger.py:50 - Epoch: [264] Target: [1] train MAE: 0.02804, val MAE: 0.21106, test MAE: 0.21394, Time: 384.32s
2023-04-19 03:26:04,931 - logger.py:50 - Best -- epoch=230, train MAE: 0.03199, val MAE: 0.20976, test MAE: 0.21813

2023-04-19 03:26:06,200 - logger.py:50 - Epoch: [265][0/468] 	 loss: 0.01341, MAE: 0.02176, time/step=1264ms, lr=1.76e-05
2023-04-19 03:26:14,393 - logger.py:50 - Epoch: [116][400/468] 	 loss: 0.04357, MAE: 0.07071, time/step=803ms, lr=3.37e-04
2023-04-19 03:27:08,772 - logger.py:50 - Epoch: [116][467/468] 	 loss: 0.04366, MAE: 0.07086, time/step=804ms, lr=3.37e-04
2023-04-19 03:27:22,694 - logger.py:50 - Epoch: [116] Target: [1] train MAE: 0.07086, val MAE: 0.22756, test MAE: 0.22887, Time: 390.31s
2023-04-19 03:27:22,694 - logger.py:50 - Best -- epoch=112, train MAE: 0.07403, val MAE: 0.22329, test MAE: 0.22594

2023-04-19 03:27:23,814 - logger.py:50 - Epoch: [117][0/468] 	 loss: 0.05670, MAE: 0.09201, time/step=1117ms, lr=3.35e-04
2023-04-19 03:27:25,672 - logger.py:50 - Epoch: [265][100/468] 	 loss: 0.01674, MAE: 0.02717, time/step=799ms, lr=1.76e-05
2023-04-19 03:28:44,634 - logger.py:50 - Epoch: [117][100/468] 	 loss: 0.04304, MAE: 0.06984, time/step=811ms, lr=3.35e-04
2023-04-19 03:28:46,214 - logger.py:50 - Epoch: [265][200/468] 	 loss: 0.01746, MAE: 0.02833, time/step=802ms, lr=1.76e-05
2023-04-19 03:30:05,062 - logger.py:50 - Epoch: [265][300/468] 	 loss: 0.01721, MAE: 0.02792, time/step=798ms, lr=1.76e-05
2023-04-19 03:30:05,710 - logger.py:50 - Epoch: [117][200/468] 	 loss: 0.04268, MAE: 0.06926, time/step=811ms, lr=3.35e-04
2023-04-19 03:31:24,377 - logger.py:50 - Epoch: [265][400/468] 	 loss: 0.01744, MAE: 0.02831, time/step=797ms, lr=1.76e-05
2023-04-19 03:31:25,786 - logger.py:50 - Epoch: [117][300/468] 	 loss: 0.04364, MAE: 0.07083, time/step=808ms, lr=3.35e-04
2023-04-19 03:32:17,016 - logger.py:50 - Epoch: [265][467/468] 	 loss: 0.01734, MAE: 0.02813, time/step=795ms, lr=1.76e-05
2023-04-19 03:32:29,648 - logger.py:50 - Epoch: [265] Target: [1] train MAE: 0.02813, val MAE: 0.21131, test MAE: 0.21310, Time: 384.72s
2023-04-19 03:32:29,649 - logger.py:50 - Best -- epoch=230, train MAE: 0.03199, val MAE: 0.20976, test MAE: 0.21813

2023-04-19 03:32:30,750 - logger.py:50 - Epoch: [266][0/468] 	 loss: 0.02454, MAE: 0.03983, time/step=1099ms, lr=1.66e-05
2023-04-19 03:32:46,087 - logger.py:50 - Epoch: [117][400/468] 	 loss: 0.04367, MAE: 0.07087, time/step=806ms, lr=3.35e-04
2023-04-19 03:33:39,813 - logger.py:50 - Epoch: [117][467/468] 	 loss: 0.04369, MAE: 0.07090, time/step=806ms, lr=3.35e-04
2023-04-19 03:33:50,853 - logger.py:50 - Epoch: [266][100/468] 	 loss: 0.01790, MAE: 0.02906, time/step=804ms, lr=1.66e-05
2023-04-19 03:33:53,740 - logger.py:50 - Epoch: [117] Target: [1] train MAE: 0.07090, val MAE: 0.22469, test MAE: 0.23510, Time: 391.05s
2023-04-19 03:33:53,740 - logger.py:50 - Best -- epoch=112, train MAE: 0.07403, val MAE: 0.22329, test MAE: 0.22594

2023-04-19 03:33:54,856 - logger.py:50 - Epoch: [118][0/468] 	 loss: 0.06593, MAE: 0.10700, time/step=1114ms, lr=3.33e-04
2023-04-19 03:35:09,748 - logger.py:50 - Epoch: [266][200/468] 	 loss: 0.01754, MAE: 0.02846, time/step=796ms, lr=1.66e-05
2023-04-19 03:35:15,017 - logger.py:50 - Epoch: [118][100/468] 	 loss: 0.04017, MAE: 0.06519, time/step=805ms, lr=3.33e-04
2023-04-19 03:36:29,496 - logger.py:50 - Epoch: [266][300/468] 	 loss: 0.01733, MAE: 0.02812, time/step=797ms, lr=1.66e-05
2023-04-19 03:36:34,792 - logger.py:50 - Epoch: [118][200/468] 	 loss: 0.04149, MAE: 0.06734, time/step=801ms, lr=3.33e-04
2023-04-19 03:37:48,933 - logger.py:50 - Epoch: [266][400/468] 	 loss: 0.01729, MAE: 0.02806, time/step=796ms, lr=1.66e-05
2023-04-19 03:37:56,497 - logger.py:50 - Epoch: [118][300/468] 	 loss: 0.04237, MAE: 0.06876, time/step=806ms, lr=3.33e-04
2023-04-19 03:38:42,259 - logger.py:50 - Epoch: [266][467/468] 	 loss: 0.01731, MAE: 0.02809, time/step=796ms, lr=1.66e-05
2023-04-19 03:38:54,888 - logger.py:50 - Epoch: [266] Target: [1] train MAE: 0.02809, val MAE: 0.21087, test MAE: 0.21438, Time: 385.24s
2023-04-19 03:38:54,888 - logger.py:50 - Best -- epoch=230, train MAE: 0.03199, val MAE: 0.20976, test MAE: 0.21813

2023-04-19 03:38:56,018 - logger.py:50 - Epoch: [267][0/468] 	 loss: 0.01011, MAE: 0.01641, time/step=1127ms, lr=1.58e-05
2023-04-19 03:39:17,124 - logger.py:50 - Epoch: [118][400/468] 	 loss: 0.04319, MAE: 0.07009, time/step=806ms, lr=3.33e-04
2023-04-19 03:40:10,507 - logger.py:50 - Epoch: [118][467/468] 	 loss: 0.04351, MAE: 0.07061, time/step=805ms, lr=3.33e-04
2023-04-19 03:40:16,012 - logger.py:50 - Epoch: [267][100/468] 	 loss: 0.01687, MAE: 0.02738, time/step=803ms, lr=1.58e-05
2023-04-19 03:40:24,528 - logger.py:50 - Epoch: [118] Target: [1] train MAE: 0.07061, val MAE: 0.22276, test MAE: 0.22974, Time: 390.79s
2023-04-19 03:40:24,528 - logger.py:50 - Best -- epoch=118, train MAE: 0.07061, val MAE: 0.22276, test MAE: 0.22974

2023-04-19 03:40:25,777 - logger.py:50 - Epoch: [119][0/468] 	 loss: 0.03927, MAE: 0.06373, time/step=1247ms, lr=3.30e-04
2023-04-19 03:41:35,061 - logger.py:50 - Epoch: [267][200/468] 	 loss: 0.01740, MAE: 0.02824, time/step=797ms, lr=1.58e-05
2023-04-19 03:41:45,932 - logger.py:50 - Epoch: [119][100/468] 	 loss: 0.04212, MAE: 0.06836, time/step=806ms, lr=3.30e-04
2023-04-19 03:42:54,961 - logger.py:50 - Epoch: [267][300/468] 	 loss: 0.01741, MAE: 0.02825, time/step=798ms, lr=1.58e-05
2023-04-19 03:43:06,127 - logger.py:50 - Epoch: [119][200/468] 	 loss: 0.04196, MAE: 0.06810, time/step=804ms, lr=3.30e-04
2023-04-19 03:44:14,849 - logger.py:50 - Epoch: [267][400/468] 	 loss: 0.01733, MAE: 0.02812, time/step=798ms, lr=1.58e-05
2023-04-19 03:44:27,246 - logger.py:50 - Epoch: [119][300/468] 	 loss: 0.04180, MAE: 0.06784, time/step=806ms, lr=3.30e-04
2023-04-19 03:45:08,169 - logger.py:50 - Epoch: [267][467/468] 	 loss: 0.01720, MAE: 0.02792, time/step=798ms, lr=1.58e-05
2023-04-19 03:45:22,690 - logger.py:50 - Epoch: [267] Target: [1] train MAE: 0.02792, val MAE: 0.21085, test MAE: 0.21474, Time: 387.80s
2023-04-19 03:45:22,690 - logger.py:50 - Best -- epoch=230, train MAE: 0.03199, val MAE: 0.20976, test MAE: 0.21813

2023-04-19 03:45:23,807 - logger.py:50 - Epoch: [268][0/468] 	 loss: 0.01442, MAE: 0.02340, time/step=1115ms, lr=1.49e-05
2023-04-19 03:45:47,670 - logger.py:50 - Epoch: [119][400/468] 	 loss: 0.04270, MAE: 0.06930, time/step=806ms, lr=3.30e-04
2023-04-19 03:46:41,462 - logger.py:50 - Epoch: [119][467/468] 	 loss: 0.04310, MAE: 0.06995, time/step=805ms, lr=3.30e-04
2023-04-19 03:46:43,320 - logger.py:50 - Epoch: [268][100/468] 	 loss: 0.01713, MAE: 0.02780, time/step=798ms, lr=1.49e-05
2023-04-19 03:46:55,555 - logger.py:50 - Epoch: [119] Target: [1] train MAE: 0.06995, val MAE: 0.23398, test MAE: 0.24303, Time: 391.03s
2023-04-19 03:46:55,556 - logger.py:50 - Best -- epoch=118, train MAE: 0.07061, val MAE: 0.22276, test MAE: 0.22974

2023-04-19 03:46:57,562 - logger.py:50 - Epoch: [120][0/468] 	 loss: 0.07058, MAE: 0.11455, time/step=2003ms, lr=3.28e-04
2023-04-19 03:48:01,651 - logger.py:50 - Epoch: [268][200/468] 	 loss: 0.01755, MAE: 0.02848, time/step=791ms, lr=1.49e-05
2023-04-19 03:48:17,693 - logger.py:50 - Epoch: [120][100/468] 	 loss: 0.04528, MAE: 0.07349, time/step=813ms, lr=3.28e-04
2023-04-19 03:49:22,332 - logger.py:50 - Epoch: [268][300/468] 	 loss: 0.01734, MAE: 0.02814, time/step=796ms, lr=1.49e-05
2023-04-19 03:49:37,663 - logger.py:50 - Epoch: [120][200/468] 	 loss: 0.04387, MAE: 0.07119, time/step=806ms, lr=3.28e-04
2023-04-19 03:50:41,706 - logger.py:50 - Epoch: [268][400/468] 	 loss: 0.01708, MAE: 0.02771, time/step=796ms, lr=1.49e-05
2023-04-19 03:50:58,503 - logger.py:50 - Epoch: [120][300/468] 	 loss: 0.04343, MAE: 0.07049, time/step=807ms, lr=3.28e-04
2023-04-19 03:51:35,012 - logger.py:50 - Epoch: [268][467/468] 	 loss: 0.01717, MAE: 0.02787, time/step=796ms, lr=1.49e-05
2023-04-19 03:51:47,692 - logger.py:50 - Epoch: [268] Target: [1] train MAE: 0.02787, val MAE: 0.21078, test MAE: 0.21471, Time: 385.00s
2023-04-19 03:51:47,692 - logger.py:50 - Best -- epoch=230, train MAE: 0.03199, val MAE: 0.20976, test MAE: 0.21813

2023-04-19 03:51:48,805 - logger.py:50 - Epoch: [269][0/468] 	 loss: 0.02035, MAE: 0.03303, time/step=1110ms, lr=1.40e-05
2023-04-19 03:52:18,846 - logger.py:50 - Epoch: [120][400/468] 	 loss: 0.04287, MAE: 0.06958, time/step=806ms, lr=3.28e-04
2023-04-19 03:53:08,886 - logger.py:50 - Epoch: [269][100/468] 	 loss: 0.01713, MAE: 0.02781, time/step=804ms, lr=1.40e-05
2023-04-19 03:53:12,969 - logger.py:50 - Epoch: [120][467/468] 	 loss: 0.04281, MAE: 0.06947, time/step=806ms, lr=3.28e-04
2023-04-19 03:53:26,942 - logger.py:50 - Epoch: [120] Target: [1] train MAE: 0.06947, val MAE: 0.22132, test MAE: 0.22733, Time: 391.39s
2023-04-19 03:53:26,943 - logger.py:50 - Best -- epoch=120, train MAE: 0.06947, val MAE: 0.22132, test MAE: 0.22733

2023-04-19 03:53:28,093 - logger.py:50 - Epoch: [121][0/468] 	 loss: 0.03902, MAE: 0.06332, time/step=1148ms, lr=3.25e-04
2023-04-19 03:54:28,311 - logger.py:50 - Epoch: [269][200/468] 	 loss: 0.01720, MAE: 0.02791, time/step=799ms, lr=1.40e-05
2023-04-19 03:54:48,447 - logger.py:50 - Epoch: [121][100/468] 	 loss: 0.04134, MAE: 0.06709, time/step=807ms, lr=3.25e-04
2023-04-19 03:55:47,518 - logger.py:50 - Epoch: [269][300/468] 	 loss: 0.01707, MAE: 0.02770, time/step=797ms, lr=1.40e-05
2023-04-19 03:56:09,335 - logger.py:50 - Epoch: [121][200/468] 	 loss: 0.04100, MAE: 0.06654, time/step=808ms, lr=3.25e-04
2023-04-19 03:57:07,262 - logger.py:50 - Epoch: [269][400/468] 	 loss: 0.01720, MAE: 0.02791, time/step=797ms, lr=1.40e-05
2023-04-19 03:57:30,699 - logger.py:50 - Epoch: [121][300/468] 	 loss: 0.04117, MAE: 0.06681, time/step=810ms, lr=3.25e-04
2023-04-19 03:57:59,751 - logger.py:50 - Epoch: [269][467/468] 	 loss: 0.01709, MAE: 0.02773, time/step=795ms, lr=1.40e-05
2023-04-19 03:58:12,438 - logger.py:50 - Epoch: [269] Target: [1] train MAE: 0.02773, val MAE: 0.21028, test MAE: 0.21394, Time: 384.75s
2023-04-19 03:58:12,438 - logger.py:50 - Best -- epoch=230, train MAE: 0.03199, val MAE: 0.20976, test MAE: 0.21813

2023-04-19 03:58:13,574 - logger.py:50 - Epoch: [270][0/468] 	 loss: 0.01354, MAE: 0.02198, time/step=1134ms, lr=1.32e-05
2023-04-19 03:58:50,590 - logger.py:50 - Epoch: [121][400/468] 	 loss: 0.04132, MAE: 0.06706, time/step=807ms, lr=3.25e-04
2023-04-19 03:59:32,521 - logger.py:50 - Epoch: [270][100/468] 	 loss: 0.01773, MAE: 0.02878, time/step=793ms, lr=1.32e-05
2023-04-19 03:59:44,470 - logger.py:50 - Epoch: [121][467/468] 	 loss: 0.04165, MAE: 0.06759, time/step=807ms, lr=3.25e-04
2023-04-19 03:59:58,418 - logger.py:50 - Epoch: [121] Target: [1] train MAE: 0.06759, val MAE: 0.22514, test MAE: 0.23347, Time: 391.47s
2023-04-19 03:59:58,418 - logger.py:50 - Best -- epoch=120, train MAE: 0.06947, val MAE: 0.22132, test MAE: 0.22733

2023-04-19 03:59:59,510 - logger.py:50 - Epoch: [122][0/468] 	 loss: 0.05015, MAE: 0.08138, time/step=1089ms, lr=3.23e-04
2023-04-19 04:00:52,495 - logger.py:50 - Epoch: [270][200/468] 	 loss: 0.01755, MAE: 0.02848, time/step=796ms, lr=1.32e-05
2023-04-19 04:01:20,482 - logger.py:50 - Epoch: [122][100/468] 	 loss: 0.04243, MAE: 0.06886, time/step=812ms, lr=3.23e-04
2023-04-19 04:02:11,608 - logger.py:50 - Epoch: [270][300/468] 	 loss: 0.01726, MAE: 0.02800, time/step=795ms, lr=1.32e-05
2023-04-19 04:02:40,452 - logger.py:50 - Epoch: [122][200/468] 	 loss: 0.04282, MAE: 0.06949, time/step=806ms, lr=3.23e-04
2023-04-19 04:03:30,860 - logger.py:50 - Epoch: [270][400/468] 	 loss: 0.01712, MAE: 0.02778, time/step=794ms, lr=1.32e-05
2023-04-19 04:04:00,436 - logger.py:50 - Epoch: [122][300/468] 	 loss: 0.04350, MAE: 0.07060, time/step=804ms, lr=3.23e-04
2023-04-19 04:04:24,345 - logger.py:50 - Epoch: [270][467/468] 	 loss: 0.01713, MAE: 0.02780, time/step=795ms, lr=1.32e-05
2023-04-19 04:04:37,007 - logger.py:50 - Epoch: [270] Target: [1] train MAE: 0.02780, val MAE: 0.21057, test MAE: 0.21415, Time: 384.57s
2023-04-19 04:04:37,008 - logger.py:50 - Best -- epoch=230, train MAE: 0.03199, val MAE: 0.20976, test MAE: 0.21813

2023-04-19 04:04:38,217 - logger.py:50 - Epoch: [271][0/468] 	 loss: 0.02009, MAE: 0.03261, time/step=1207ms, lr=1.24e-05
2023-04-19 04:05:20,884 - logger.py:50 - Epoch: [122][400/468] 	 loss: 0.04327, MAE: 0.07021, time/step=804ms, lr=3.23e-04
2023-04-19 04:05:58,051 - logger.py:50 - Epoch: [271][100/468] 	 loss: 0.01773, MAE: 0.02878, time/step=802ms, lr=1.24e-05
2023-04-19 04:06:15,061 - logger.py:50 - Epoch: [122][467/468] 	 loss: 0.04280, MAE: 0.06947, time/step=805ms, lr=3.23e-04
2023-04-19 04:06:29,045 - logger.py:50 - Epoch: [122] Target: [1] train MAE: 0.06947, val MAE: 0.22453, test MAE: 0.22260, Time: 390.63s
2023-04-19 04:06:29,046 - logger.py:50 - Best -- epoch=120, train MAE: 0.06947, val MAE: 0.22132, test MAE: 0.22733

2023-04-19 04:06:30,223 - logger.py:50 - Epoch: [123][0/468] 	 loss: 0.03821, MAE: 0.06200, time/step=1175ms, lr=3.20e-04
2023-04-19 04:07:17,027 - logger.py:50 - Epoch: [271][200/468] 	 loss: 0.01697, MAE: 0.02755, time/step=796ms, lr=1.24e-05
2023-04-19 04:07:50,360 - logger.py:50 - Epoch: [123][100/468] 	 loss: 0.04071, MAE: 0.06607, time/step=805ms, lr=3.20e-04
2023-04-19 04:08:36,701 - logger.py:50 - Epoch: [271][300/468] 	 loss: 0.01709, MAE: 0.02773, time/step=796ms, lr=1.24e-05
2023-04-19 04:09:11,661 - logger.py:50 - Epoch: [123][200/468] 	 loss: 0.04322, MAE: 0.07015, time/step=809ms, lr=3.20e-04
2023-04-19 04:09:56,962 - logger.py:50 - Epoch: [271][400/468] 	 loss: 0.01697, MAE: 0.02754, time/step=798ms, lr=1.24e-05
2023-04-19 04:10:31,696 - logger.py:50 - Epoch: [123][300/468] 	 loss: 0.04348, MAE: 0.07056, time/step=806ms, lr=3.20e-04
2023-04-19 04:10:50,065 - logger.py:50 - Epoch: [271][467/468] 	 loss: 0.01710, MAE: 0.02776, time/step=797ms, lr=1.24e-05
2023-04-19 04:11:02,663 - logger.py:50 - Epoch: [271] Target: [1] train MAE: 0.02776, val MAE: 0.21064, test MAE: 0.21379, Time: 385.66s
2023-04-19 04:11:02,663 - logger.py:50 - Best -- epoch=230, train MAE: 0.03199, val MAE: 0.20976, test MAE: 0.21813

2023-04-19 04:11:03,843 - logger.py:50 - Epoch: [272][0/468] 	 loss: 0.01502, MAE: 0.02437, time/step=1177ms, lr=1.16e-05
2023-04-19 04:11:51,828 - logger.py:50 - Epoch: [123][400/468] 	 loss: 0.04315, MAE: 0.07002, time/step=805ms, lr=3.20e-04
2023-04-19 04:12:24,631 - logger.py:50 - Epoch: [272][100/468] 	 loss: 0.01605, MAE: 0.02605, time/step=812ms, lr=1.16e-05
2023-04-19 04:12:45,194 - logger.py:50 - Epoch: [123][467/468] 	 loss: 0.04289, MAE: 0.06961, time/step=804ms, lr=3.20e-04
2023-04-19 04:12:59,103 - logger.py:50 - Epoch: [123] Target: [1] train MAE: 0.06961, val MAE: 0.22583, test MAE: 0.22863, Time: 390.06s
2023-04-19 04:12:59,103 - logger.py:50 - Best -- epoch=120, train MAE: 0.06947, val MAE: 0.22132, test MAE: 0.22733

2023-04-19 04:13:00,285 - logger.py:50 - Epoch: [124][0/468] 	 loss: 0.04177, MAE: 0.06780, time/step=1179ms, lr=3.18e-04
2023-04-19 04:13:44,893 - logger.py:50 - Epoch: [272][200/468] 	 loss: 0.01701, MAE: 0.02761, time/step=807ms, lr=1.16e-05
2023-04-19 04:14:20,991 - logger.py:50 - Epoch: [124][100/468] 	 loss: 0.04028, MAE: 0.06537, time/step=811ms, lr=3.18e-04
2023-04-19 04:15:04,584 - logger.py:50 - Epoch: [272][300/468] 	 loss: 0.01711, MAE: 0.02777, time/step=804ms, lr=1.16e-05
2023-04-19 04:15:40,775 - logger.py:50 - Epoch: [124][200/468] 	 loss: 0.04161, MAE: 0.06753, time/step=804ms, lr=3.18e-04
2023-04-19 04:16:24,333 - logger.py:50 - Epoch: [272][400/468] 	 loss: 0.01718, MAE: 0.02787, time/step=802ms, lr=1.16e-05
2023-04-19 04:17:01,294 - logger.py:50 - Epoch: [124][300/468] 	 loss: 0.04140, MAE: 0.06719, time/step=805ms, lr=3.18e-04
2023-04-19 04:17:17,767 - logger.py:50 - Epoch: [272][467/468] 	 loss: 0.01704, MAE: 0.02766, time/step=801ms, lr=1.16e-05
2023-04-19 04:17:30,464 - logger.py:50 - Epoch: [272] Target: [1] train MAE: 0.02766, val MAE: 0.21098, test MAE: 0.21348, Time: 387.80s
2023-04-19 04:17:30,464 - logger.py:50 - Best -- epoch=230, train MAE: 0.03199, val MAE: 0.20976, test MAE: 0.21813

2023-04-19 04:17:31,667 - logger.py:50 - Epoch: [273][0/468] 	 loss: 0.01555, MAE: 0.02523, time/step=1201ms, lr=1.09e-05
2023-04-19 04:18:21,366 - logger.py:50 - Epoch: [124][400/468] 	 loss: 0.04162, MAE: 0.06754, time/step=804ms, lr=3.18e-04
2023-04-19 04:18:52,621 - logger.py:50 - Epoch: [273][100/468] 	 loss: 0.01701, MAE: 0.02760, time/step=813ms, lr=1.09e-05
2023-04-19 04:19:15,998 - logger.py:50 - Epoch: [124][467/468] 	 loss: 0.04127, MAE: 0.06698, time/step=805ms, lr=3.18e-04
2023-04-19 04:19:29,962 - logger.py:50 - Epoch: [124] Target: [1] train MAE: 0.06698, val MAE: 0.22549, test MAE: 0.22483, Time: 390.86s
2023-04-19 04:19:29,962 - logger.py:50 - Best -- epoch=120, train MAE: 0.06947, val MAE: 0.22132, test MAE: 0.22733

2023-04-19 04:19:31,121 - logger.py:50 - Epoch: [125][0/468] 	 loss: 0.06578, MAE: 0.10675, time/step=1156ms, lr=3.15e-04
2023-04-19 04:20:12,909 - logger.py:50 - Epoch: [273][200/468] 	 loss: 0.01702, MAE: 0.02762, time/step=808ms, lr=1.09e-05
2023-04-19 04:20:51,742 - logger.py:50 - Epoch: [125][100/468] 	 loss: 0.03912, MAE: 0.06349, time/step=810ms, lr=3.15e-04
2023-04-19 04:21:32,018 - logger.py:50 - Epoch: [273][300/468] 	 loss: 0.01689, MAE: 0.02742, time/step=802ms, lr=1.09e-05
2023-04-19 04:22:11,636 - logger.py:50 - Epoch: [125][200/468] 	 loss: 0.03895, MAE: 0.06322, time/step=804ms, lr=3.15e-04
2023-04-19 04:22:50,734 - logger.py:50 - Epoch: [273][400/468] 	 loss: 0.01702, MAE: 0.02761, time/step=799ms, lr=1.09e-05
2023-04-19 04:23:31,627 - logger.py:50 - Epoch: [125][300/468] 	 loss: 0.03967, MAE: 0.06438, time/step=803ms, lr=3.15e-04
2023-04-19 04:23:44,412 - logger.py:50 - Epoch: [273][467/468] 	 loss: 0.01704, MAE: 0.02765, time/step=799ms, lr=1.09e-05
2023-04-19 04:23:57,065 - logger.py:50 - Epoch: [273] Target: [1] train MAE: 0.02765, val MAE: 0.21099, test MAE: 0.21319, Time: 386.60s
2023-04-19 04:23:57,066 - logger.py:50 - Best -- epoch=230, train MAE: 0.03199, val MAE: 0.20976, test MAE: 0.21813

2023-04-19 04:23:58,209 - logger.py:50 - Epoch: [274][0/468] 	 loss: 0.02962, MAE: 0.04806, time/step=1141ms, lr=1.02e-05
2023-04-19 04:24:52,419 - logger.py:50 - Epoch: [125][400/468] 	 loss: 0.03976, MAE: 0.06452, time/step=804ms, lr=3.15e-04
2023-04-19 04:25:18,512 - logger.py:50 - Epoch: [274][100/468] 	 loss: 0.01707, MAE: 0.02770, time/step=806ms, lr=1.02e-05
2023-04-19 04:25:46,612 - logger.py:50 - Epoch: [125][467/468] 	 loss: 0.04012, MAE: 0.06512, time/step=805ms, lr=3.15e-04
2023-04-19 04:26:00,615 - logger.py:50 - Epoch: [125] Target: [1] train MAE: 0.06512, val MAE: 0.21888, test MAE: 0.22410, Time: 390.65s
2023-04-19 04:26:00,616 - logger.py:50 - Best -- epoch=125, train MAE: 0.06512, val MAE: 0.21888, test MAE: 0.22410

2023-04-19 04:26:01,866 - logger.py:50 - Epoch: [126][0/468] 	 loss: 0.03906, MAE: 0.06340, time/step=1248ms, lr=3.13e-04
2023-04-19 04:26:38,026 - logger.py:50 - Epoch: [274][200/468] 	 loss: 0.01705, MAE: 0.02767, time/step=801ms, lr=1.02e-05
2023-04-19 04:27:22,543 - logger.py:50 - Epoch: [126][100/468] 	 loss: 0.04115, MAE: 0.06678, time/step=811ms, lr=3.13e-04
2023-04-19 04:27:58,889 - logger.py:50 - Epoch: [274][300/468] 	 loss: 0.01706, MAE: 0.02769, time/step=803ms, lr=1.02e-05
2023-04-19 04:28:43,601 - logger.py:50 - Epoch: [126][200/468] 	 loss: 0.04032, MAE: 0.06543, time/step=811ms, lr=3.13e-04
2023-04-19 04:29:17,586 - logger.py:50 - Epoch: [274][400/468] 	 loss: 0.01677, MAE: 0.02721, time/step=799ms, lr=1.02e-05
2023-04-19 04:30:03,695 - logger.py:50 - Epoch: [126][300/468] 	 loss: 0.04050, MAE: 0.06572, time/step=808ms, lr=3.13e-04
2023-04-19 04:30:10,362 - logger.py:50 - Epoch: [274][467/468] 	 loss: 0.01700, MAE: 0.02759, time/step=798ms, lr=1.02e-05
2023-04-19 04:30:23,073 - logger.py:50 - Epoch: [274] Target: [1] train MAE: 0.02759, val MAE: 0.21096, test MAE: 0.21281, Time: 386.01s
2023-04-19 04:30:23,074 - logger.py:50 - Best -- epoch=230, train MAE: 0.03199, val MAE: 0.20976, test MAE: 0.21813

2023-04-19 04:30:24,233 - logger.py:50 - Epoch: [275][0/468] 	 loss: 0.01568, MAE: 0.02545, time/step=1156ms, lr=9.50e-06
2023-04-19 04:31:24,068 - logger.py:50 - Epoch: [126][400/468] 	 loss: 0.04038, MAE: 0.06552, time/step=807ms, lr=3.13e-04
2023-04-19 04:31:43,851 - logger.py:50 - Epoch: [275][100/468] 	 loss: 0.01735, MAE: 0.02817, time/step=800ms, lr=9.50e-06
2023-04-19 04:32:17,499 - logger.py:50 - Epoch: [126][467/468] 	 loss: 0.04019, MAE: 0.06522, time/step=805ms, lr=3.13e-04
2023-04-19 04:32:31,510 - logger.py:50 - Epoch: [126] Target: [1] train MAE: 0.06522, val MAE: 0.22124, test MAE: 0.22675, Time: 390.89s
2023-04-19 04:32:31,510 - logger.py:50 - Best -- epoch=125, train MAE: 0.06512, val MAE: 0.21888, test MAE: 0.22410

2023-04-19 04:32:32,651 - logger.py:50 - Epoch: [127][0/468] 	 loss: 0.03317, MAE: 0.05383, time/step=1138ms, lr=3.10e-04
2023-04-19 04:33:03,288 - logger.py:50 - Epoch: [275][200/468] 	 loss: 0.01700, MAE: 0.02759, time/step=797ms, lr=9.50e-06
2023-04-19 04:33:53,088 - logger.py:50 - Epoch: [127][100/468] 	 loss: 0.03967, MAE: 0.06437, time/step=808ms, lr=3.10e-04
2023-04-19 04:34:23,362 - logger.py:50 - Epoch: [275][300/468] 	 loss: 0.01721, MAE: 0.02793, time/step=798ms, lr=9.50e-06
2023-04-19 04:35:13,451 - logger.py:50 - Epoch: [127][200/468] 	 loss: 0.03948, MAE: 0.06408, time/step=806ms, lr=3.10e-04
2023-04-19 04:35:42,954 - logger.py:50 - Epoch: [275][400/468] 	 loss: 0.01705, MAE: 0.02767, time/step=798ms, lr=9.50e-06
2023-04-19 04:36:33,630 - logger.py:50 - Epoch: [127][300/468] 	 loss: 0.03969, MAE: 0.06441, time/step=804ms, lr=3.10e-04
2023-04-19 04:36:35,500 - logger.py:50 - Epoch: [275][467/468] 	 loss: 0.01699, MAE: 0.02758, time/step=796ms, lr=9.50e-06
2023-04-19 04:36:48,106 - logger.py:50 - Epoch: [275] Target: [1] train MAE: 0.02758, val MAE: 0.21084, test MAE: 0.21361, Time: 385.03s
2023-04-19 04:36:48,106 - logger.py:50 - Best -- epoch=230, train MAE: 0.03199, val MAE: 0.20976, test MAE: 0.21813

2023-04-19 04:36:49,270 - logger.py:50 - Epoch: [276][0/468] 	 loss: 0.01490, MAE: 0.02419, time/step=1162ms, lr=8.84e-06
2023-04-19 04:37:53,959 - logger.py:50 - Epoch: [127][400/468] 	 loss: 0.03917, MAE: 0.06357, time/step=804ms, lr=3.10e-04
2023-04-19 04:38:08,744 - logger.py:50 - Epoch: [276][100/468] 	 loss: 0.01676, MAE: 0.02720, time/step=798ms, lr=8.84e-06
2023-04-19 04:38:48,122 - logger.py:50 - Epoch: [127][467/468] 	 loss: 0.03919, MAE: 0.06360, time/step=805ms, lr=3.10e-04
2023-04-19 04:39:02,106 - logger.py:50 - Epoch: [127] Target: [1] train MAE: 0.06360, val MAE: 0.21739, test MAE: 0.22871, Time: 390.60s
2023-04-19 04:39:02,106 - logger.py:50 - Best -- epoch=127, train MAE: 0.06360, val MAE: 0.21739, test MAE: 0.22871

2023-04-19 04:39:03,251 - logger.py:50 - Epoch: [128][0/468] 	 loss: 0.02636, MAE: 0.04278, time/step=1144ms, lr=3.07e-04
2023-04-19 04:39:27,589 - logger.py:50 - Epoch: [276][200/468] 	 loss: 0.01715, MAE: 0.02783, time/step=793ms, lr=8.84e-06
2023-04-19 04:40:24,639 - logger.py:50 - Epoch: [128][100/468] 	 loss: 0.03926, MAE: 0.06372, time/step=817ms, lr=3.07e-04
2023-04-19 04:40:47,114 - logger.py:50 - Epoch: [276][300/468] 	 loss: 0.01671, MAE: 0.02712, time/step=794ms, lr=8.84e-06
2023-04-19 04:41:44,630 - logger.py:50 - Epoch: [128][200/468] 	 loss: 0.03909, MAE: 0.06344, time/step=809ms, lr=3.07e-04
2023-04-19 04:42:06,504 - logger.py:50 - Epoch: [276][400/468] 	 loss: 0.01691, MAE: 0.02744, time/step=794ms, lr=8.84e-06
2023-04-19 04:42:59,613 - logger.py:50 - Epoch: [276][467/468] 	 loss: 0.01693, MAE: 0.02748, time/step=794ms, lr=8.84e-06
2023-04-19 04:43:05,767 - logger.py:50 - Epoch: [128][300/468] 	 loss: 0.04094, MAE: 0.06644, time/step=810ms, lr=3.07e-04
2023-04-19 04:43:12,281 - logger.py:50 - Epoch: [276] Target: [1] train MAE: 0.02748, val MAE: 0.21057, test MAE: 0.21355, Time: 384.17s
2023-04-19 04:43:12,281 - logger.py:50 - Best -- epoch=230, train MAE: 0.03199, val MAE: 0.20976, test MAE: 0.21813

2023-04-19 04:43:13,378 - logger.py:50 - Epoch: [277][0/468] 	 loss: 0.01120, MAE: 0.01817, time/step=1094ms, lr=8.20e-06
2023-04-19 04:44:25,244 - logger.py:50 - Epoch: [128][400/468] 	 loss: 0.04103, MAE: 0.06658, time/step=806ms, lr=3.07e-04
2023-04-19 04:44:32,268 - logger.py:50 - Epoch: [277][100/468] 	 loss: 0.01768, MAE: 0.02870, time/step=792ms, lr=8.20e-06
2023-04-19 04:45:19,426 - logger.py:50 - Epoch: [128][467/468] 	 loss: 0.04069, MAE: 0.06603, time/step=806ms, lr=3.07e-04
2023-04-19 04:45:33,394 - logger.py:50 - Epoch: [128] Target: [1] train MAE: 0.06603, val MAE: 0.22165, test MAE: 0.22723, Time: 391.29s
2023-04-19 04:45:33,394 - logger.py:50 - Best -- epoch=127, train MAE: 0.06360, val MAE: 0.21739, test MAE: 0.22871

2023-04-19 04:45:34,567 - logger.py:50 - Epoch: [129][0/468] 	 loss: 0.04278, MAE: 0.06943, time/step=1171ms, lr=3.05e-04
2023-04-19 04:45:52,620 - logger.py:50 - Epoch: [277][200/468] 	 loss: 0.01744, MAE: 0.02830, time/step=798ms, lr=8.20e-06
2023-04-19 04:46:54,656 - logger.py:50 - Epoch: [129][100/468] 	 loss: 0.03986, MAE: 0.06468, time/step=805ms, lr=3.05e-04
2023-04-19 04:47:12,022 - logger.py:50 - Epoch: [277][300/468] 	 loss: 0.01704, MAE: 0.02765, time/step=796ms, lr=8.20e-06
2023-04-19 04:48:15,050 - logger.py:50 - Epoch: [129][200/468] 	 loss: 0.03934, MAE: 0.06385, time/step=804ms, lr=3.05e-04
2023-04-19 04:48:30,885 - logger.py:50 - Epoch: [277][400/468] 	 loss: 0.01717, MAE: 0.02786, time/step=795ms, lr=8.20e-06
2023-04-19 04:49:23,531 - logger.py:50 - Epoch: [277][467/468] 	 loss: 0.01699, MAE: 0.02757, time/step=793ms, lr=8.20e-06
2023-04-19 04:49:35,009 - logger.py:50 - Epoch: [129][300/468] 	 loss: 0.03891, MAE: 0.06314, time/step=803ms, lr=3.05e-04
2023-04-19 04:49:36,124 - logger.py:50 - Epoch: [277] Target: [1] train MAE: 0.02757, val MAE: 0.21076, test MAE: 0.21334, Time: 383.84s
2023-04-19 04:49:36,124 - logger.py:50 - Best -- epoch=230, train MAE: 0.03199, val MAE: 0.20976, test MAE: 0.21813

2023-04-19 04:49:37,313 - logger.py:50 - Epoch: [278][0/468] 	 loss: 0.01162, MAE: 0.01886, time/step=1185ms, lr=7.59e-06
2023-04-19 04:50:56,184 - logger.py:50 - Epoch: [129][400/468] 	 loss: 0.03930, MAE: 0.06378, time/step=805ms, lr=3.05e-04
2023-04-19 04:50:56,264 - logger.py:50 - Epoch: [278][100/468] 	 loss: 0.01653, MAE: 0.02683, time/step=793ms, lr=7.59e-06
2023-04-19 04:51:50,624 - logger.py:50 - Epoch: [129][467/468] 	 loss: 0.03961, MAE: 0.06428, time/step=806ms, lr=3.05e-04
2023-04-19 04:52:04,648 - logger.py:50 - Epoch: [129] Target: [1] train MAE: 0.06428, val MAE: 0.22341, test MAE: 0.23228, Time: 391.25s
2023-04-19 04:52:04,648 - logger.py:50 - Best -- epoch=127, train MAE: 0.06360, val MAE: 0.21739, test MAE: 0.22871

2023-04-19 04:52:06,391 - logger.py:50 - Epoch: [130][0/468] 	 loss: 0.03275, MAE: 0.05315, time/step=1741ms, lr=3.02e-04
2023-04-19 04:52:16,246 - logger.py:50 - Epoch: [278][200/468] 	 loss: 0.01677, MAE: 0.02722, time/step=797ms, lr=7.59e-06
2023-04-19 04:53:26,446 - logger.py:50 - Epoch: [130][100/468] 	 loss: 0.03890, MAE: 0.06313, time/step=810ms, lr=3.02e-04
2023-04-19 04:53:35,324 - logger.py:50 - Epoch: [278][300/468] 	 loss: 0.01676, MAE: 0.02720, time/step=795ms, lr=7.59e-06
2023-04-19 04:54:47,663 - logger.py:50 - Epoch: [130][200/468] 	 loss: 0.03823, MAE: 0.06205, time/step=811ms, lr=3.02e-04
2023-04-19 04:54:54,360 - logger.py:50 - Epoch: [278][400/468] 	 loss: 0.01690, MAE: 0.02742, time/step=794ms, lr=7.59e-06
2023-04-19 04:55:48,045 - logger.py:50 - Epoch: [278][467/468] 	 loss: 0.01697, MAE: 0.02754, time/step=795ms, lr=7.59e-06
2023-04-19 04:56:00,762 - logger.py:50 - Epoch: [278] Target: [1] train MAE: 0.02754, val MAE: 0.21080, test MAE: 0.21428, Time: 384.64s
2023-04-19 04:56:00,762 - logger.py:50 - Best -- epoch=230, train MAE: 0.03199, val MAE: 0.20976, test MAE: 0.21813

2023-04-19 04:56:02,055 - logger.py:50 - Epoch: [279][0/468] 	 loss: 0.01689, MAE: 0.02742, time/step=1290ms, lr=7.01e-06
2023-04-19 04:56:07,773 - logger.py:50 - Epoch: [130][300/468] 	 loss: 0.03830, MAE: 0.06216, time/step=808ms, lr=3.02e-04
2023-04-19 04:57:21,838 - logger.py:50 - Epoch: [279][100/468] 	 loss: 0.01695, MAE: 0.02751, time/step=803ms, lr=7.01e-06
2023-04-19 04:57:27,836 - logger.py:50 - Epoch: [130][400/468] 	 loss: 0.03888, MAE: 0.06309, time/step=806ms, lr=3.02e-04
2023-04-19 04:58:21,886 - logger.py:50 - Epoch: [130][467/468] 	 loss: 0.03881, MAE: 0.06299, time/step=806ms, lr=3.02e-04
2023-04-19 04:58:35,881 - logger.py:50 - Epoch: [130] Target: [1] train MAE: 0.06299, val MAE: 0.21808, test MAE: 0.22359, Time: 391.23s
2023-04-19 04:58:35,881 - logger.py:50 - Best -- epoch=127, train MAE: 0.06360, val MAE: 0.21739, test MAE: 0.22871

2023-04-19 04:58:37,125 - logger.py:50 - Epoch: [131][0/468] 	 loss: 0.09212, MAE: 0.14949, time/step=1240ms, lr=3.00e-04
2023-04-19 04:58:41,966 - logger.py:50 - Epoch: [279][200/468] 	 loss: 0.01702, MAE: 0.02763, time/step=802ms, lr=7.01e-06
2023-04-19 04:59:57,430 - logger.py:50 - Epoch: [131][100/468] 	 loss: 0.03897, MAE: 0.06325, time/step=807ms, lr=3.00e-04
2023-04-19 05:00:02,173 - logger.py:50 - Epoch: [279][300/468] 	 loss: 0.01689, MAE: 0.02741, time/step=802ms, lr=7.01e-06
2023-04-19 05:01:17,745 - logger.py:50 - Epoch: [131][200/468] 	 loss: 0.03885, MAE: 0.06305, time/step=805ms, lr=3.00e-04
2023-04-19 05:01:20,540 - logger.py:50 - Epoch: [279][400/468] 	 loss: 0.01701, MAE: 0.02760, time/step=797ms, lr=7.01e-06
2023-04-19 05:02:12,765 - logger.py:50 - Epoch: [279][467/468] 	 loss: 0.01683, MAE: 0.02731, time/step=795ms, lr=7.01e-06
2023-04-19 05:02:25,566 - logger.py:50 - Epoch: [279] Target: [1] train MAE: 0.02731, val MAE: 0.21125, test MAE: 0.21353, Time: 384.80s
2023-04-19 05:02:25,567 - logger.py:50 - Best -- epoch=230, train MAE: 0.03199, val MAE: 0.20976, test MAE: 0.21813

2023-04-19 05:02:26,776 - logger.py:50 - Epoch: [280][0/468] 	 loss: 0.01499, MAE: 0.02433, time/step=1205ms, lr=6.45e-06
2023-04-19 05:02:38,854 - logger.py:50 - Epoch: [131][300/468] 	 loss: 0.03884, MAE: 0.06304, time/step=807ms, lr=3.00e-04
2023-04-19 05:03:46,129 - logger.py:50 - Epoch: [280][100/468] 	 loss: 0.01728, MAE: 0.02804, time/step=798ms, lr=6.45e-06
2023-04-19 05:03:58,822 - logger.py:50 - Epoch: [131][400/468] 	 loss: 0.03930, MAE: 0.06378, time/step=805ms, lr=3.00e-04
2023-04-19 05:04:52,547 - logger.py:50 - Epoch: [131][467/468] 	 loss: 0.03910, MAE: 0.06346, time/step=805ms, lr=3.00e-04
2023-04-19 05:05:05,294 - logger.py:50 - Epoch: [280][200/468] 	 loss: 0.01651, MAE: 0.02680, time/step=795ms, lr=6.45e-06
2023-04-19 05:05:06,521 - logger.py:50 - Epoch: [131] Target: [1] train MAE: 0.06346, val MAE: 0.22275, test MAE: 0.22733, Time: 390.64s
2023-04-19 05:05:06,521 - logger.py:50 - Best -- epoch=127, train MAE: 0.06360, val MAE: 0.21739, test MAE: 0.22871

2023-04-19 05:05:07,672 - logger.py:50 - Epoch: [132][0/468] 	 loss: 0.02821, MAE: 0.04577, time/step=1148ms, lr=2.97e-04
2023-04-19 05:06:25,082 - logger.py:50 - Epoch: [280][300/468] 	 loss: 0.01681, MAE: 0.02728, time/step=796ms, lr=6.45e-06
2023-04-19 05:06:28,844 - logger.py:50 - Epoch: [132][100/468] 	 loss: 0.03793, MAE: 0.06155, time/step=815ms, lr=2.97e-04
2023-04-19 05:07:44,822 - logger.py:50 - Epoch: [280][400/468] 	 loss: 0.01678, MAE: 0.02723, time/step=796ms, lr=6.45e-06
2023-04-19 05:07:48,202 - logger.py:50 - Epoch: [132][200/468] 	 loss: 0.03837, MAE: 0.06228, time/step=804ms, lr=2.97e-04
2023-04-19 05:08:37,457 - logger.py:50 - Epoch: [280][467/468] 	 loss: 0.01689, MAE: 0.02740, time/step=795ms, lr=6.45e-06
2023-04-19 05:08:50,222 - logger.py:50 - Epoch: [280] Target: [1] train MAE: 0.02740, val MAE: 0.21112, test MAE: 0.21353, Time: 384.66s
2023-04-19 05:08:50,222 - logger.py:50 - Best -- epoch=230, train MAE: 0.03199, val MAE: 0.20976, test MAE: 0.21813

2023-04-19 05:08:51,489 - logger.py:50 - Epoch: [281][0/468] 	 loss: 0.01284, MAE: 0.02085, time/step=1263ms, lr=5.92e-06
2023-04-19 05:09:08,173 - logger.py:50 - Epoch: [132][300/468] 	 loss: 0.03813, MAE: 0.06189, time/step=803ms, lr=2.97e-04
2023-04-19 05:10:13,179 - logger.py:50 - Epoch: [281][100/468] 	 loss: 0.01731, MAE: 0.02809, time/step=821ms, lr=5.92e-06
2023-04-19 05:10:28,590 - logger.py:50 - Epoch: [132][400/468] 	 loss: 0.03783, MAE: 0.06140, time/step=803ms, lr=2.97e-04
2023-04-19 05:11:22,832 - logger.py:50 - Epoch: [132][467/468] 	 loss: 0.03796, MAE: 0.06160, time/step=804ms, lr=2.97e-04
2023-04-19 05:11:33,891 - logger.py:50 - Epoch: [281][200/468] 	 loss: 0.01678, MAE: 0.02723, time/step=814ms, lr=5.92e-06
2023-04-19 05:11:36,798 - logger.py:50 - Epoch: [132] Target: [1] train MAE: 0.06160, val MAE: 0.22317, test MAE: 0.22636, Time: 390.28s
2023-04-19 05:11:36,799 - logger.py:50 - Best -- epoch=127, train MAE: 0.06360, val MAE: 0.21739, test MAE: 0.22871

2023-04-19 05:11:37,992 - logger.py:50 - Epoch: [133][0/468] 	 loss: 0.03054, MAE: 0.04956, time/step=1191ms, lr=2.95e-04
2023-04-19 05:12:54,258 - logger.py:50 - Epoch: [281][300/468] 	 loss: 0.01678, MAE: 0.02723, time/step=811ms, lr=5.92e-06
2023-04-19 05:12:57,475 - logger.py:50 - Epoch: [133][100/468] 	 loss: 0.03694, MAE: 0.05995, time/step=799ms, lr=2.95e-04
2023-04-19 05:14:14,490 - logger.py:50 - Epoch: [281][400/468] 	 loss: 0.01669, MAE: 0.02709, time/step=809ms, lr=5.92e-06
2023-04-19 05:14:18,094 - logger.py:50 - Epoch: [133][200/468] 	 loss: 0.03758, MAE: 0.06099, time/step=802ms, lr=2.95e-04
2023-04-19 05:15:07,417 - logger.py:50 - Epoch: [281][467/468] 	 loss: 0.01690, MAE: 0.02743, time/step=806ms, lr=5.92e-06
2023-04-19 05:15:20,104 - logger.py:50 - Epoch: [281] Target: [1] train MAE: 0.02743, val MAE: 0.21080, test MAE: 0.21355, Time: 389.88s
2023-04-19 05:15:20,104 - logger.py:50 - Best -- epoch=230, train MAE: 0.03199, val MAE: 0.20976, test MAE: 0.21813

2023-04-19 05:15:21,243 - logger.py:50 - Epoch: [282][0/468] 	 loss: 0.01091, MAE: 0.01771, time/step=1136ms, lr=5.42e-06
2023-04-19 05:15:38,969 - logger.py:50 - Epoch: [133][300/468] 	 loss: 0.03833, MAE: 0.06220, time/step=805ms, lr=2.95e-04
2023-04-19 05:16:41,174 - logger.py:50 - Epoch: [282][100/468] 	 loss: 0.01694, MAE: 0.02749, time/step=803ms, lr=5.42e-06
2023-04-19 05:16:59,433 - logger.py:50 - Epoch: [133][400/468] 	 loss: 0.03894, MAE: 0.06320, time/step=805ms, lr=2.95e-04
2023-04-19 05:17:53,507 - logger.py:50 - Epoch: [133][467/468] 	 loss: 0.03896, MAE: 0.06323, time/step=805ms, lr=2.95e-04
2023-04-19 05:18:00,853 - logger.py:50 - Epoch: [282][200/468] 	 loss: 0.01711, MAE: 0.02776, time/step=800ms, lr=5.42e-06
2023-04-19 05:18:07,484 - logger.py:50 - Epoch: [133] Target: [1] train MAE: 0.06323, val MAE: 0.22580, test MAE: 0.22568, Time: 390.68s
2023-04-19 05:18:07,484 - logger.py:50 - Best -- epoch=127, train MAE: 0.06360, val MAE: 0.21739, test MAE: 0.22871

2023-04-19 05:18:08,672 - logger.py:50 - Epoch: [134][0/468] 	 loss: 0.03996, MAE: 0.06485, time/step=1185ms, lr=2.92e-04
2023-04-19 05:19:20,855 - logger.py:50 - Epoch: [282][300/468] 	 loss: 0.01710, MAE: 0.02775, time/step=800ms, lr=5.42e-06
2023-04-19 05:19:30,209 - logger.py:50 - Epoch: [134][100/468] 	 loss: 0.03909, MAE: 0.06345, time/step=819ms, lr=2.92e-04
2023-04-19 05:20:39,601 - logger.py:50 - Epoch: [282][400/468] 	 loss: 0.01703, MAE: 0.02765, time/step=797ms, lr=5.42e-06
2023-04-19 05:20:51,101 - logger.py:50 - Epoch: [134][200/468] 	 loss: 0.03904, MAE: 0.06335, time/step=814ms, lr=2.92e-04
2023-04-19 05:21:32,773 - logger.py:50 - Epoch: [282][467/468] 	 loss: 0.01690, MAE: 0.02743, time/step=796ms, lr=5.42e-06
2023-04-19 05:21:45,473 - logger.py:50 - Epoch: [282] Target: [1] train MAE: 0.02743, val MAE: 0.21079, test MAE: 0.21294, Time: 385.37s
2023-04-19 05:21:45,473 - logger.py:50 - Best -- epoch=230, train MAE: 0.03199, val MAE: 0.20976, test MAE: 0.21813

2023-04-19 05:21:46,662 - logger.py:50 - Epoch: [283][0/468] 	 loss: 0.02062, MAE: 0.03346, time/step=1186ms, lr=4.94e-06
2023-04-19 05:22:11,200 - logger.py:50 - Epoch: [134][300/468] 	 loss: 0.03843, MAE: 0.06236, time/step=810ms, lr=2.92e-04
2023-04-19 05:23:06,344 - logger.py:50 - Epoch: [283][100/468] 	 loss: 0.01660, MAE: 0.02695, time/step=801ms, lr=4.94e-06
2023-04-19 05:23:31,868 - logger.py:50 - Epoch: [134][400/468] 	 loss: 0.03874, MAE: 0.06287, time/step=809ms, lr=2.92e-04
2023-04-19 05:24:25,663 - logger.py:50 - Epoch: [134][467/468] 	 loss: 0.03860, MAE: 0.06265, time/step=808ms, lr=2.92e-04
2023-04-19 05:24:27,515 - logger.py:50 - Epoch: [283][200/468] 	 loss: 0.01661, MAE: 0.02696, time/step=806ms, lr=4.94e-06
2023-04-19 05:24:39,693 - logger.py:50 - Epoch: [134] Target: [1] train MAE: 0.06265, val MAE: 0.22443, test MAE: 0.23067, Time: 392.21s
2023-04-19 05:24:39,693 - logger.py:50 - Best -- epoch=127, train MAE: 0.06360, val MAE: 0.21739, test MAE: 0.22871

2023-04-19 05:24:40,917 - logger.py:50 - Epoch: [135][0/468] 	 loss: 0.03764, MAE: 0.06108, time/step=1221ms, lr=2.90e-04
2023-04-19 05:25:46,871 - logger.py:50 - Epoch: [283][300/468] 	 loss: 0.01664, MAE: 0.02701, time/step=802ms, lr=4.94e-06
2023-04-19 05:26:01,557 - logger.py:50 - Epoch: [135][100/468] 	 loss: 0.03714, MAE: 0.06028, time/step=811ms, lr=2.90e-04
2023-04-19 05:27:05,795 - logger.py:50 - Epoch: [283][400/468] 	 loss: 0.01663, MAE: 0.02699, time/step=799ms, lr=4.94e-06
2023-04-19 05:27:21,570 - logger.py:50 - Epoch: [135][200/468] 	 loss: 0.03813, MAE: 0.06188, time/step=805ms, lr=2.90e-04
2023-04-19 05:27:58,969 - logger.py:50 - Epoch: [283][467/468] 	 loss: 0.01682, MAE: 0.02730, time/step=798ms, lr=4.94e-06
2023-04-19 05:28:11,775 - logger.py:50 - Epoch: [283] Target: [1] train MAE: 0.02730, val MAE: 0.21129, test MAE: 0.21284, Time: 386.30s
2023-04-19 05:28:11,775 - logger.py:50 - Best -- epoch=230, train MAE: 0.03199, val MAE: 0.20976, test MAE: 0.21813

2023-04-19 05:28:12,962 - logger.py:50 - Epoch: [284][0/468] 	 loss: 0.02978, MAE: 0.04832, time/step=1184ms, lr=4.49e-06
2023-04-19 05:28:42,416 - logger.py:50 - Epoch: [135][300/468] 	 loss: 0.03815, MAE: 0.06192, time/step=806ms, lr=2.90e-04
2023-04-19 05:29:33,019 - logger.py:50 - Epoch: [284][100/468] 	 loss: 0.01590, MAE: 0.02580, time/step=804ms, lr=4.49e-06
2023-04-19 05:30:02,553 - logger.py:50 - Epoch: [135][400/468] 	 loss: 0.03770, MAE: 0.06118, time/step=805ms, lr=2.90e-04
2023-04-19 05:30:52,089 - logger.py:50 - Epoch: [284][200/468] 	 loss: 0.01654, MAE: 0.02685, time/step=798ms, lr=4.49e-06
2023-04-19 05:30:56,111 - logger.py:50 - Epoch: [135][467/468] 	 loss: 0.03751, MAE: 0.06087, time/step=804ms, lr=2.90e-04
2023-04-19 05:31:10,067 - logger.py:50 - Epoch: [135] Target: [1] train MAE: 0.06087, val MAE: 0.22419, test MAE: 0.22577, Time: 390.37s
2023-04-19 05:31:10,067 - logger.py:50 - Best -- epoch=127, train MAE: 0.06360, val MAE: 0.21739, test MAE: 0.22871

2023-04-19 05:31:11,233 - logger.py:50 - Epoch: [136][0/468] 	 loss: 0.03196, MAE: 0.05187, time/step=1164ms, lr=2.87e-04
2023-04-19 05:32:12,885 - logger.py:50 - Epoch: [284][300/468] 	 loss: 0.01667, MAE: 0.02705, time/step=801ms, lr=4.49e-06
2023-04-19 05:32:32,227 - logger.py:50 - Epoch: [136][100/468] 	 loss: 0.03747, MAE: 0.06081, time/step=813ms, lr=2.87e-04
2023-04-19 05:33:33,095 - logger.py:50 - Epoch: [284][400/468] 	 loss: 0.01682, MAE: 0.02729, time/step=801ms, lr=4.49e-06
2023-04-19 05:33:52,232 - logger.py:50 - Epoch: [136][200/468] 	 loss: 0.03884, MAE: 0.06303, time/step=807ms, lr=2.87e-04
2023-04-19 05:34:26,567 - logger.py:50 - Epoch: [284][467/468] 	 loss: 0.01678, MAE: 0.02723, time/step=801ms, lr=4.49e-06
2023-04-19 05:34:39,579 - logger.py:50 - Epoch: [284] Target: [1] train MAE: 0.02723, val MAE: 0.21079, test MAE: 0.21351, Time: 387.80s
2023-04-19 05:34:39,579 - logger.py:50 - Best -- epoch=230, train MAE: 0.03199, val MAE: 0.20976, test MAE: 0.21813

2023-04-19 05:34:40,791 - logger.py:50 - Epoch: [285][0/468] 	 loss: 0.02334, MAE: 0.03788, time/step=1209ms, lr=4.07e-06
2023-04-19 05:35:12,776 - logger.py:50 - Epoch: [136][300/468] 	 loss: 0.03854, MAE: 0.06254, time/step=806ms, lr=2.87e-04
2023-04-19 05:35:59,961 - logger.py:50 - Epoch: [285][100/468] 	 loss: 0.01667, MAE: 0.02706, time/step=796ms, lr=4.07e-06
2023-04-19 05:36:32,700 - logger.py:50 - Epoch: [136][400/468] 	 loss: 0.03824, MAE: 0.06206, time/step=805ms, lr=2.87e-04
2023-04-19 05:37:20,025 - logger.py:50 - Epoch: [285][200/468] 	 loss: 0.01710, MAE: 0.02775, time/step=798ms, lr=4.07e-06
2023-04-19 05:37:26,921 - logger.py:50 - Epoch: [136][467/468] 	 loss: 0.03828, MAE: 0.06212, time/step=805ms, lr=2.87e-04
2023-04-19 05:37:40,934 - logger.py:50 - Epoch: [136] Target: [1] train MAE: 0.06212, val MAE: 0.22605, test MAE: 0.22474, Time: 390.87s
2023-04-19 05:37:40,934 - logger.py:50 - Best -- epoch=127, train MAE: 0.06360, val MAE: 0.21739, test MAE: 0.22871

2023-04-19 05:37:41,970 - logger.py:50 - Epoch: [137][0/468] 	 loss: 0.04500, MAE: 0.07303, time/step=1033ms, lr=2.84e-04
2023-04-19 05:38:39,182 - logger.py:50 - Epoch: [285][300/468] 	 loss: 0.01715, MAE: 0.02783, time/step=796ms, lr=4.07e-06
2023-04-19 05:39:02,715 - logger.py:50 - Epoch: [137][100/468] 	 loss: 0.03776, MAE: 0.06129, time/step=810ms, lr=2.84e-04
2023-04-19 05:39:58,819 - logger.py:50 - Epoch: [285][400/468] 	 loss: 0.01692, MAE: 0.02746, time/step=796ms, lr=4.07e-06
2023-04-19 05:40:23,030 - logger.py:50 - Epoch: [137][200/468] 	 loss: 0.03754, MAE: 0.06093, time/step=806ms, lr=2.84e-04
2023-04-19 05:40:52,660 - logger.py:50 - Epoch: [285][467/468] 	 loss: 0.01681, MAE: 0.02729, time/step=797ms, lr=4.07e-06
2023-04-19 05:41:05,489 - logger.py:50 - Epoch: [285] Target: [1] train MAE: 0.02729, val MAE: 0.21085, test MAE: 0.21369, Time: 385.91s
2023-04-19 05:41:05,489 - logger.py:50 - Best -- epoch=230, train MAE: 0.03199, val MAE: 0.20976, test MAE: 0.21813

2023-04-19 05:41:06,725 - logger.py:50 - Epoch: [286][0/468] 	 loss: 0.01463, MAE: 0.02375, time/step=1232ms, lr=3.68e-06
2023-04-19 05:41:42,984 - logger.py:50 - Epoch: [137][300/468] 	 loss: 0.03692, MAE: 0.05991, time/step=804ms, lr=2.84e-04
2023-04-19 05:42:25,832 - logger.py:50 - Epoch: [286][100/468] 	 loss: 0.01634, MAE: 0.02652, time/step=795ms, lr=3.68e-06
2023-04-19 05:43:03,684 - logger.py:50 - Epoch: [137][400/468] 	 loss: 0.03676, MAE: 0.05966, time/step=805ms, lr=2.84e-04
2023-04-19 05:43:45,465 - logger.py:50 - Epoch: [286][200/468] 	 loss: 0.01643, MAE: 0.02666, time/step=796ms, lr=3.68e-06
2023-04-19 05:43:57,489 - logger.py:50 - Epoch: [137][467/468] 	 loss: 0.03664, MAE: 0.05947, time/step=805ms, lr=2.84e-04
2023-04-19 05:44:11,462 - logger.py:50 - Epoch: [137] Target: [1] train MAE: 0.05947, val MAE: 0.22175, test MAE: 0.22406, Time: 390.53s
2023-04-19 05:44:11,462 - logger.py:50 - Best -- epoch=127, train MAE: 0.06360, val MAE: 0.21739, test MAE: 0.22871

2023-04-19 05:44:12,682 - logger.py:50 - Epoch: [138][0/468] 	 loss: 0.02541, MAE: 0.04123, time/step=1218ms, lr=2.82e-04
2023-04-19 05:45:05,332 - logger.py:50 - Epoch: [286][300/468] 	 loss: 0.01667, MAE: 0.02705, time/step=797ms, lr=3.68e-06
2023-04-19 05:45:33,627 - logger.py:50 - Epoch: [138][100/468] 	 loss: 0.03379, MAE: 0.05484, time/step=813ms, lr=2.82e-04
2023-04-19 05:46:24,513 - logger.py:50 - Epoch: [286][400/468] 	 loss: 0.01692, MAE: 0.02747, time/step=796ms, lr=3.68e-06
2023-04-19 05:46:54,351 - logger.py:50 - Epoch: [138][200/468] 	 loss: 0.03475, MAE: 0.05639, time/step=810ms, lr=2.82e-04
2023-04-19 05:47:17,448 - logger.py:50 - Epoch: [286][467/468] 	 loss: 0.01676, MAE: 0.02719, time/step=795ms, lr=3.68e-06
2023-04-19 05:47:30,093 - logger.py:50 - Epoch: [286] Target: [1] train MAE: 0.02719, val MAE: 0.21046, test MAE: 0.21316, Time: 384.60s
2023-04-19 05:47:30,093 - logger.py:50 - Best -- epoch=230, train MAE: 0.03199, val MAE: 0.20976, test MAE: 0.21813

2023-04-19 05:47:31,261 - logger.py:50 - Epoch: [287][0/468] 	 loss: 0.01398, MAE: 0.02269, time/step=1165ms, lr=3.31e-06
2023-04-19 05:48:14,484 - logger.py:50 - Epoch: [138][300/468] 	 loss: 0.03649, MAE: 0.05922, time/step=807ms, lr=2.82e-04
2023-04-19 05:48:50,250 - logger.py:50 - Epoch: [287][100/468] 	 loss: 0.01627, MAE: 0.02641, time/step=794ms, lr=3.31e-06
2023-04-19 05:49:34,289 - logger.py:50 - Epoch: [138][400/468] 	 loss: 0.03673, MAE: 0.05962, time/step=805ms, lr=2.82e-04
2023-04-19 05:50:09,950 - logger.py:50 - Epoch: [287][200/468] 	 loss: 0.01603, MAE: 0.02601, time/step=795ms, lr=3.31e-06
2023-04-19 05:50:28,058 - logger.py:50 - Epoch: [138][467/468] 	 loss: 0.03679, MAE: 0.05971, time/step=805ms, lr=2.82e-04
2023-04-19 05:50:42,116 - logger.py:50 - Epoch: [138] Target: [1] train MAE: 0.05971, val MAE: 0.22118, test MAE: 0.22508, Time: 390.65s
2023-04-19 05:50:42,117 - logger.py:50 - Best -- epoch=127, train MAE: 0.06360, val MAE: 0.21739, test MAE: 0.22871

2023-04-19 05:50:43,329 - logger.py:50 - Epoch: [139][0/468] 	 loss: 0.04019, MAE: 0.06522, time/step=1210ms, lr=2.79e-04
2023-04-19 05:51:29,241 - logger.py:50 - Epoch: [287][300/468] 	 loss: 0.01626, MAE: 0.02639, time/step=794ms, lr=3.31e-06
2023-04-19 05:52:03,043 - logger.py:50 - Epoch: [139][100/468] 	 loss: 0.03645, MAE: 0.05915, time/step=801ms, lr=2.79e-04
2023-04-19 05:52:48,569 - logger.py:50 - Epoch: [287][400/468] 	 loss: 0.01646, MAE: 0.02671, time/step=794ms, lr=3.31e-06
2023-04-19 05:53:23,365 - logger.py:50 - Epoch: [139][200/468] 	 loss: 0.03595, MAE: 0.05834, time/step=802ms, lr=2.79e-04
2023-04-19 05:53:43,076 - logger.py:50 - Epoch: [287][467/468] 	 loss: 0.01677, MAE: 0.02721, time/step=797ms, lr=3.31e-06
2023-04-19 05:53:55,746 - logger.py:50 - Epoch: [287] Target: [1] train MAE: 0.02721, val MAE: 0.21086, test MAE: 0.21337, Time: 385.65s
2023-04-19 05:53:55,746 - logger.py:50 - Best -- epoch=230, train MAE: 0.03199, val MAE: 0.20976, test MAE: 0.21813

2023-04-19 05:53:56,900 - logger.py:50 - Epoch: [288][0/468] 	 loss: 0.01972, MAE: 0.03201, time/step=1151ms, lr=2.97e-06
2023-04-19 05:54:44,205 - logger.py:50 - Epoch: [139][300/468] 	 loss: 0.03597, MAE: 0.05837, time/step=804ms, lr=2.79e-04
2023-04-19 05:55:16,425 - logger.py:50 - Epoch: [288][100/468] 	 loss: 0.01681, MAE: 0.02727, time/step=799ms, lr=2.97e-06
2023-04-19 05:56:04,897 - logger.py:50 - Epoch: [139][400/468] 	 loss: 0.03582, MAE: 0.05813, time/step=805ms, lr=2.79e-04
2023-04-19 05:56:36,195 - logger.py:50 - Epoch: [288][200/468] 	 loss: 0.01683, MAE: 0.02732, time/step=798ms, lr=2.97e-06
2023-04-19 05:56:59,152 - logger.py:50 - Epoch: [139][467/468] 	 loss: 0.03619, MAE: 0.05874, time/step=806ms, lr=2.79e-04
2023-04-19 05:57:13,078 - logger.py:50 - Epoch: [139] Target: [1] train MAE: 0.05874, val MAE: 0.21922, test MAE: 0.22335, Time: 390.96s
2023-04-19 05:57:13,079 - logger.py:50 - Best -- epoch=127, train MAE: 0.06360, val MAE: 0.21739, test MAE: 0.22871

2023-04-19 05:57:15,316 - logger.py:50 - Epoch: [140][0/468] 	 loss: 0.03230, MAE: 0.05242, time/step=2236ms, lr=2.77e-04
2023-04-19 05:57:56,394 - logger.py:50 - Epoch: [288][300/468] 	 loss: 0.01658, MAE: 0.02691, time/step=799ms, lr=2.97e-06
2023-04-19 05:58:35,533 - logger.py:50 - Epoch: [140][100/468] 	 loss: 0.03624, MAE: 0.05882, time/step=816ms, lr=2.77e-04
2023-04-19 05:59:15,902 - logger.py:50 - Epoch: [288][400/468] 	 loss: 0.01690, MAE: 0.02743, time/step=798ms, lr=2.97e-06
2023-04-19 05:59:56,769 - logger.py:50 - Epoch: [140][200/468] 	 loss: 0.03598, MAE: 0.05839, time/step=814ms, lr=2.77e-04
2023-04-19 06:00:09,020 - logger.py:50 - Epoch: [288][467/468] 	 loss: 0.01675, MAE: 0.02718, time/step=798ms, lr=2.97e-06
2023-04-19 06:00:21,806 - logger.py:50 - Epoch: [288] Target: [1] train MAE: 0.02718, val MAE: 0.21066, test MAE: 0.21278, Time: 386.06s
2023-04-19 06:00:21,806 - logger.py:50 - Best -- epoch=230, train MAE: 0.03199, val MAE: 0.20976, test MAE: 0.21813

2023-04-19 06:00:23,109 - logger.py:50 - Epoch: [289][0/468] 	 loss: 0.01795, MAE: 0.02913, time/step=1301ms, lr=2.65e-06
2023-04-19 06:01:16,821 - logger.py:50 - Epoch: [140][300/468] 	 loss: 0.03553, MAE: 0.05766, time/step=810ms, lr=2.77e-04
2023-04-19 06:01:42,505 - logger.py:50 - Epoch: [289][100/468] 	 loss: 0.01651, MAE: 0.02679, time/step=799ms, lr=2.65e-06
2023-04-19 06:02:35,966 - logger.py:50 - Epoch: [140][400/468] 	 loss: 0.03556, MAE: 0.05771, time/step=805ms, lr=2.77e-04
2023-04-19 06:03:02,538 - logger.py:50 - Epoch: [289][200/468] 	 loss: 0.01684, MAE: 0.02733, time/step=800ms, lr=2.65e-06
2023-04-19 06:03:30,432 - logger.py:50 - Epoch: [140][467/468] 	 loss: 0.03546, MAE: 0.05755, time/step=806ms, lr=2.77e-04
2023-04-19 06:03:44,459 - logger.py:50 - Epoch: [140] Target: [1] train MAE: 0.05755, val MAE: 0.21988, test MAE: 0.22219, Time: 391.38s
2023-04-19 06:03:44,459 - logger.py:50 - Best -- epoch=127, train MAE: 0.06360, val MAE: 0.21739, test MAE: 0.22871

2023-04-19 06:03:45,625 - logger.py:50 - Epoch: [141][0/468] 	 loss: 0.05567, MAE: 0.09034, time/step=1164ms, lr=2.74e-04
2023-04-19 06:04:21,690 - logger.py:50 - Epoch: [289][300/468] 	 loss: 0.01653, MAE: 0.02683, time/step=797ms, lr=2.65e-06
2023-04-19 06:05:05,659 - logger.py:50 - Epoch: [141][100/468] 	 loss: 0.03453, MAE: 0.05604, time/step=804ms, lr=2.74e-04
2023-04-19 06:05:40,508 - logger.py:50 - Epoch: [289][400/468] 	 loss: 0.01643, MAE: 0.02667, time/step=795ms, lr=2.65e-06
2023-04-19 06:06:26,702 - logger.py:50 - Epoch: [141][200/468] 	 loss: 0.03471, MAE: 0.05633, time/step=807ms, lr=2.74e-04
2023-04-19 06:06:34,008 - logger.py:50 - Epoch: [289][467/468] 	 loss: 0.01665, MAE: 0.02702, time/step=795ms, lr=2.65e-06
2023-04-19 06:06:46,676 - logger.py:50 - Epoch: [289] Target: [1] train MAE: 0.02702, val MAE: 0.21057, test MAE: 0.21248, Time: 384.87s
2023-04-19 06:06:46,676 - logger.py:50 - Best -- epoch=230, train MAE: 0.03199, val MAE: 0.20976, test MAE: 0.21813

2023-04-19 06:06:47,818 - logger.py:50 - Epoch: [290][0/468] 	 loss: 0.02813, MAE: 0.04565, time/step=1139ms, lr=2.37e-06
2023-04-19 06:07:47,912 - logger.py:50 - Epoch: [141][300/468] 	 loss: 0.03475, MAE: 0.05640, time/step=809ms, lr=2.74e-04
2023-04-19 06:08:07,120 - logger.py:50 - Epoch: [290][100/468] 	 loss: 0.01640, MAE: 0.02661, time/step=796ms, lr=2.37e-06
2023-04-19 06:09:07,974 - logger.py:50 - Epoch: [141][400/468] 	 loss: 0.03505, MAE: 0.05689, time/step=807ms, lr=2.74e-04
2023-04-19 06:09:26,425 - logger.py:50 - Epoch: [290][200/468] 	 loss: 0.01658, MAE: 0.02690, time/step=795ms, lr=2.37e-06
2023-04-19 06:10:01,874 - logger.py:50 - Epoch: [141][467/468] 	 loss: 0.03514, MAE: 0.05703, time/step=806ms, lr=2.74e-04
2023-04-19 06:10:15,892 - logger.py:50 - Epoch: [141] Target: [1] train MAE: 0.05703, val MAE: 0.21851, test MAE: 0.22299, Time: 391.43s
2023-04-19 06:10:15,892 - logger.py:50 - Best -- epoch=127, train MAE: 0.06360, val MAE: 0.21739, test MAE: 0.22871

2023-04-19 06:10:17,031 - logger.py:50 - Epoch: [142][0/468] 	 loss: 0.04857, MAE: 0.07882, time/step=1136ms, lr=2.71e-04
2023-04-19 06:10:45,752 - logger.py:50 - Epoch: [290][300/468] 	 loss: 0.01710, MAE: 0.02775, time/step=794ms, lr=2.37e-06
2023-04-19 06:11:37,689 - logger.py:50 - Epoch: [142][100/468] 	 loss: 0.03443, MAE: 0.05587, time/step=810ms, lr=2.71e-04
2023-04-19 06:12:04,950 - logger.py:50 - Epoch: [290][400/468] 	 loss: 0.01703, MAE: 0.02764, time/step=794ms, lr=2.37e-06
2023-04-19 06:12:57,972 - logger.py:50 - Epoch: [290][467/468] 	 loss: 0.01684, MAE: 0.02733, time/step=793ms, lr=2.37e-06
2023-04-19 06:12:58,920 - logger.py:50 - Epoch: [142][200/468] 	 loss: 0.03437, MAE: 0.05577, time/step=811ms, lr=2.71e-04
2023-04-19 06:13:10,664 - logger.py:50 - Epoch: [290] Target: [1] train MAE: 0.02733, val MAE: 0.21100, test MAE: 0.21382, Time: 383.99s
2023-04-19 06:13:10,664 - logger.py:50 - Best -- epoch=230, train MAE: 0.03199, val MAE: 0.20976, test MAE: 0.21813

2023-04-19 06:13:11,860 - logger.py:50 - Epoch: [291][0/468] 	 loss: 0.01530, MAE: 0.02483, time/step=1193ms, lr=2.11e-06
2023-04-19 06:14:18,329 - logger.py:50 - Epoch: [142][300/468] 	 loss: 0.03454, MAE: 0.05606, time/step=805ms, lr=2.71e-04
2023-04-19 06:14:31,140 - logger.py:50 - Epoch: [291][100/468] 	 loss: 0.01709, MAE: 0.02774, time/step=797ms, lr=2.11e-06
2023-04-19 06:15:38,948 - logger.py:50 - Epoch: [142][400/468] 	 loss: 0.03489, MAE: 0.05662, time/step=806ms, lr=2.71e-04
2023-04-19 06:15:50,692 - logger.py:50 - Epoch: [291][200/468] 	 loss: 0.01646, MAE: 0.02671, time/step=796ms, lr=2.11e-06
2023-04-19 06:16:32,428 - logger.py:50 - Epoch: [142][467/468] 	 loss: 0.03518, MAE: 0.05710, time/step=805ms, lr=2.71e-04
2023-04-19 06:16:46,368 - logger.py:50 - Epoch: [142] Target: [1] train MAE: 0.05710, val MAE: 0.21967, test MAE: 0.22199, Time: 390.48s
2023-04-19 06:16:46,369 - logger.py:50 - Best -- epoch=127, train MAE: 0.06360, val MAE: 0.21739, test MAE: 0.22871

2023-04-19 06:16:47,488 - logger.py:50 - Epoch: [143][0/468] 	 loss: 0.03733, MAE: 0.06059, time/step=1117ms, lr=2.69e-04
2023-04-19 06:17:10,591 - logger.py:50 - Epoch: [291][300/468] 	 loss: 0.01681, MAE: 0.02728, time/step=797ms, lr=2.11e-06
2023-04-19 06:18:08,728 - logger.py:50 - Epoch: [143][100/468] 	 loss: 0.03457, MAE: 0.05610, time/step=815ms, lr=2.69e-04
2023-04-19 06:18:29,938 - logger.py:50 - Epoch: [291][400/468] 	 loss: 0.01669, MAE: 0.02709, time/step=796ms, lr=2.11e-06
2023-04-19 06:19:22,724 - logger.py:50 - Epoch: [291][467/468] 	 loss: 0.01670, MAE: 0.02711, time/step=795ms, lr=2.11e-06
2023-04-19 06:19:29,014 - logger.py:50 - Epoch: [143][200/468] 	 loss: 0.03455, MAE: 0.05606, time/step=809ms, lr=2.69e-04
2023-04-19 06:19:35,530 - logger.py:50 - Epoch: [291] Target: [1] train MAE: 0.02711, val MAE: 0.21052, test MAE: 0.21331, Time: 384.87s
2023-04-19 06:19:35,530 - logger.py:50 - Best -- epoch=230, train MAE: 0.03199, val MAE: 0.20976, test MAE: 0.21813

2023-04-19 06:19:36,510 - logger.py:50 - Epoch: [292][0/468] 	 loss: 0.01323, MAE: 0.02148, time/step=975ms, lr=1.88e-06
2023-04-19 06:20:48,972 - logger.py:50 - Epoch: [143][300/468] 	 loss: 0.03498, MAE: 0.05677, time/step=806ms, lr=2.69e-04
2023-04-19 06:20:55,084 - logger.py:50 - Epoch: [292][100/468] 	 loss: 0.01560, MAE: 0.02531, time/step=788ms, lr=1.88e-06
2023-04-19 06:22:08,799 - logger.py:50 - Epoch: [143][400/468] 	 loss: 0.03504, MAE: 0.05686, time/step=804ms, lr=2.69e-04
2023-04-19 06:22:15,019 - logger.py:50 - Epoch: [292][200/468] 	 loss: 0.01598, MAE: 0.02593, time/step=793ms, lr=1.88e-06
2023-04-19 06:23:02,788 - logger.py:50 - Epoch: [143][467/468] 	 loss: 0.03505, MAE: 0.05688, time/step=804ms, lr=2.69e-04
2023-04-19 06:23:16,788 - logger.py:50 - Epoch: [143] Target: [1] train MAE: 0.05688, val MAE: 0.21699, test MAE: 0.22288, Time: 390.42s
2023-04-19 06:23:16,788 - logger.py:50 - Best -- epoch=143, train MAE: 0.05688, val MAE: 0.21699, test MAE: 0.22288

2023-04-19 06:23:17,936 - logger.py:50 - Epoch: [144][0/468] 	 loss: 0.04457, MAE: 0.07233, time/step=1145ms, lr=2.66e-04
2023-04-19 06:23:35,272 - logger.py:50 - Epoch: [292][300/468] 	 loss: 0.01608, MAE: 0.02610, time/step=796ms, lr=1.88e-06
2023-04-19 06:24:38,325 - logger.py:50 - Epoch: [144][100/468] 	 loss: 0.03542, MAE: 0.05748, time/step=807ms, lr=2.66e-04
2023-04-19 06:24:55,467 - logger.py:50 - Epoch: [292][400/468] 	 loss: 0.01667, MAE: 0.02706, time/step=798ms, lr=1.88e-06
2023-04-19 06:25:48,190 - logger.py:50 - Epoch: [292][467/468] 	 loss: 0.01670, MAE: 0.02711, time/step=796ms, lr=1.88e-06
2023-04-19 06:25:59,353 - logger.py:50 - Epoch: [144][200/468] 	 loss: 0.03461, MAE: 0.05616, time/step=809ms, lr=2.66e-04
2023-04-19 06:26:00,810 - logger.py:50 - Epoch: [292] Target: [1] train MAE: 0.02711, val MAE: 0.21072, test MAE: 0.21392, Time: 385.28s
2023-04-19 06:26:00,810 - logger.py:50 - Best -- epoch=230, train MAE: 0.03199, val MAE: 0.20976, test MAE: 0.21813

2023-04-19 06:26:01,970 - logger.py:50 - Epoch: [293][0/468] 	 loss: 0.02666, MAE: 0.04326, time/step=1157ms, lr=1.67e-06
2023-04-19 06:27:19,573 - logger.py:50 - Epoch: [144][300/468] 	 loss: 0.03453, MAE: 0.05604, time/step=807ms, lr=2.66e-04
2023-04-19 06:27:20,858 - logger.py:50 - Epoch: [293][100/468] 	 loss: 0.01712, MAE: 0.02778, time/step=793ms, lr=1.67e-06
2023-04-19 06:28:38,876 - logger.py:50 - Epoch: [144][400/468] 	 loss: 0.03477, MAE: 0.05643, time/step=803ms, lr=2.66e-04
2023-04-19 06:28:40,470 - logger.py:50 - Epoch: [293][200/468] 	 loss: 0.01671, MAE: 0.02712, time/step=794ms, lr=1.67e-06
2023-04-19 06:29:33,516 - logger.py:50 - Epoch: [144][467/468] 	 loss: 0.03453, MAE: 0.05604, time/step=805ms, lr=2.66e-04
2023-04-19 06:29:47,444 - logger.py:50 - Epoch: [144] Target: [1] train MAE: 0.05604, val MAE: 0.21829, test MAE: 0.22221, Time: 390.66s
2023-04-19 06:29:47,444 - logger.py:50 - Best -- epoch=143, train MAE: 0.05688, val MAE: 0.21699, test MAE: 0.22288

2023-04-19 06:29:48,630 - logger.py:50 - Epoch: [145][0/468] 	 loss: 0.02914, MAE: 0.04729, time/step=1184ms, lr=2.64e-04
2023-04-19 06:30:00,467 - logger.py:50 - Epoch: [293][300/468] 	 loss: 0.01651, MAE: 0.02679, time/step=796ms, lr=1.67e-06
2023-04-19 06:31:08,633 - logger.py:50 - Epoch: [145][100/468] 	 loss: 0.03297, MAE: 0.05351, time/step=804ms, lr=2.64e-04
2023-04-19 06:31:19,976 - logger.py:50 - Epoch: [293][400/468] 	 loss: 0.01674, MAE: 0.02717, time/step=796ms, lr=1.67e-06
2023-04-19 06:32:13,304 - logger.py:50 - Epoch: [293][467/468] 	 loss: 0.01668, MAE: 0.02707, time/step=796ms, lr=1.67e-06
2023-04-19 06:32:25,960 - logger.py:50 - Epoch: [293] Target: [1] train MAE: 0.02707, val MAE: 0.21073, test MAE: 0.21404, Time: 385.15s
2023-04-19 06:32:25,961 - logger.py:50 - Best -- epoch=230, train MAE: 0.03199, val MAE: 0.20976, test MAE: 0.21813

2023-04-19 06:32:27,238 - logger.py:50 - Epoch: [294][0/468] 	 loss: 0.02686, MAE: 0.04360, time/step=1275ms, lr=1.49e-06
2023-04-19 06:32:29,309 - logger.py:50 - Epoch: [145][200/468] 	 loss: 0.03458, MAE: 0.05612, time/step=805ms, lr=2.64e-04
2023-04-19 06:33:46,694 - logger.py:50 - Epoch: [294][100/468] 	 loss: 0.01697, MAE: 0.02755, time/step=799ms, lr=1.49e-06
2023-04-19 06:33:49,751 - logger.py:50 - Epoch: [145][300/468] 	 loss: 0.03490, MAE: 0.05663, time/step=805ms, lr=2.64e-04
2023-04-19 06:35:07,177 - logger.py:50 - Epoch: [294][200/468] 	 loss: 0.01712, MAE: 0.02778, time/step=802ms, lr=1.49e-06
2023-04-19 06:35:10,583 - logger.py:50 - Epoch: [145][400/468] 	 loss: 0.03522, MAE: 0.05717, time/step=806ms, lr=2.64e-04
2023-04-19 06:36:03,805 - logger.py:50 - Epoch: [145][467/468] 	 loss: 0.03509, MAE: 0.05694, time/step=804ms, lr=2.64e-04
2023-04-19 06:36:17,808 - logger.py:50 - Epoch: [145] Target: [1] train MAE: 0.05694, val MAE: 0.21562, test MAE: 0.22636, Time: 390.36s
2023-04-19 06:36:17,808 - logger.py:50 - Best -- epoch=145, train MAE: 0.05694, val MAE: 0.21562, test MAE: 0.22636

2023-04-19 06:36:18,867 - logger.py:50 - Epoch: [146][0/468] 	 loss: 0.04074, MAE: 0.06611, time/step=1057ms, lr=2.61e-04
2023-04-19 06:36:29,338 - logger.py:50 - Epoch: [294][300/468] 	 loss: 0.01674, MAE: 0.02716, time/step=809ms, lr=1.49e-06
2023-04-19 06:37:39,474 - logger.py:50 - Epoch: [146][100/468] 	 loss: 0.03374, MAE: 0.05475, time/step=809ms, lr=2.61e-04
2023-04-19 06:37:49,072 - logger.py:50 - Epoch: [294][400/468] 	 loss: 0.01693, MAE: 0.02747, time/step=806ms, lr=1.49e-06
2023-04-19 06:38:42,387 - logger.py:50 - Epoch: [294][467/468] 	 loss: 0.01675, MAE: 0.02718, time/step=804ms, lr=1.49e-06
2023-04-19 06:38:55,184 - logger.py:50 - Epoch: [294] Target: [1] train MAE: 0.02718, val MAE: 0.21056, test MAE: 0.21376, Time: 389.22s
2023-04-19 06:38:55,185 - logger.py:50 - Best -- epoch=230, train MAE: 0.03199, val MAE: 0.20976, test MAE: 0.21813

2023-04-19 06:38:56,267 - logger.py:50 - Epoch: [295][0/468] 	 loss: 0.00989, MAE: 0.01605, time/step=1077ms, lr=1.34e-06
2023-04-19 06:38:59,348 - logger.py:50 - Epoch: [146][200/468] 	 loss: 0.03479, MAE: 0.05646, time/step=804ms, lr=2.61e-04
2023-04-19 06:40:16,868 - logger.py:50 - Epoch: [295][100/468] 	 loss: 0.01593, MAE: 0.02585, time/step=809ms, lr=1.34e-06
2023-04-19 06:40:19,389 - logger.py:50 - Epoch: [146][300/468] 	 loss: 0.03486, MAE: 0.05658, time/step=803ms, lr=2.61e-04
2023-04-19 06:41:35,864 - logger.py:50 - Epoch: [295][200/468] 	 loss: 0.01600, MAE: 0.02597, time/step=799ms, lr=1.34e-06
2023-04-19 06:41:40,100 - logger.py:50 - Epoch: [146][400/468] 	 loss: 0.03514, MAE: 0.05703, time/step=804ms, lr=2.61e-04
2023-04-19 06:42:33,894 - logger.py:50 - Epoch: [146][467/468] 	 loss: 0.03547, MAE: 0.05756, time/step=804ms, lr=2.61e-04
2023-04-19 06:42:47,881 - logger.py:50 - Epoch: [146] Target: [1] train MAE: 0.05756, val MAE: 0.21989, test MAE: 0.22297, Time: 390.07s
2023-04-19 06:42:47,881 - logger.py:50 - Best -- epoch=145, train MAE: 0.05694, val MAE: 0.21562, test MAE: 0.22636

2023-04-19 06:42:49,133 - logger.py:50 - Epoch: [147][0/468] 	 loss: 0.03488, MAE: 0.05661, time/step=1248ms, lr=2.58e-04
2023-04-19 06:42:54,780 - logger.py:50 - Epoch: [295][300/468] 	 loss: 0.01637, MAE: 0.02657, time/step=796ms, lr=1.34e-06
2023-04-19 06:44:09,490 - logger.py:50 - Epoch: [147][100/468] 	 loss: 0.03444, MAE: 0.05589, time/step=808ms, lr=2.58e-04
2023-04-19 06:44:14,510 - logger.py:50 - Epoch: [295][400/468] 	 loss: 0.01643, MAE: 0.02667, time/step=796ms, lr=1.34e-06
2023-04-19 06:45:07,811 - logger.py:50 - Epoch: [295][467/468] 	 loss: 0.01667, MAE: 0.02705, time/step=796ms, lr=1.34e-06
2023-04-19 06:45:20,521 - logger.py:50 - Epoch: [295] Target: [1] train MAE: 0.02705, val MAE: 0.21052, test MAE: 0.21302, Time: 385.34s
2023-04-19 06:45:20,521 - logger.py:50 - Best -- epoch=230, train MAE: 0.03199, val MAE: 0.20976, test MAE: 0.21813

2023-04-19 06:45:21,678 - logger.py:50 - Epoch: [296][0/468] 	 loss: 0.01143, MAE: 0.01856, time/step=1154ms, lr=1.22e-06
2023-04-19 06:45:30,520 - logger.py:50 - Epoch: [147][200/468] 	 loss: 0.03436, MAE: 0.05577, time/step=809ms, lr=2.58e-04
2023-04-19 06:46:41,512 - logger.py:50 - Epoch: [296][100/468] 	 loss: 0.01641, MAE: 0.02664, time/step=802ms, lr=1.22e-06
2023-04-19 06:46:51,131 - logger.py:50 - Epoch: [147][300/468] 	 loss: 0.03441, MAE: 0.05585, time/step=808ms, lr=2.58e-04
2023-04-19 06:48:01,080 - logger.py:50 - Epoch: [296][200/468] 	 loss: 0.01611, MAE: 0.02614, time/step=799ms, lr=1.22e-06
2023-04-19 06:48:10,446 - logger.py:50 - Epoch: [147][400/468] 	 loss: 0.03444, MAE: 0.05590, time/step=804ms, lr=2.58e-04
2023-04-19 06:49:04,366 - logger.py:50 - Epoch: [147][467/468] 	 loss: 0.03448, MAE: 0.05596, time/step=804ms, lr=2.58e-04
2023-04-19 06:49:18,757 - logger.py:50 - Epoch: [147] Target: [1] train MAE: 0.05596, val MAE: 0.21909, test MAE: 0.22171, Time: 390.88s
2023-04-19 06:49:18,757 - logger.py:50 - Best -- epoch=145, train MAE: 0.05694, val MAE: 0.21562, test MAE: 0.22636

2023-04-19 06:49:19,449 - logger.py:50 - Epoch: [296][300/468] 	 loss: 0.01608, MAE: 0.02610, time/step=794ms, lr=1.22e-06
2023-04-19 06:49:19,845 - logger.py:50 - Epoch: [148][0/468] 	 loss: 0.02913, MAE: 0.04727, time/step=1086ms, lr=2.56e-04
2023-04-19 06:50:39,180 - logger.py:50 - Epoch: [296][400/468] 	 loss: 0.01652, MAE: 0.02680, time/step=795ms, lr=1.22e-06
2023-04-19 06:50:39,752 - logger.py:50 - Epoch: [148][100/468] 	 loss: 0.03261, MAE: 0.05292, time/step=802ms, lr=2.56e-04
2023-04-19 06:51:32,436 - logger.py:50 - Epoch: [296][467/468] 	 loss: 0.01667, MAE: 0.02705, time/step=795ms, lr=1.22e-06
2023-04-19 06:51:45,055 - logger.py:50 - Epoch: [296] Target: [1] train MAE: 0.02705, val MAE: 0.21060, test MAE: 0.21323, Time: 384.53s
2023-04-19 06:51:45,055 - logger.py:50 - Best -- epoch=230, train MAE: 0.03199, val MAE: 0.20976, test MAE: 0.21813

2023-04-19 06:51:46,159 - logger.py:50 - Epoch: [297][0/468] 	 loss: 0.01296, MAE: 0.02104, time/step=1101ms, lr=1.12e-06
2023-04-19 06:52:00,389 - logger.py:50 - Epoch: [148][200/468] 	 loss: 0.03336, MAE: 0.05414, time/step=804ms, lr=2.56e-04
2023-04-19 06:53:05,869 - logger.py:50 - Epoch: [297][100/468] 	 loss: 0.01554, MAE: 0.02521, time/step=800ms, lr=1.12e-06
2023-04-19 06:53:21,064 - logger.py:50 - Epoch: [148][300/468] 	 loss: 0.03349, MAE: 0.05434, time/step=805ms, lr=2.56e-04
2023-04-19 06:54:24,780 - logger.py:50 - Epoch: [297][200/468] 	 loss: 0.01630, MAE: 0.02646, time/step=795ms, lr=1.12e-06
2023-04-19 06:54:41,824 - logger.py:50 - Epoch: [148][400/468] 	 loss: 0.03370, MAE: 0.05469, time/step=806ms, lr=2.56e-04
2023-04-19 06:55:35,667 - logger.py:50 - Epoch: [148][467/468] 	 loss: 0.03368, MAE: 0.05466, time/step=805ms, lr=2.56e-04
2023-04-19 06:55:45,067 - logger.py:50 - Epoch: [297][300/468] 	 loss: 0.01624, MAE: 0.02636, time/step=797ms, lr=1.12e-06
2023-04-19 06:55:49,637 - logger.py:50 - Epoch: [148] Target: [1] train MAE: 0.05466, val MAE: 0.21575, test MAE: 0.22479, Time: 390.88s
2023-04-19 06:55:49,637 - logger.py:50 - Best -- epoch=145, train MAE: 0.05694, val MAE: 0.21562, test MAE: 0.22636

2023-04-19 06:55:50,739 - logger.py:50 - Epoch: [149][0/468] 	 loss: 0.04780, MAE: 0.07758, time/step=1100ms, lr=2.53e-04
2023-04-19 06:57:04,313 - logger.py:50 - Epoch: [297][400/468] 	 loss: 0.01670, MAE: 0.02710, time/step=796ms, lr=1.12e-06
2023-04-19 06:57:11,474 - logger.py:50 - Epoch: [149][100/468] 	 loss: 0.03404, MAE: 0.05524, time/step=810ms, lr=2.53e-04
2023-04-19 06:57:57,060 - logger.py:50 - Epoch: [297][467/468] 	 loss: 0.01681, MAE: 0.02729, time/step=795ms, lr=1.12e-06
2023-04-19 06:58:09,682 - logger.py:50 - Epoch: [297] Target: [1] train MAE: 0.02729, val MAE: 0.21074, test MAE: 0.21333, Time: 384.63s
2023-04-19 06:58:09,682 - logger.py:50 - Best -- epoch=230, train MAE: 0.03199, val MAE: 0.20976, test MAE: 0.21813

2023-04-19 06:58:10,843 - logger.py:50 - Epoch: [298][0/468] 	 loss: 0.02711, MAE: 0.04400, time/step=1157ms, lr=1.05e-06
2023-04-19 06:58:32,288 - logger.py:50 - Epoch: [149][200/468] 	 loss: 0.03274, MAE: 0.05313, time/step=809ms, lr=2.53e-04
2023-04-19 06:59:30,309 - logger.py:50 - Epoch: [298][100/468] 	 loss: 0.01686, MAE: 0.02737, time/step=798ms, lr=1.05e-06
2023-04-19 06:59:52,439 - logger.py:50 - Epoch: [149][300/468] 	 loss: 0.03308, MAE: 0.05368, time/step=807ms, lr=2.53e-04
2023-04-19 07:00:50,363 - logger.py:50 - Epoch: [298][200/468] 	 loss: 0.01674, MAE: 0.02716, time/step=799ms, lr=1.05e-06
2023-04-19 07:01:13,098 - logger.py:50 - Epoch: [149][400/468] 	 loss: 0.03316, MAE: 0.05381, time/step=807ms, lr=2.53e-04
2023-04-19 07:02:06,736 - logger.py:50 - Epoch: [149][467/468] 	 loss: 0.03313, MAE: 0.05377, time/step=806ms, lr=2.53e-04
2023-04-19 07:02:10,762 - logger.py:50 - Epoch: [298][300/468] 	 loss: 0.01643, MAE: 0.02666, time/step=801ms, lr=1.05e-06
2023-04-19 07:02:20,714 - logger.py:50 - Epoch: [149] Target: [1] train MAE: 0.05377, val MAE: 0.22151, test MAE: 0.22622, Time: 391.08s
2023-04-19 07:02:20,714 - logger.py:50 - Best -- epoch=145, train MAE: 0.05694, val MAE: 0.21562, test MAE: 0.22636

2023-04-19 07:02:21,929 - logger.py:50 - Epoch: [150][0/468] 	 loss: 0.02870, MAE: 0.04658, time/step=1213ms, lr=2.51e-04
2023-04-19 07:03:30,403 - logger.py:50 - Epoch: [298][400/468] 	 loss: 0.01674, MAE: 0.02717, time/step=800ms, lr=1.05e-06
2023-04-19 07:03:42,087 - logger.py:50 - Epoch: [150][100/468] 	 loss: 0.03219, MAE: 0.05224, time/step=806ms, lr=2.51e-04
2023-04-19 07:04:24,466 - logger.py:50 - Epoch: [298][467/468] 	 loss: 0.01663, MAE: 0.02698, time/step=801ms, lr=1.05e-06
2023-04-19 07:04:37,208 - logger.py:50 - Epoch: [298] Target: [1] train MAE: 0.02698, val MAE: 0.21082, test MAE: 0.21388, Time: 387.53s
2023-04-19 07:04:37,208 - logger.py:50 - Best -- epoch=230, train MAE: 0.03199, val MAE: 0.20976, test MAE: 0.21813

2023-04-19 07:04:38,972 - logger.py:50 - Epoch: [299][0/468] 	 loss: 0.01172, MAE: 0.01901, time/step=1762ms, lr=1.01e-06
2023-04-19 07:05:02,284 - logger.py:50 - Epoch: [150][200/468] 	 loss: 0.03237, MAE: 0.05253, time/step=804ms, lr=2.51e-04
2023-04-19 07:05:58,058 - logger.py:50 - Epoch: [299][100/468] 	 loss: 0.01690, MAE: 0.02743, time/step=800ms, lr=1.01e-06
2023-04-19 07:06:23,052 - logger.py:50 - Epoch: [150][300/468] 	 loss: 0.03303, MAE: 0.05360, time/step=805ms, lr=2.51e-04
2023-04-19 07:07:18,782 - logger.py:50 - Epoch: [299][200/468] 	 loss: 0.01682, MAE: 0.02729, time/step=804ms, lr=1.01e-06
2023-04-19 07:07:43,435 - logger.py:50 - Epoch: [150][400/468] 	 loss: 0.03314, MAE: 0.05379, time/step=805ms, lr=2.51e-04
2023-04-19 07:08:37,454 - logger.py:50 - Epoch: [150][467/468] 	 loss: 0.03330, MAE: 0.05405, time/step=805ms, lr=2.51e-04
2023-04-19 07:08:38,352 - logger.py:50 - Epoch: [299][300/468] 	 loss: 0.01665, MAE: 0.02702, time/step=801ms, lr=1.01e-06
2023-04-19 07:08:51,387 - logger.py:50 - Epoch: [150] Target: [1] train MAE: 0.05405, val MAE: 0.21763, test MAE: 0.22991, Time: 390.67s
2023-04-19 07:08:51,387 - logger.py:50 - Best -- epoch=145, train MAE: 0.05694, val MAE: 0.21562, test MAE: 0.22636

2023-04-19 07:08:52,581 - logger.py:50 - Epoch: [151][0/468] 	 loss: 0.02124, MAE: 0.03447, time/step=1192ms, lr=2.48e-04
2023-04-19 07:09:58,340 - logger.py:50 - Epoch: [299][400/468] 	 loss: 0.01667, MAE: 0.02706, time/step=801ms, lr=1.01e-06
2023-04-19 07:10:12,943 - logger.py:50 - Epoch: [151][100/468] 	 loss: 0.03365, MAE: 0.05461, time/step=807ms, lr=2.48e-04
2023-04-19 07:10:52,273 - logger.py:50 - Epoch: [299][467/468] 	 loss: 0.01666, MAE: 0.02704, time/step=801ms, lr=1.01e-06
2023-04-19 07:11:04,975 - logger.py:50 - Epoch: [299] Target: [1] train MAE: 0.02704, val MAE: 0.21056, test MAE: 0.21333, Time: 387.77s
2023-04-19 07:11:04,975 - logger.py:50 - Best -- epoch=230, train MAE: 0.03199, val MAE: 0.20976, test MAE: 0.21813

2023-04-19 07:11:33,586 - logger.py:50 - Epoch: [151][200/468] 	 loss: 0.03321, MAE: 0.05390, time/step=807ms, lr=2.48e-04
2023-04-19 07:12:53,991 - logger.py:50 - Epoch: [151][300/468] 	 loss: 0.03336, MAE: 0.05414, time/step=806ms, lr=2.48e-04
2023-04-19 07:14:13,688 - logger.py:50 - Epoch: [151][400/468] 	 loss: 0.03344, MAE: 0.05427, time/step=804ms, lr=2.48e-04
2023-04-19 07:15:07,137 - logger.py:50 - Epoch: [151][467/468] 	 loss: 0.03316, MAE: 0.05382, time/step=803ms, lr=2.48e-04
2023-04-19 07:15:21,125 - logger.py:50 - Epoch: [151] Target: [1] train MAE: 0.05382, val MAE: 0.21931, test MAE: 0.22356, Time: 389.74s
2023-04-19 07:15:21,125 - logger.py:50 - Best -- epoch=145, train MAE: 0.05694, val MAE: 0.21562, test MAE: 0.22636

2023-04-19 07:15:22,232 - logger.py:50 - Epoch: [152][0/468] 	 loss: 0.03068, MAE: 0.04979, time/step=1104ms, lr=2.45e-04
2023-04-19 07:16:42,618 - logger.py:50 - Epoch: [152][100/468] 	 loss: 0.03297, MAE: 0.05351, time/step=807ms, lr=2.45e-04
2023-04-19 07:18:02,524 - logger.py:50 - Epoch: [152][200/468] 	 loss: 0.03283, MAE: 0.05327, time/step=803ms, lr=2.45e-04
2023-04-19 07:19:22,063 - logger.py:50 - Epoch: [152][300/468] 	 loss: 0.03267, MAE: 0.05302, time/step=800ms, lr=2.45e-04
2023-04-19 07:20:42,076 - logger.py:50 - Epoch: [152][400/468] 	 loss: 0.03249, MAE: 0.05272, time/step=800ms, lr=2.45e-04
2023-04-19 07:21:36,257 - logger.py:50 - Epoch: [152][467/468] 	 loss: 0.03255, MAE: 0.05282, time/step=802ms, lr=2.45e-04
2023-04-19 07:21:50,151 - logger.py:50 - Epoch: [152] Target: [1] train MAE: 0.05282, val MAE: 0.21651, test MAE: 0.22225, Time: 389.03s
2023-04-19 07:21:50,151 - logger.py:50 - Best -- epoch=145, train MAE: 0.05694, val MAE: 0.21562, test MAE: 0.22636

2023-04-19 07:21:51,227 - logger.py:50 - Epoch: [153][0/468] 	 loss: 0.02743, MAE: 0.04451, time/step=1074ms, lr=2.43e-04
2023-04-19 07:23:10,776 - logger.py:50 - Epoch: [153][100/468] 	 loss: 0.03195, MAE: 0.05185, time/step=798ms, lr=2.43e-04
2023-04-19 07:24:30,547 - logger.py:50 - Epoch: [153][200/468] 	 loss: 0.03235, MAE: 0.05249, time/step=798ms, lr=2.43e-04
2023-04-19 07:25:51,601 - logger.py:50 - Epoch: [153][300/468] 	 loss: 0.03253, MAE: 0.05279, time/step=802ms, lr=2.43e-04
2023-04-19 07:27:12,292 - logger.py:50 - Epoch: [153][400/468] 	 loss: 0.03245, MAE: 0.05267, time/step=803ms, lr=2.43e-04
2023-04-19 07:28:05,618 - logger.py:50 - Epoch: [153][467/468] 	 loss: 0.03240, MAE: 0.05257, time/step=802ms, lr=2.43e-04
2023-04-19 07:28:19,616 - logger.py:50 - Epoch: [153] Target: [1] train MAE: 0.05257, val MAE: 0.21630, test MAE: 0.22394, Time: 389.46s
2023-04-19 07:28:19,616 - logger.py:50 - Best -- epoch=145, train MAE: 0.05694, val MAE: 0.21562, test MAE: 0.22636

2023-04-19 07:28:20,805 - logger.py:50 - Epoch: [154][0/468] 	 loss: 0.02508, MAE: 0.04069, time/step=1187ms, lr=2.40e-04
2023-04-19 07:29:40,959 - logger.py:50 - Epoch: [154][100/468] 	 loss: 0.03184, MAE: 0.05168, time/step=805ms, lr=2.40e-04
2023-04-19 07:31:00,218 - logger.py:50 - Epoch: [154][200/468] 	 loss: 0.03223, MAE: 0.05231, time/step=799ms, lr=2.40e-04
2023-04-19 07:32:20,207 - logger.py:50 - Epoch: [154][300/468] 	 loss: 0.03270, MAE: 0.05306, time/step=799ms, lr=2.40e-04
2023-04-19 07:33:41,042 - logger.py:50 - Epoch: [154][400/468] 	 loss: 0.03229, MAE: 0.05241, time/step=802ms, lr=2.40e-04
2023-04-19 07:34:34,991 - logger.py:50 - Epoch: [154][467/468] 	 loss: 0.03207, MAE: 0.05204, time/step=802ms, lr=2.40e-04
2023-04-19 07:34:48,917 - logger.py:50 - Epoch: [154] Target: [1] train MAE: 0.05204, val MAE: 0.21633, test MAE: 0.22216, Time: 389.30s
2023-04-19 07:34:48,917 - logger.py:50 - Best -- epoch=145, train MAE: 0.05694, val MAE: 0.21562, test MAE: 0.22636

2023-04-19 07:34:50,013 - logger.py:50 - Epoch: [155][0/468] 	 loss: 0.04326, MAE: 0.07021, time/step=1094ms, lr=2.37e-04
2023-04-19 07:36:09,666 - logger.py:50 - Epoch: [155][100/468] 	 loss: 0.03013, MAE: 0.04889, time/step=799ms, lr=2.37e-04
2023-04-19 07:37:29,244 - logger.py:50 - Epoch: [155][200/468] 	 loss: 0.03163, MAE: 0.05133, time/step=798ms, lr=2.37e-04
2023-04-19 07:38:50,332 - logger.py:50 - Epoch: [155][300/468] 	 loss: 0.03211, MAE: 0.05211, time/step=802ms, lr=2.37e-04
2023-04-19 07:40:10,034 - logger.py:50 - Epoch: [155][400/468] 	 loss: 0.03263, MAE: 0.05295, time/step=801ms, lr=2.37e-04
2023-04-19 07:41:03,584 - logger.py:50 - Epoch: [155][467/468] 	 loss: 0.03235, MAE: 0.05249, time/step=801ms, lr=2.37e-04
2023-04-19 07:41:17,511 - logger.py:50 - Epoch: [155] Target: [1] train MAE: 0.05249, val MAE: 0.22304, test MAE: 0.22064, Time: 388.59s
2023-04-19 07:41:17,511 - logger.py:50 - Best -- epoch=145, train MAE: 0.05694, val MAE: 0.21562, test MAE: 0.22636

2023-04-19 07:41:18,704 - logger.py:50 - Epoch: [156][0/468] 	 loss: 0.02534, MAE: 0.04113, time/step=1190ms, lr=2.35e-04
2023-04-19 07:42:38,611 - logger.py:50 - Epoch: [156][100/468] 	 loss: 0.03050, MAE: 0.04950, time/step=803ms, lr=2.35e-04
2023-04-19 07:43:58,606 - logger.py:50 - Epoch: [156][200/468] 	 loss: 0.03122, MAE: 0.05066, time/step=801ms, lr=2.35e-04
2023-04-19 07:45:18,871 - logger.py:50 - Epoch: [156][300/468] 	 loss: 0.03119, MAE: 0.05062, time/step=802ms, lr=2.35e-04
2023-04-19 07:46:39,563 - logger.py:50 - Epoch: [156][400/468] 	 loss: 0.03142, MAE: 0.05099, time/step=803ms, lr=2.35e-04
2023-04-19 07:47:32,839 - logger.py:50 - Epoch: [156][467/468] 	 loss: 0.03181, MAE: 0.05162, time/step=802ms, lr=2.35e-04
2023-04-19 07:47:46,785 - logger.py:50 - Epoch: [156] Target: [1] train MAE: 0.05162, val MAE: 0.21554, test MAE: 0.21791, Time: 389.27s
2023-04-19 07:47:46,785 - logger.py:50 - Best -- epoch=156, train MAE: 0.05162, val MAE: 0.21554, test MAE: 0.21791

2023-04-19 07:47:47,940 - logger.py:50 - Epoch: [157][0/468] 	 loss: 0.04311, MAE: 0.06997, time/step=1153ms, lr=2.32e-04
2023-04-19 07:49:08,294 - logger.py:50 - Epoch: [157][100/468] 	 loss: 0.03218, MAE: 0.05223, time/step=807ms, lr=2.32e-04
2023-04-19 07:50:27,914 - logger.py:50 - Epoch: [157][200/468] 	 loss: 0.03190, MAE: 0.05177, time/step=802ms, lr=2.32e-04
2023-04-19 07:51:48,263 - logger.py:50 - Epoch: [157][300/468] 	 loss: 0.03162, MAE: 0.05132, time/step=802ms, lr=2.32e-04
2023-04-19 07:53:08,011 - logger.py:50 - Epoch: [157][400/468] 	 loss: 0.03168, MAE: 0.05141, time/step=801ms, lr=2.32e-04
2023-04-19 07:54:01,418 - logger.py:50 - Epoch: [157][467/468] 	 loss: 0.03189, MAE: 0.05175, time/step=800ms, lr=2.32e-04
2023-04-19 07:54:15,376 - logger.py:50 - Epoch: [157] Target: [1] train MAE: 0.05175, val MAE: 0.21747, test MAE: 0.21895, Time: 388.59s
2023-04-19 07:54:15,376 - logger.py:50 - Best -- epoch=156, train MAE: 0.05162, val MAE: 0.21554, test MAE: 0.21791

2023-04-19 07:54:16,554 - logger.py:50 - Epoch: [158][0/468] 	 loss: 0.02705, MAE: 0.04390, time/step=1175ms, lr=2.30e-04
2023-04-19 07:55:36,582 - logger.py:50 - Epoch: [158][100/468] 	 loss: 0.03167, MAE: 0.05139, time/step=804ms, lr=2.30e-04
2023-04-19 07:56:56,408 - logger.py:50 - Epoch: [158][200/468] 	 loss: 0.03141, MAE: 0.05097, time/step=801ms, lr=2.30e-04
2023-04-19 07:58:15,491 - logger.py:50 - Epoch: [158][300/468] 	 loss: 0.03136, MAE: 0.05090, time/step=798ms, lr=2.30e-04
2023-04-19 07:59:36,513 - logger.py:50 - Epoch: [158][400/468] 	 loss: 0.03164, MAE: 0.05135, time/step=801ms, lr=2.30e-04
2023-04-19 08:00:30,004 - logger.py:50 - Epoch: [158][467/468] 	 loss: 0.03167, MAE: 0.05140, time/step=800ms, lr=2.30e-04
2023-04-19 08:00:43,952 - logger.py:50 - Epoch: [158] Target: [1] train MAE: 0.05140, val MAE: 0.21843, test MAE: 0.21986, Time: 388.58s
2023-04-19 08:00:43,952 - logger.py:50 - Best -- epoch=156, train MAE: 0.05162, val MAE: 0.21554, test MAE: 0.21791

2023-04-19 08:00:45,129 - logger.py:50 - Epoch: [159][0/468] 	 loss: 0.03555, MAE: 0.05769, time/step=1174ms, lr=2.27e-04
2023-04-19 08:02:05,612 - logger.py:50 - Epoch: [159][100/468] 	 loss: 0.03032, MAE: 0.04921, time/step=808ms, lr=2.27e-04
2023-04-19 08:03:25,440 - logger.py:50 - Epoch: [159][200/468] 	 loss: 0.03093, MAE: 0.05020, time/step=803ms, lr=2.27e-04
2023-04-19 08:04:45,041 - logger.py:50 - Epoch: [159][300/468] 	 loss: 0.03101, MAE: 0.05033, time/step=801ms, lr=2.27e-04
2023-04-19 08:06:04,836 - logger.py:50 - Epoch: [159][400/468] 	 loss: 0.03100, MAE: 0.05031, time/step=800ms, lr=2.27e-04
2023-04-19 08:06:58,707 - logger.py:50 - Epoch: [159][467/468] 	 loss: 0.03111, MAE: 0.05048, time/step=801ms, lr=2.27e-04
2023-04-19 08:07:12,663 - logger.py:50 - Epoch: [159] Target: [1] train MAE: 0.05048, val MAE: 0.22140, test MAE: 0.22204, Time: 388.71s
2023-04-19 08:07:12,663 - logger.py:50 - Best -- epoch=156, train MAE: 0.05162, val MAE: 0.21554, test MAE: 0.21791

2023-04-19 08:07:13,836 - logger.py:50 - Epoch: [160][0/468] 	 loss: 0.02548, MAE: 0.04135, time/step=1171ms, lr=2.24e-04
2023-04-19 08:08:34,941 - logger.py:50 - Epoch: [160][100/468] 	 loss: 0.02957, MAE: 0.04798, time/step=815ms, lr=2.24e-04
2023-04-19 08:09:55,280 - logger.py:50 - Epoch: [160][200/468] 	 loss: 0.03031, MAE: 0.04920, time/step=809ms, lr=2.24e-04
2023-04-19 08:11:15,323 - logger.py:50 - Epoch: [160][300/468] 	 loss: 0.03046, MAE: 0.04943, time/step=806ms, lr=2.24e-04
2023-04-19 08:12:34,843 - logger.py:50 - Epoch: [160][400/468] 	 loss: 0.03053, MAE: 0.04955, time/step=803ms, lr=2.24e-04
2023-04-19 08:13:28,422 - logger.py:50 - Epoch: [160][467/468] 	 loss: 0.03077, MAE: 0.04993, time/step=803ms, lr=2.24e-04
2023-04-19 08:13:42,328 - logger.py:50 - Epoch: [160] Target: [1] train MAE: 0.04993, val MAE: 0.21647, test MAE: 0.21979, Time: 389.67s
2023-04-19 08:13:42,328 - logger.py:50 - Best -- epoch=156, train MAE: 0.05162, val MAE: 0.21554, test MAE: 0.21791

2023-04-19 08:13:43,584 - logger.py:50 - Epoch: [161][0/468] 	 loss: 0.03112, MAE: 0.05050, time/step=1254ms, lr=2.22e-04
2023-04-19 08:15:02,734 - logger.py:50 - Epoch: [161][100/468] 	 loss: 0.03098, MAE: 0.05028, time/step=796ms, lr=2.22e-04
2023-04-19 08:16:25,343 - logger.py:50 - Epoch: [161][200/468] 	 loss: 0.03126, MAE: 0.05074, time/step=811ms, lr=2.22e-04
2023-04-19 08:17:45,537 - logger.py:50 - Epoch: [161][300/468] 	 loss: 0.03147, MAE: 0.05108, time/step=808ms, lr=2.22e-04
2023-04-19 08:19:05,275 - logger.py:50 - Epoch: [161][400/468] 	 loss: 0.03120, MAE: 0.05064, time/step=805ms, lr=2.22e-04
2023-04-19 08:19:59,650 - logger.py:50 - Epoch: [161][467/468] 	 loss: 0.03101, MAE: 0.05033, time/step=806ms, lr=2.22e-04
2023-04-19 08:20:13,586 - logger.py:50 - Epoch: [161] Target: [1] train MAE: 0.05033, val MAE: 0.21467, test MAE: 0.22097, Time: 391.26s
2023-04-19 08:20:13,587 - logger.py:50 - Best -- epoch=161, train MAE: 0.05033, val MAE: 0.21467, test MAE: 0.22097

2023-04-19 08:20:14,794 - logger.py:50 - Epoch: [162][0/468] 	 loss: 0.03103, MAE: 0.05035, time/step=1204ms, lr=2.19e-04
2023-04-19 08:21:34,338 - logger.py:50 - Epoch: [162][100/468] 	 loss: 0.02907, MAE: 0.04718, time/step=799ms, lr=2.19e-04
2023-04-19 08:22:54,992 - logger.py:50 - Epoch: [162][200/468] 	 loss: 0.02983, MAE: 0.04840, time/step=803ms, lr=2.19e-04
2023-04-19 08:24:14,615 - logger.py:50 - Epoch: [162][300/468] 	 loss: 0.03007, MAE: 0.04880, time/step=801ms, lr=2.19e-04
2023-04-19 08:25:35,016 - logger.py:50 - Epoch: [162][400/468] 	 loss: 0.03005, MAE: 0.04876, time/step=802ms, lr=2.19e-04
2023-04-19 08:26:28,917 - logger.py:50 - Epoch: [162][467/468] 	 loss: 0.03015, MAE: 0.04892, time/step=802ms, lr=2.19e-04
2023-04-19 08:26:42,829 - logger.py:50 - Epoch: [162] Target: [1] train MAE: 0.04892, val MAE: 0.21536, test MAE: 0.21999, Time: 389.24s
2023-04-19 08:26:42,829 - logger.py:50 - Best -- epoch=161, train MAE: 0.05033, val MAE: 0.21467, test MAE: 0.22097

2023-04-19 08:26:44,006 - logger.py:50 - Epoch: [163][0/468] 	 loss: 0.02269, MAE: 0.03682, time/step=1175ms, lr=2.17e-04
2023-04-19 08:28:04,040 - logger.py:50 - Epoch: [163][100/468] 	 loss: 0.03102, MAE: 0.05035, time/step=804ms, lr=2.17e-04
2023-04-19 08:29:24,361 - logger.py:50 - Epoch: [163][200/468] 	 loss: 0.03082, MAE: 0.05002, time/step=804ms, lr=2.17e-04
2023-04-19 08:30:44,236 - logger.py:50 - Epoch: [163][300/468] 	 loss: 0.03044, MAE: 0.04940, time/step=802ms, lr=2.17e-04
2023-04-19 08:32:03,908 - logger.py:50 - Epoch: [163][400/468] 	 loss: 0.03038, MAE: 0.04930, time/step=801ms, lr=2.17e-04
2023-04-19 08:32:57,445 - logger.py:50 - Epoch: [163][467/468] 	 loss: 0.03039, MAE: 0.04931, time/step=800ms, lr=2.17e-04
2023-04-19 08:33:11,392 - logger.py:50 - Epoch: [163] Target: [1] train MAE: 0.04931, val MAE: 0.21715, test MAE: 0.22096, Time: 388.56s
2023-04-19 08:33:11,392 - logger.py:50 - Best -- epoch=161, train MAE: 0.05033, val MAE: 0.21467, test MAE: 0.22097

2023-04-19 08:33:12,638 - logger.py:50 - Epoch: [164][0/468] 	 loss: 0.02449, MAE: 0.03974, time/step=1243ms, lr=2.14e-04
2023-04-19 08:34:32,388 - logger.py:50 - Epoch: [164][100/468] 	 loss: 0.03056, MAE: 0.04959, time/step=802ms, lr=2.14e-04
2023-04-19 08:35:51,758 - logger.py:50 - Epoch: [164][200/468] 	 loss: 0.03031, MAE: 0.04919, time/step=798ms, lr=2.14e-04
2023-04-19 08:37:11,826 - logger.py:50 - Epoch: [164][300/468] 	 loss: 0.03010, MAE: 0.04885, time/step=799ms, lr=2.14e-04
2023-04-19 08:38:31,727 - logger.py:50 - Epoch: [164][400/468] 	 loss: 0.03002, MAE: 0.04872, time/step=799ms, lr=2.14e-04
2023-04-19 08:39:26,926 - logger.py:50 - Epoch: [164][467/468] 	 loss: 0.03002, MAE: 0.04871, time/step=802ms, lr=2.14e-04
2023-04-19 08:39:41,029 - logger.py:50 - Epoch: [164] Target: [1] train MAE: 0.04871, val MAE: 0.21436, test MAE: 0.21970, Time: 389.64s
2023-04-19 08:39:41,029 - logger.py:50 - Best -- epoch=164, train MAE: 0.04871, val MAE: 0.21436, test MAE: 0.21970

2023-04-19 08:39:42,342 - logger.py:50 - Epoch: [165][0/468] 	 loss: 0.02496, MAE: 0.04051, time/step=1310ms, lr=2.11e-04
2023-04-19 08:41:02,897 - logger.py:50 - Epoch: [165][100/468] 	 loss: 0.02873, MAE: 0.04663, time/step=811ms, lr=2.11e-04
2023-04-19 08:42:22,205 - logger.py:50 - Epoch: [165][200/468] 	 loss: 0.02875, MAE: 0.04666, time/step=802ms, lr=2.11e-04
2023-04-19 08:43:42,408 - logger.py:50 - Epoch: [165][300/468] 	 loss: 0.02879, MAE: 0.04672, time/step=802ms, lr=2.11e-04
2023-04-19 08:45:02,094 - logger.py:50 - Epoch: [165][400/468] 	 loss: 0.02939, MAE: 0.04769, time/step=801ms, lr=2.11e-04
2023-04-19 08:45:55,922 - logger.py:50 - Epoch: [165][467/468] 	 loss: 0.02949, MAE: 0.04786, time/step=801ms, lr=2.11e-04
2023-04-19 08:46:09,890 - logger.py:50 - Epoch: [165] Target: [1] train MAE: 0.04786, val MAE: 0.21901, test MAE: 0.22082, Time: 388.86s
2023-04-19 08:46:09,890 - logger.py:50 - Best -- epoch=164, train MAE: 0.04871, val MAE: 0.21436, test MAE: 0.21970

2023-04-19 08:46:11,006 - logger.py:50 - Epoch: [166][0/468] 	 loss: 0.03208, MAE: 0.05206, time/step=1114ms, lr=2.09e-04
2023-04-19 08:47:30,538 - logger.py:50 - Epoch: [166][100/468] 	 loss: 0.02997, MAE: 0.04864, time/step=798ms, lr=2.09e-04
2023-04-19 08:48:50,505 - logger.py:50 - Epoch: [166][200/468] 	 loss: 0.03017, MAE: 0.04896, time/step=799ms, lr=2.09e-04
2023-04-19 08:50:11,041 - logger.py:50 - Epoch: [166][300/468] 	 loss: 0.02979, MAE: 0.04835, time/step=801ms, lr=2.09e-04
2023-04-19 08:51:30,757 - logger.py:50 - Epoch: [166][400/468] 	 loss: 0.02979, MAE: 0.04834, time/step=800ms, lr=2.09e-04
2023-04-19 08:52:24,406 - logger.py:50 - Epoch: [166][467/468] 	 loss: 0.02994, MAE: 0.04858, time/step=800ms, lr=2.09e-04
2023-04-19 08:52:38,323 - logger.py:50 - Epoch: [166] Target: [1] train MAE: 0.04858, val MAE: 0.21874, test MAE: 0.22412, Time: 388.43s
2023-04-19 08:52:38,324 - logger.py:50 - Best -- epoch=164, train MAE: 0.04871, val MAE: 0.21436, test MAE: 0.21970

2023-04-19 08:52:39,594 - logger.py:50 - Epoch: [167][0/468] 	 loss: 0.04569, MAE: 0.07416, time/step=1268ms, lr=2.06e-04
2023-04-19 08:53:59,965 - logger.py:50 - Epoch: [167][100/468] 	 loss: 0.02916, MAE: 0.04733, time/step=808ms, lr=2.06e-04
2023-04-19 08:55:20,472 - logger.py:50 - Epoch: [167][200/468] 	 loss: 0.02944, MAE: 0.04778, time/step=807ms, lr=2.06e-04
2023-04-19 08:56:40,104 - logger.py:50 - Epoch: [167][300/468] 	 loss: 0.02914, MAE: 0.04729, time/step=803ms, lr=2.06e-04
2023-04-19 08:57:59,633 - logger.py:50 - Epoch: [167][400/468] 	 loss: 0.02910, MAE: 0.04723, time/step=801ms, lr=2.06e-04
2023-04-19 08:58:53,469 - logger.py:50 - Epoch: [167][467/468] 	 loss: 0.02921, MAE: 0.04741, time/step=802ms, lr=2.06e-04
2023-04-19 08:59:07,812 - logger.py:50 - Epoch: [167] Target: [1] train MAE: 0.04741, val MAE: 0.21997, test MAE: 0.22370, Time: 389.49s
2023-04-19 08:59:07,813 - logger.py:50 - Best -- epoch=164, train MAE: 0.04871, val MAE: 0.21436, test MAE: 0.21970

2023-04-19 08:59:08,943 - logger.py:50 - Epoch: [168][0/468] 	 loss: 0.02294, MAE: 0.03722, time/step=1129ms, lr=2.04e-04
2023-04-19 09:00:28,999 - logger.py:50 - Epoch: [168][100/468] 	 loss: 0.02880, MAE: 0.04674, time/step=804ms, lr=2.04e-04
2023-04-19 09:01:48,526 - logger.py:50 - Epoch: [168][200/468] 	 loss: 0.02836, MAE: 0.04603, time/step=800ms, lr=2.04e-04
2023-04-19 09:03:09,539 - logger.py:50 - Epoch: [168][300/468] 	 loss: 0.02845, MAE: 0.04617, time/step=803ms, lr=2.04e-04
2023-04-19 09:04:29,699 - logger.py:50 - Epoch: [168][400/468] 	 loss: 0.02877, MAE: 0.04668, time/step=803ms, lr=2.04e-04
2023-04-19 09:05:23,162 - logger.py:50 - Epoch: [168][467/468] 	 loss: 0.02914, MAE: 0.04729, time/step=802ms, lr=2.04e-04
2023-04-19 09:05:37,104 - logger.py:50 - Epoch: [168] Target: [1] train MAE: 0.04729, val MAE: 0.21606, test MAE: 0.21837, Time: 389.29s
2023-04-19 09:05:37,104 - logger.py:50 - Best -- epoch=164, train MAE: 0.04871, val MAE: 0.21436, test MAE: 0.21970

2023-04-19 09:05:38,227 - logger.py:50 - Epoch: [169][0/468] 	 loss: 0.01814, MAE: 0.02943, time/step=1120ms, lr=2.01e-04
2023-04-19 09:06:58,743 - logger.py:50 - Epoch: [169][100/468] 	 loss: 0.03017, MAE: 0.04896, time/step=808ms, lr=2.01e-04
2023-04-19 09:08:18,528 - logger.py:50 - Epoch: [169][200/468] 	 loss: 0.02931, MAE: 0.04757, time/step=803ms, lr=2.01e-04
2023-04-19 09:09:38,027 - logger.py:50 - Epoch: [169][300/468] 	 loss: 0.02943, MAE: 0.04777, time/step=800ms, lr=2.01e-04
2023-04-19 09:10:57,604 - logger.py:50 - Epoch: [169][400/468] 	 loss: 0.02907, MAE: 0.04717, time/step=799ms, lr=2.01e-04
2023-04-19 09:11:51,650 - logger.py:50 - Epoch: [169][467/468] 	 loss: 0.02890, MAE: 0.04690, time/step=800ms, lr=2.01e-04
2023-04-19 09:12:05,611 - logger.py:50 - Epoch: [169] Target: [1] train MAE: 0.04690, val MAE: 0.21920, test MAE: 0.22265, Time: 388.51s
2023-04-19 09:12:05,612 - logger.py:50 - Best -- epoch=164, train MAE: 0.04871, val MAE: 0.21436, test MAE: 0.21970

2023-04-19 09:12:06,834 - logger.py:50 - Epoch: [170][0/468] 	 loss: 0.02319, MAE: 0.03764, time/step=1220ms, lr=1.99e-04
2023-04-19 09:13:27,052 - logger.py:50 - Epoch: [170][100/468] 	 loss: 0.02757, MAE: 0.04474, time/step=806ms, lr=1.99e-04
2023-04-19 09:14:46,770 - logger.py:50 - Epoch: [170][200/468] 	 loss: 0.02752, MAE: 0.04466, time/step=802ms, lr=1.99e-04
2023-04-19 09:16:06,720 - logger.py:50 - Epoch: [170][300/468] 	 loss: 0.02807, MAE: 0.04556, time/step=801ms, lr=1.99e-04
2023-04-19 09:17:27,549 - logger.py:50 - Epoch: [170][400/468] 	 loss: 0.02816, MAE: 0.04570, time/step=803ms, lr=1.99e-04
